concept_id,english,o013_o014_preferred_id,variants,first_o014_unit,link_status,notes
math.algebra.ring,ring,gelanggang,ring,o014.aljabr2.prelude.linear-algebra,reserved_shared_id,O013 prerequisite
math.algebra.module,module,modul,,o014.aljabr2.prelude.linear-algebra,reserved_shared_id,O013 prerequisite
math.algebra.field,field,lapangan,medan,o014.aljabr2.prelude.linear-algebra,reserved_shared_id,O013 prerequisite
math.algebra.abelian_group,abelian group,grup abelian,grup Abel,o014.aljabr2.prelude.linear-algebra,reserved_shared_id,O013 prerequisite
math.category.category,category,kategori,,o014.aljabr2.prelude,reserved_shared_id,O013 prerequisite
math.category.functor,functor,funktor,fungtor,o014.aljabr2.prelude,reserved_shared_id,O013 coordination settled funktor; ITB 2012 and UNDIP 2016 witnesses plus UGM 2022 curriculum attest fungtor; retain the coordinated modernized preferred spelling and the field spelling as an active variant
math.category.natural_transformation,natural transformation,transformasi alami,transformasi natural,,reserved_shared_id,O013 coordination; UGM 2022 category-theory curriculum attests transformasi natural while another Indonesian category-theory thesis contents page attests transformasi alami; genuine field variation
math.category.monoidal_category,monoidal category,kategori monoidal,,,reserved_shared_id,O013 coordination
math.category.limit,limit,limit,,,reserved_shared_id,O013 coordination
math.category.representability,representability,keterwakilan,representabilitas,,reserved_shared_id,O013 coordination
math.category.enrichment,enriched category/enrichment,pengayaan kategori,kategori diperkaya,,reserved_shared_id,O013 coordination
math.algebra.tensor_product,tensor product,hasil kali tensor,produk tensor,,reserved_shared_id,O013 coordination; UNDIP/UNY 2010 module-algebra paper repeatedly attests hasil kali tensor
math.analysis.completion,completion,pelengkapan,kompletisasi,,reserved_shared_id,O013 coordination; pelengkapan is field-attested in an Indonesian mathematics title; kompletisasi retained as a search variant
math.algebra.submodule,submodule,submodul,,o014.aljabr2.prelude.linear-algebra,reserved_shared_id,O013 prerequisite
math.algebra.quotient_module,quotient module,modul kuosien,modul hasil bagi,o014.aljabr2.prelude.linear-algebra,reserved_shared_id,O013 prerequisite
math.algebra.module_homomorphism,module homomorphism,homomorfisme modul,homomorfisma modul,o014.aljabr2.prelude.linear-algebra,reserved_shared_id,O013 prerequisite; Suryanto et al. 2016 official UNDIP witness attests homomorfisma modul; preferred form retained
math.category.morphism,morphism,morfisme,morfisma,,reserved_shared_id,Use morfisme unless O013 later overrides globally; ITB 2012 comparator attests morfisma
math.category.kernel,kernel,kernel,kern,o014.aljabr2.prelude.linear-algebra,reserved_shared_id,O013 prerequisite
math.category.cokernel,cokernel,kokernel,kokern,o014.aljabr2.prelude.linear-algebra,reserved_shared_id,O013 prerequisite
math.category.image,image,citra,,o014.aljabr2.prelude.linear-algebra,reserved_shared_id,O013 prerequisite
math.algebra.vector_space,vector space,ruang vektor,,o014.aljabr2.prelude.linear-algebra,reserved_shared_id,O013 prerequisite
math.homological.cochain_complex,cochain complex,kompleks kokrantai,kompleks kokantai,o014.aljabr2.prelude.linear-algebra,o014_new,English gloss on first use
math.homological.chain_complex,chain complex,kompleks rantai,rantai kompleks,o014.aljabr2.prelude.linear-algebra,o014_new,ITB 2020 bilingual abstract attests rantai kompleks; preferred head-first form retained
math.homological.differential,differential,diferensial,,,o014_reserved,Reserved for first actual lexical use; Unit 001 does not name d as a differential
math.homological.cohomology,cohomology,kohomologi,,o014.aljabr2.prelude.linear-algebra,o014_new,
math.homological.homology,homology,homologi,,o014.aljabr2.prelude.linear-algebra,o014_new,
math.homological.exact_sequence,exact sequence,barisan eksak,urutan eksak,o014.aljabr2.prelude.linear-algebra,reserved_shared_id,O013 Volume 1 section 6.8
math.homological.acyclic_complex,acyclic complex,kompleks asiklik,kompleks tanpa homologi,o014.aljabr2.prelude.linear-algebra,o014_new,
math.homological.abelian_category,abelian category,kategori abelian,kategori abel; kategori Abel,o014.aljabr2.prelude.linear-algebra,o014_new,ITB 2020 bilingual abstract attests kategori abel; coordinated preferred form retained
math.homological.homological_algebra,homological algebra,aljabar homologis,aljabar homologi,o014.aljabr2.prelude.linear-algebra,o014_new,ITB 2020 bilingual abstract attests aljabar homologi; adjectival preferred form retained
math.topology.genus,genus,genus,,o014.aljabr2.prelude.homology-history,o014_new,
math.topology.betti_number,Betti number,bilangan Betti,,o014.aljabr2.prelude.homology-history,o014_new,
math.algebra.torsion,torsion,torsi,,o014.aljabr2.prelude.homology-history,o014_new,
math.topology.topological_invariant,topological invariant,invarian topologis,,o014.aljabr2.prelude.homology-history,o014_new,
math.homological.universal_coefficient_theorem,universal coefficient theorem,teorema koefisien universal,,o014.aljabr2.prelude.homology-history,o014_new,
math.homological.cup_product,cup product,hasil kali cup,produk cup,o014.aljabr2.prelude.homology-history,o014_new,English gloss retained at first use
math.homotopy.aspherical_space,aspherical space,ruang asferis,,o014.aljabr2.prelude.homology-history,o014_new,
math.homotopy.homotopy_group,homotopy group,grup homotopi,,o014.aljabr2.prelude.homology-history,o014_new,
math.homological.group_cohomology,group cohomology,kohomologi grup,,o014.aljabr2.prelude.homology-history,o014_new,
math.algebra.syzygy,syzygy,sizigi,,o014.aljabr2.prelude.homology-history,o014_new,
math.homological.free_resolution,free resolution,resolusi bebas,,o014.aljabr2.prelude.homology-history,o014_new,
math.homological.group_extension,group extension,ekstensi grup,perluasan grup,o014.aljabr2.prelude.homology-history,o014_new,Variant gloss retained at first use
math.algebra.derivation,derivation,derivasi,,o014.aljabr2.prelude.homology-history,o014_new,
math.algebra.inner_derivation,inner derivation,derivasi dalam,,o014.aljabr2.prelude.homology-history,o014_new,Used in disclosed source correction O014-C001
math.homological.hochschild_homology,Hochschild homology,homologi Hochschild,,o014.aljabr2.prelude.homology-history,o014_new,
math.homological.hochschild_cohomology,Hochschild cohomology,kohomologi Hochschild,,o014.aljabr2.prelude.homology-history,o014_new,
math.algebra.bimodule,bimodule,bimodul,,o014.aljabr2.prelude.homology-history,o014_new,
math.geometry.sheaf,sheaf,berkas,,o014.aljabr2.prelude.homology-history,o014_new,
math.homological.spectral_sequence,spectral sequence,barisan spektral,,o014.aljabr2.prelude.homology-history,o014_new,
math.homological.sheaf_cohomology,sheaf cohomology,kohomologi berkas,,o014.aljabr2.prelude.homology-history,o014_new,
math.homological.injective_module,injective module,modul injektif,,o014.aljabr2.prelude.homology-history,o014_new,
math.homological.projective_module,projective module,modul projektif,,o014.aljabr2.prelude.homology-history,o014_new,
math.homological.injective_resolution,injective resolution,resolusi injektif,,o014.aljabr2.prelude.homology-history,o014_new,
math.homological.projective_resolution,projective resolution,resolusi projektif,,o014.aljabr2.prelude.homology-history,o014_new,
math.homological.derived_functor,derived functor,funktor turunan,,o014.aljabr2.prelude.homology-history,o014_new,
math.category.additive_category,additive category,kategori aditif,,o014.aljabr2.prelude.homology-history,o014_new,
math.category.strict_morphism,strict morphism,morfisme ketat,,o014.aljabr2.prelude.homology-history,o014_new,
math.homological.delta_functor,delta-functor,funktor-δ,,o014.aljabr2.prelude.homology-history,o014_new,
math.category.grothendieck_category,Grothendieck category,kategori Grothendieck,,o014.aljabr2.prelude.homology-history,o014_new,
math.homological.derived_category,derived category,kategori turunan,kategori bentukan,o014.aljabr2.prelude.homology-history,o014_new,ITB 2020 bilingual abstract attests kategori bentukan; turunan retained for precision and alignment with funktor turunan
math.homological.quasi_isomorphism,quasi-isomorphism,kuasi-isomorfisme,,o014.aljabr2.prelude.homology-history,o014_new,
math.category.localization,categorical localization,lokalisasi kategoris,,o014.aljabr2.prelude.homology-history,o014_new,
math.homological.distinguished_triangle,distinguished triangle,segitiga terbedakan,segitiga eksak,o014.aljabr2.prelude.homology-history,o014_provisional,English gloss retained at first use; Unit 048 records the source's explicit exact-triangle alias; coordinate with O013 before shared reservation
math.homological.shift,shift,pergeseran,,o014.aljabr2.prelude.homology-history,o014_new,
math.homological.triangulated_category,triangulated category,kategori bertriangulasi,kategori triangulasi; kategori tersegitigakan,o014.aljabr2.prelude.homology-history,o014_provisional,ITB 2020 bilingual abstract attests kategori tersegitigakan; English gloss retained at first use and coordinate with O013 before shared reservation
math.homotopy.cofiber_sequence,cofiber sequence,barisan kofiber,,o014.aljabr2.prelude.homology-history,o014_provisional,English gloss retained at first use; coordinate with O013 before shared reservation
math.homological.octahedral_axiom,octahedral axiom,aksioma oktahedral,,o014.aljabr2.prelude.homology-history,o014_new,
math.homological.derived_equivalence,derived equivalence,ekuivalensi turunan,,o014.aljabr2.prelude.homology-history,o014_new,
math.simplicial.simplicial_set,simplicial set,himpunan simplisial,,o014.aljabr2.prelude.homology-history,o014_new,
math.simplicial.simplicial_object,simplicial object,objek simplisial,,o014.aljabr2.prelude.homology-history,o014_new,
math.simplicial.nerve,nerve,saraf,,o014.aljabr2.prelude.homology-history,o014_provisional,English gloss retained at first use; avoid collision with sheaf
math.simplicial.dold_kan_correspondence,Dold-Kan correspondence,korespondensi Dold-Kan,,o014.aljabr2.prelude.homology-history,o014_new,
math.category.adjoint_equivalence,adjoint equivalence,ekuivalensi adjoin,,o014.aljabr2.prelude.homology-history,o014_new,
math.homological.bar_construction,bar construction,konstruksi bar,,o014.aljabr2.prelude.homology-history,o014_new,
math.homotopy.homotopical_algebra,homotopical algebra,aljabar homotopik,aljabar homotopi,o014.aljabr2.prelude.homology-history,o014_provisional,Use adjectival form to distinguish homotopical algebra from a homotopy algebra
math.ktheory.higher_k_theory,higher K-theory,teori K tingkat tinggi,,o014.aljabr2.prelude.homology-history,o014_new,
math.category.infinity_category,infinity-category,kategori-∞,kategori tak hingga,o014.aljabr2.prelude.homology-history,o014_provisional,Typeset in TeX as kategori-$\infty$
math.homological.complex,complex,kompleks,,o014.aljabr2.prelude.linear-algebra,o014_new,Generic complex first occurs in Unit 001; specialized chain and cochain forms remain separate entries
math.homological.t_structure,t-structure,struktur-t,struktur t,o014.aljabr2.prelude.book-purpose,o014_provisional,Retain the international symbol t
math.representation.tilting_theory,tilting theory,teori tilting,,o014.aljabr2.prelude.book-purpose,o014_provisional,English technical term retained
math.category.dg_category,dg-category,kategori-dg,kategori dg,o014.aljabr2.prelude.book-purpose,o014_provisional,Retain the standard abbreviation dg
math.category.monad_theory,monad theory,teori monad,,o014.aljabr2.prelude.book-purpose,o014_new,
math.higher.higher_algebra,higher algebra,aljabar tingkat tinggi,aljabar lanjut,o014.aljabr2.prelude.book-purpose,o014_provisional,Both source labels retained at first use with English gloss
math.category.functor_category,functor category,kategori funktor,,o014.aljabr2.prelude.book-purpose,o014_new,
math.category.serre_quotient,Serre quotient,kuosien Serre,,o014.aljabr2.prelude.book-purpose,o014_new,
math.category.diagram_chase,diagram chase,pengejaran diagram,,o014.aljabr2.prelude.book-purpose,o014_provisional,English gloss retained at first use
math.category.small_category,small category,kategori kecil,,o014.aljabr2.prelude.book-purpose,o014_new,
math.category.fully_faithful,fully faithful,penuh dan setia,setia penuh,o014.aljabr2.prelude.book-purpose,o014_provisional,Use the coordinated two-adjective formulation
math.category.exact_embedding,exact embedding,pembenaman eksak,,o014.aljabr2.prelude.book-purpose,o014_new,
math.category.freyd_mitchell_theorem,Freyd-Mitchell embedding theorem,teorema pembenaman Freyd-Mitchell,,o014.aljabr2.prelude.book-purpose,o014_new,
pedagogy.exercise,exercise,latihan,soal latihan,o014.aljabr2.prelude.reader-guide,o014_new,
pedagogy.hint,hint,petunjuk,isyarat,o014.aljabr2.prelude.reader-guide,o014_new,Use petunjuk for source-provided exercise hints
publishing.cross_reference,cross-reference,rujuk silang,referensi silang,o014.aljabr2.prelude.reader-guide,o014_new,
publishing.modular_writing,modular writing,penulisan modular,,o014.aljabr2.prelude.reader-guide,o014_new,Not the algebraic sense of module
pedagogy.optional_reading,optional reading,bacaan pilihan,bacaan opsional,o014.aljabr2.prelude.reader-guide,o014_new,
pedagogy.reading_guidance,reading guidance,Petunjuk Bacaan,panduan membaca,o014.aljabr2.prelude.reader-guide,o014_new,Formal recurring source heading
math.category.category_theory,category theory,teori kategori,,o014.aljabr2.prelude.reader-guide,o014_new,
math.category.object,object,objek,obyek,o014.aljabr2.prelude.reader-guide,o014_new,Suryanto et al. 2016 official UNDIP witness attests obyek; preferred form retained
math.set_theory.set,set,himpunan,,o014.aljabr2.prelude.reader-guide,o014_new,
math.set_theory.class,class,kelas,,o014.aljabr2.prelude.reader-guide,o014_new,
math.set_theory.proper_class,proper class,kelas sejati,,o014.aljabr2.prelude.reader-guide,o014_provisional,English gloss retained at first use
math.set_theory.grothendieck_universe,Grothendieck universe,semesta Grothendieck,,o014.aljabr2.prelude.reader-guide,o014_provisional,English gloss retained at first use
math.set_theory.strongly_inaccessible_cardinal,strongly inaccessible cardinal,kardinal tak terjangkau kuat,kardinal tak terakses kuat,o014.aljabr2.prelude.reader-guide,o014_provisional,English gloss retained at first use; attested Indonesian mathematical usage prefers tak terjangkau
math.probability.probability_theory,probability theory,teori probabilitas,teori peluang,o014.aljabr2.prelude.reader-guide,o014_new,
math.measure.measure_theory,measure theory,teori ukuran,,o014.aljabr2.prelude.reader-guide,o014_new,
math.category.kan_extension,Kan extension,ekstensi Kan,perluasan Kan,o014.aljabr2.prelude.structure-overview,o014_provisional,English gloss retained at first use
math.category.gabriel_zisman_localization,Gabriel-Zisman localization,lokalisasi Gabriel-Zisman,,o014.aljabr2.prelude.structure-overview,o014_new,
math.homological.bicomplex,bicomplex,bikompleks,kompleks ganda,o014.aljabr2.prelude.structure-overview,o014_new,No exact Indonesian attestation was located in the bounded arXiv-first and institutional fallback search through Unit 036; transparent provisional preferred form retained
math.homological.mapping_cone,mapping cone,kerucut pemetaan,,o014.aljabr2.prelude.structure-overview,o014_new,
math.homological.k_injective_resolution,K-injective resolution,resolusi K-injektif,,o014.aljabr2.prelude.structure-overview,o014_new,
math.homological.k_projective_resolution,K-projective resolution,resolusi K-projektif,,o014.aljabr2.prelude.structure-overview,o014_new,
math.category.triangulated_functor,triangulated functor,funktor bertriangulasi,funktor triangulasi,o014.aljabr2.prelude.structure-overview,o014_provisional,Coordinate with the triangulated-category form
math.homological.exact_couple,exact couple,pasangan eksak,,o014.aljabr2.prelude.structure-overview,o014_new,
math.homological.filtered_complex,filtered complex,kompleks terfilter,kompleks tersaring,o014.aljabr2.prelude.structure-overview,o014_provisional,
math.group.group_homology,group homology,homologi grup,,o014.aljabr2.prelude.structure-overview,o014_new,
math.group.tate_cohomology,Tate cohomology,kohomologi Tate,,o014.aljabr2.prelude.structure-overview,o014_new,
math.group.profinite_group,profinite group,grup profinit,,o014.aljabr2.prelude.structure-overview,o014_new,
math.group.profinite_group_cohomology,profinite-group cohomology,kohomologi grup profinit,,o014.aljabr2.prelude.structure-overview,o014_new,
math.group.nonabelian_cohomology,nonabelian cohomology,kohomologi nonabelian,,o014.aljabr2.prelude.structure-overview,o014_provisional,English gloss retained at first use; do not use nonkomutatif
math.algebra.differential_graded_structure,differential graded structure,struktur diferensial bergradasi,struktur dg,o014.aljabr2.prelude.structure-overview,o014_provisional,
math.algebra.coalgebra,coalgebra,koaljabar,,o014.aljabr2.prelude.structure-overview,o014_new,
math.algebra.bialgebra,bialgebra,bialjabar,,o014.aljabr2.prelude.structure-overview,o014_new,
math.algebra.hopf_algebra,Hopf algebra,aljabar Hopf,,o014.aljabr2.prelude.structure-overview,o014_new,
math.category.beck_monadicity_theorem,Beck monadicity theorem,teorema monadisitas Beck,,o014.aljabr2.prelude.structure-overview,o014_new,
math.algebra.morita_theory,Morita theory,teori Morita,,o014.aljabr2.prelude.structure-overview,o014_new,
math.descent.flat_descent_modules,flat descent of modules,penurunan datar bagi modul,,o014.aljabr2.prelude.structure-overview,o014_provisional,English gloss retained at first use; distinguish subject name from faithful-flat hypotheses
math.descent.galois_descent,Galois descent,penurunan Galois,,o014.aljabr2.prelude.structure-overview,o014_provisional,English gloss retained at first use
math.category.duality,duality,dualitas,,o014.aljabr2.prelude.structure-overview,o014_new,
math.category.reconstruction_theorem,reconstruction theorem,teorema rekonstruksi,,o014.aljabr2.prelude.structure-overview,o014_new,
math.category.tannakian_category,Tannakian category,kategori Tannakian,kategori Tannaka,o014.aljabr2.prelude.structure-overview,o014_provisional,
math.algebra.representation_theory,representation theory,teori representasi,,o014.aljabr2.prelude.structure-overview,o014_new,
math.category.ind_object,ind-object,objek-ind,objek ind,o014.aljabr2.prelude.structure-overview,o014_provisional,
math.category.pro_object,pro-object,objek-pro,objek pro,o014.aljabr2.prelude.structure-overview,o014_provisional,
math.category.ind_construction,Ind-construction,konstruksi Ind,Ind-kompletisasi,o014.aljabr2.prelude.structure-overview,o014_provisional,
publishing.errata,errata,ralat,koreksi,o014.aljabr2.prelude.structure-overview,o014_new,
math.foundations.well_defined,well-defined,terdefinisi dengan baik,didefinisikan dengan baik,o014.aljabr2.prelude.conventions,o014_new,
math.order.partially_ordered_set,partially ordered set,himpunan terurut parsial,himpunan berurutan parsial,o014.aljabr2.prelude.conventions,o014_new,
math.order.preordered_set,preordered set,himpunan praterurut,himpunan terurut pra,o014.aljabr2.prelude.conventions,o014_provisional,Current Unit 007 form
math.order.maximal_element,maximal element,unsur maksimal,,o014.aljabr2.prelude.conventions,o014_new,
math.order.minimal_element,minimal element,unsur minimal,,o014.aljabr2.prelude.conventions,o014_new,
math.order.upper_bound,upper bound,batas atas,batas atas bersama,o014.aljabr2.prelude.conventions,o014_new,Varian kontekstual untuk penerima bersama dalam kategori terfilter
math.order.lower_bound,lower bound,batas bawah,,o014.aljabr2.prelude.conventions,o014_new,
math.order.supremum,supremum,supremum,,o014.aljabr2.prelude.conventions,o014_new,
math.order.infimum,infimum,infimum,,o014.aljabr2.prelude.conventions,o014_new,
math.order.order_preserving_map,order-preserving map,pemetaan yang mempertahankan urutan,pemetaan pelestari urutan,o014.aljabr2.prelude.conventions,o014_new,
math.order.order_isomorphism,order isomorphism,isomorfisme antarhimpunan terurut parsial,isomorfisme urutan,o014.aljabr2.prelude.conventions,o014_new,
math.order.totally_ordered_set,totally ordered set,himpunan terurut total,himpunan berurutan total,o014.aljabr2.prelude.conventions,o014_new,
math.order.well_ordered_set,well-ordered set,himpunan terurut baik,,o014.aljabr2.prelude.conventions,o014_new,
math.set_theory.ordinal,ordinal,ordinal,,o014.aljabr2.prelude.conventions,o014_new,
math.set_theory.cardinal,cardinal,kardinal,,o014.aljabr2.prelude.conventions,o014_new,
math.set_theory.small_set,small set,himpunan kecil,,o014.aljabr2.prelude.conventions,o014_new,
math.set_theory.small_cardinal,small cardinal,kardinal kecil,,o014.aljabr2.prelude.conventions,o014_new,
math.category.monomorphism,monomorphism,monomorfisme,,o014.aljabr2.prelude.conventions,o014_new,
math.category.epimorphism,epimorphism,epimorfisme,,o014.aljabr2.prelude.conventions,o014_new,
math.category.full_subcategory,full subcategory,subkategori penuh,,o014.aljabr2.prelude.conventions,o014_new,
math.category.product_category,product category,kategori produk,kategori hasil kali,o014.aljabr2.prelude.conventions,o014_new,
math.category.discrete_category,discrete category,kategori diskret,,o014.aljabr2.prelude.conventions,o014_new,
math.category.u_category,U-category,kategori-U,kategori U,o014.aljabr2.prelude.conventions,o014_provisional,Typeset in Unit 007 as kategori-$\mathcal{U}$
math.category.large_category,large category,kategori besar,,o014.aljabr2.prelude.conventions,o014_new,
math.category.size_issues,size issues,masalah ukuran,,o014.aljabr2.prelude.conventions,o014_new,
math.category.faithful_functor,faithful,setia,funktor setia,o014.aljabr2.prelude.conventions,o014_new,
math.category.essentially_surjective_functor,essentially surjective,pada hakikatnya surjektif,surjektif esensial,o014.aljabr2.prelude.conventions,o014_provisional,Current Unit 007 analytic wording
math.category.two_cell,2-cell,2-sel,sel-2,o014.aljabr2.prelude.conventions,o014_new,
math.category.opposite_category,opposite category,kategori lawan,kategori oposisi,o014.aljabr2.prelude.conventions,o014_new,
math.category.quasi_inverse,quasi-inverse,kuasi-invers,,o014.aljabr2.prelude.conventions,o014_new,
math.category.equivalence,equivalence of categories,ekuivalensi antarkategori,ekuivalensi kategori,o014.aljabr2.prelude.conventions,o014_new,
math.category.category_isomorphism,isomorphism of categories,isomorfisme antarkategori,isomorfisme kategori,o014.aljabr2.prelude.conventions,o014_new,
math.algebra.zero_divisor,zero divisor,pembagi nol,,o014.aljabr2.prelude.conventions,o014_new,
math.category.adjunction,adjunction / adjoint pair,adjungsi,keadjungan; pasangan adjoin,o014.aljabr2.prelude.conventions,o014_provisional,Source 385-397; keep adjoin kiri and adjoin kanan as compositional forms; Unit 048 uses the attested nominal variant keadjungan
math.category.adjunction_unit,unit of an adjunction,unit,,o014.aljabr2.prelude.conventions,o014_new,Indexed definition at source 399
math.category.adjunction_counit,counit of an adjunction,kounit,,o014.aljabr2.prelude.conventions,o014_new,Indexed definition at source 399
math.category.triangle_identities,triangle identities,identitas segitiga,,o014.aljabr2.prelude.conventions,o014_new,First textual mention at source 384; indexed definition at source 399
math.category.colimit,inductive limit / colimit,limit induktif,kolimit,o014.aljabr2.prelude.conventions,o014_provisional,Source 419 and 424; coordinate with the existing generic limit row
math.category.small_limit,small limit,limit kecil,,o014.aljabr2.prelude.conventions,o014_new,Indexed first use at source 426
math.category.complete_category,complete category,kategori lengkap,,o014.aljabr2.prelude.conventions,o014_new,Indexed first use at source 426
math.category.cocomplete_category,cocomplete category,kategori kolengkap,,o014.aljabr2.prelude.conventions,o014_new,Indexed first use at source 426
math.category.universal_property,universal property,sifat universal,,o014.aljabr2.prelude.conventions,o014_new,First use at source 419
math.category.equalizer,equalizer,penyama,equalizer,o014.aljabr2.prelude.conventions,o014_provisional,First defining table at source 432-435
math.category.coequalizer,coequalizer,kopenyama,koequalizer,o014.aljabr2.prelude.conventions,o014_provisional,First defining table at source 436-439
math.category.product,categorical product,produk,hasil kali,o014.aljabr2.prelude.conventions,o014_new,Object-level defining table at source 440-443
math.category.coproduct,categorical coproduct,koproduk,,o014.aljabr2.prelude.conventions,o014_new,Object-level defining table at source 444-447
math.algebra.direct_sum,direct sum,jumlah langsung,,o014.aljabr2.prelude.conventions,o014_new,First use at source 450
math.category.yoneda_embedding,Yoneda embedding,pembenaman Yoneda,,o014.aljabr2.prelude.conventions,o014_new,First use at source 452
math.category.terminal_object,terminal object,objek terminal,obyek terminal,o014.aljabr2.prelude.conventions,o014_new,Defining description item at source 456; Suryanto et al. 2016 official UNDIP witness attests obyek terminal; preferred form retained
math.category.initial_object,initial object,objek awal,objek inisial; obyek inisial,o014.aljabr2.prelude.conventions,o014_new,Defining description item at source 457; Suryanto et al. 2016 official UNDIP witness attests obyek inisial; existing objek inisial variant and preferred form retained
math.category.zero_object,zero object,objek nol,obyek nol,o014.aljabr2.prelude.conventions,o014_new,Indexed defining item at source 458-459; Suryanto et al. 2016 official UNDIP witness attests obyek nol; preferred form retained
math.category.zero_morphism,zero morphism,morfisme nol,morfisma nol,o014.aljabr2.prelude.conventions,o014_new,Defining item at source 458; Suryanto et al. 2016 official UNDIP witness attests morfisma nol; preferred form retained
math.category.fiber_product,fiber product,produk serat,hasil kali serat,o014.aljabr2.prelude.conventions,o014_new,Defining table at source 467-470
math.category.fiber_coproduct,fiber coproduct,koproduk serat,,o014.aljabr2.prelude.conventions,o014_new,Defining table at source 471-474
math.category.pullback,pullback,tarik balik,diagram tarik balik,o014.aljabr2.prelude.conventions,o014_provisional,Indexed diagram term at source 487; English gloss retained
math.category.pushout,pushout,dorong keluar,diagram dorong keluar,o014.aljabr2.prelude.conventions,o014_provisional,Indexed diagram term at source 487; English gloss retained
math.category.subobject,subobject,subobjek,,o014.aljabr2.chapter1.overview,o014_new,
math.category.quotient_object,quotient object,objek kuosien,objek hasil bagi,o014.aljabr2.chapter1.overview,o014_provisional,Terminologi kategori; selaraskan dengan modul kuosien O013
math.category.coimage,coimage,kocitra,,o014.aljabr2.chapter1.overview,o014_new,
math.category.ab_category,Ab-category,kategori-Ab,kategori praaditif; kategori yang diperkaya atas Ab,o014.aljabr2.chapter1.overview,o014_provisional,Ditata sebagai kategori-$\cate{Ab}$ dalam pembaca; jangan samakan dengan kategori aditif atau abelian
math.category.additive_functor,additive functor,funktor aditif,,o014.aljabr2.chapter1.overview,o014_new,
math.category.k_linear_category,k-linear category,kategori k-linear,kategori linear atas k,o014.aljabr2.chapter1.overview,o014_provisional,Variabel k ditata sebagai $\Bbbk$
math.category.preserves_limit,preserves limits,mempertahankan limit,melestarikan limit,o014.aljabr2.chapter1.overview,o014_provisional,
math.category.creates_limit,creates limits,menciptakan limit,,o014.aljabr2.chapter1.overview,o014_provisional,
math.category.cofinal_functor,cofinal functor,funktor kofinal,kofinalitas; subkategori kofinal; citra kofinal,o014.aljabr2.chapter1.overview,o014_new,Varian dipakai pada definisi dan bukti dalam Bagian 1.6
math.category.filtered_inductive_limit,filtered inductive limit,limit induktif terfilter,kolimit terfilter,o014.aljabr2.chapter1.overview,o014_provisional,Mengikuti konvensi sumber bahwa limit mencakup bentuk induktif dan projektif
math.category.absolute_kan_extension,absolute Kan extension,ekstensi Kan absolut,,o014.aljabr2.chapter1.overview,o014_new,
math.category.multiplicative_system,multiplicative system,sistem multiplikatif,keluarga multiplikatif,o014.aljabr2.chapter1.overview,o014_provisional,
math.category.adjoint_functor_theorem,adjoint functor theorem,teorema funktor adjoin,,o014.aljabr2.chapter1.overview,o014_new,
math.category.generator,generator,generator,pembangkit,o014.aljabr2.chapter1.overview,o014_provisional,
math.category.cogenerator,cogenerator,kogenerator,kopembangkit,o014.aljabr2.chapter1.overview,o014_provisional,
math.category.left_cancellation_law,left cancellation law,hukum kanselasi kiri,hukum pencoretan kiri,o014.aljabr2.chapter1.subquotients,o014_provisional,
math.category.right_cancellation_law,right cancellation law,hukum kanselasi kanan,hukum pencoretan kanan,o014.aljabr2.chapter1.subquotients,o014_provisional,
math.category.subquotient,subquotient,subkuosien,subhasil bagi,o014.aljabr2.chapter1.subquotients,o014_provisional,Selaras dengan objek kuosien dan kuosien Serre
math.category.canonical_morphism,canonical morphism,morfisme kanonik,,o014.aljabr2.chapter1.subquotients,o014_new,
math.set_theory.equivalence_class,equivalence class,kelas ekuivalensi,,o014.aljabr2.chapter1.subquotients,o014_new,
math.order.partial_order_relation,partial order relation,relasi urutan parsial,relasi terurut parsial,o014.aljabr2.chapter1.subquotients,o014_provisional,
math.set_theory.injective_map,injective map,pemetaan injektif,fungsi injektif,o014.aljabr2.chapter1.subquotients,o014_new,
math.set_theory.surjective_map,surjective map,pemetaan surjektif,fungsi surjektif,o014.aljabr2.chapter1.subquotients,o014_new,
math.category.isomorphism,isomorphism,isomorfisme,,o014.aljabr2.chapter1.subquotients,o014_new,
math.category.projection_morphism,projection morphism,morfisme proyeksi,,o014.aljabr2.chapter1.images-coimages-strict,o014_provisional,
math.category.coimage_image_comparison,coimage–image comparison morphism,morfisme pembanding kocitra–citra,morfisme pembanding,o014.aljabr2.chapter1.images-coimages-strict,o014_provisional,
math.category.epi_mono_factorization,epi–mono factorization,faktorisasi epi–mono,faktorisasi epi-mono,o014.aljabr2.chapter1.images-coimages-strict,o014_provisional,
math.category.epi_mono_factorization_category,category of epi–mono factorizations,kategori faktorisasi epi–mono,,o014.aljabr2.chapter1.images-coimages-strict,o014_provisional,
math.category.ab_subcategory,Ab-subcategory,subkategori-Ab,subkategori yang diperkaya atas Ab,o014.aljabr2.chapter1.additive-categories-kernels-cokernels,o014_provisional,Ditata sebagai subkategori-$\cate{Ab}$ dalam pembaca
math.category.biproduct,biproduct,biproduk,produk-koproduk,o014.aljabr2.chapter1.additive-categories-kernels-cokernels,o014_new,
math.category.diagonal_morphism,diagonal morphism,morfisme diagonal,pemetaan diagonal,o014.aljabr2.chapter1.additive-categories-kernels-cokernels,o014_new,
math.category.codiagonal_morphism,codiagonal morphism,morfisme kodiagonal,pemetaan kodiagonal,o014.aljabr2.chapter1.additive-categories-kernels-cokernels,o014_new,
math.category.additive_subcategory,additive subcategory,subkategori aditif,,o014.aljabr2.chapter1.additive-categories-kernels-cokernels,o014_new,
math.category.direct_sum_summand,direct-sum summand/term,suku jumlah langsung,komponen jumlah langsung,o014.aljabr2.chapter1.additive-categories-kernels-cokernels,o014_provisional,
math.category.finite_product,finite product,produk hingga,,o014.aljabr2.chapter1.additive-categories-kernels-cokernels,o014_new,
math.category.finite_coproduct,finite coproduct,koproduk hingga,,o014.aljabr2.chapter1.additive-categories-kernels-cokernels,o014_new,
math.category.addition_of_morphisms,addition of morphisms,penjumlahan morfisme,,o014.aljabr2.chapter1.additive-categories-kernels-cokernels,o014_new,
math.category.functoriality,functoriality,funktorialitas,sifat funktorial,o014.aljabr2.chapter1.additive-categories-kernels-cokernels,o014_new,
math.algebra.bilinear_map,bilinear map,pemetaan bilinear,pemetaan dwilinear,o014.aljabr2.chapter1.additive-categories-kernels-cokernels,o014_provisional,
math.algebra.pointwise_addition,pointwise addition,penjumlahan titik demi titik,penjumlahan secara titik demi titik,o014.aljabr2.chapter1.additive-categories-kernels-cokernels,o014_new,
math.category.forgetful_functor,forgetful functor,funktor pelupa,,o014.aljabr2.chapter1.additive-categories-kernels-cokernels,o014_new,
math.functional_analysis.banach_space,Banach space,ruang Banach,,o014.aljabr2.chapter1.additive-categories-kernels-cokernels,o014_new,
math.functional_analysis.quotient_norm,quotient norm,norma kuosien,norma hasil bagi,o014.aljabr2.chapter1.additive-categories-kernels-cokernels,o014_provisional,
math.topology.quotient_topology,quotient topology,topologi kuosien,topologi hasil bagi,o014.aljabr2.chapter1.additive-categories-kernels-cokernels,o014_provisional,
math.topology.induced_topology,induced topology,topologi terinduksi,topologi imbasan,o014.aljabr2.chapter1.additive-categories-kernels-cokernels,o014_provisional,
math.topology.dense_image,dense image,citra padat,citra rapat,o014.aljabr2.chapter1.additive-categories-kernels-cokernels,o014_provisional,Padat berarti dense; jangan samakan dengan bukan epimorfisme dalam kategori Banach
math.topology.closure,closure,penutupan,closure,o014.aljabr2.chapter1.additive-categories-kernels-cokernels,o014_new,Notasi garis atas pada citra dalam contoh Banach
math.algebra.commutative_ring,commutative ring,gelanggang komutatif,ring komutatif,o014.aljabr2.chapter1.linear-categories-over-commutative-rings,o014_new,
math.algebra.scalar_multiplication,scalar multiplication,perkalian skalar,multiplikasi skalar,o014.aljabr2.chapter1.linear-categories-over-commutative-rings,o014_new,
math.category.k_mod_enriched_category,k-Mod-enriched category,kategori-k-Mod,kategori yang diperkaya atas k-Mod,o014.aljabr2.chapter1.linear-categories-over-commutative-rings,o014_provisional,Variabel k ditata sebagai $\Bbbk$ dan Mod dengan makro sumber
math.category.k_linear_functor,k-linear functor,funktor k-linear,funktor linear atas k,o014.aljabr2.chapter1.linear-categories-over-commutative-rings,o014_new,Variabel k ditata sebagai $\Bbbk$
math.algebra.k_algebra,k-algebra,aljabar-k,aljabar atas k,o014.aljabr2.chapter1.linear-categories-over-commutative-rings,o014_new,Variabel k ditata sebagai $\Bbbk$
math.category.identity_functor,identity functor,funktor identitas,,o014.aljabr2.chapter1.linear-categories-over-commutative-rings,o014_new,
math.category.category_center,center of a category,pusat kategori,center kategori,o014.aljabr2.chapter1.linear-categories-over-commutative-rings,o014_new,
math.algebra.commutative_monoid,commutative monoid,monoid komutatif,,o014.aljabr2.chapter1.linear-categories-over-commutative-rings,o014_new,
math.algebra.ring_homomorphism,ring homomorphism,homomorfisme gelanggang,homomorfisme ring,o014.aljabr2.chapter1.linear-categories-over-commutative-rings,o014_new,
math.category.cocone,cocone,kokonus,konus dengan panah menuju puncak,o014.aljabr2.chapter1.limits-through-functors,o014_provisional,Arah panah alpha(i) menuju L dipertahankan
math.category.categorical_cone,categorical cone,konus,kerucut kategoris,o014.aljabr2.chapter1.limits-through-functors,o014_provisional,Dibedakan dari kokonus berdasarkan arah panah
math.category.cone_base,base of a cone or cocone,alas,basis,o014.aljabr2.chapter1.limits-through-functors,o014_new,
math.category.cone_apex,apex of a cone or cocone,puncak,verteks,o014.aljabr2.chapter1.limits-through-functors,o014_provisional,Puncak dipilih sebagai bentuk id-ID yang lebih alami
math.category.diagonal_functor,diagonal functor,funktor diagonal,,o014.aljabr2.chapter1.limits-through-functors,o014_new,
math.category.projective_limit,projective or inverse limit,limit projektif,limit invers,o014.aljabr2.chapter1.limits-through-functors,o014_provisional,Selaras dengan limit induktif dalam konvensi sumber
math.category.reflects_limit,reflects limits,merefleksikan limit,,o014.aljabr2.chapter1.limits-through-functors,o014_new,
math.category.conservative_functor,conservative functor,funktor konservatif,,o014.aljabr2.chapter1.limits-through-functors,o014_new,
math.group.group_homomorphism,group homomorphism,homomorfisme grup,,o014.aljabr2.chapter1.limits-through-functors,o014_new,
math.algebra.direct_product,direct product,hasil kali langsung,produk langsung,o014.aljabr2.chapter1.limits-through-functors,o014_provisional,
math.group.subgroup,subgroup,subgrup,,o014.aljabr2.chapter1.limits-through-functors,o014_new,
math.topology.compact_hausdorff_space,compact Hausdorff space,ruang Hausdorff kompak,ruang kompak Hausdorff,o014.aljabr2.chapter1.limits-through-functors,o014_new,
math.category.projection_functor,projection functor,funktor proyeksi,,o014.aljabr2.chapter1.limits-through-functors,o014_new,
math.category.evaluation_functor,evaluation functor,funktor evaluasi,,o014.aljabr2.chapter1.limits-through-functors,o014_new,
math.category.pointwise_limit,pointwise or objectwise limit,limit titik demi titik,limit objek demi objek,o014.aljabr2.chapter1.limits-through-functors,o014_provisional,Kedua ungkapan dipakai berpasangan pada penggunaan pertama
math.category.connected_category,connected category,kategori terhubung,kategori tersambung; keterhubungan,o014.aljabr2.chapter1.filtered-inductive-limits,o014_new,Syarat zigzag dan ketak-kosongan dipertahankan; pertama pada segmen d001
math.category.comma_category,comma category,kategori koma,,o014.aljabr2.chapter1.filtered-inductive-limits,o014_new,Notasi (i/H) dan (H/i); pertama pada segmen d002
math.category.constant_functor,constant functor,funktor konstan,funktor tetap,o014.aljabr2.chapter1.filtered-inductive-limits,o014_new,Pertama pada segmen e001
math.category.inclusion_functor,inclusion functor,funktor inklusi,funktor penyertaan,o014.aljabr2.chapter1.filtered-inductive-limits,o014_new,Pertama pada segmen d003
math.category.filtered_category,filtered category,kategori terfilter,kategori tersaring,o014.aljabr2.chapter1.filtered-inductive-limits,o014_provisional,Terfilter dipilih agar selaras dengan limit induktif terfilter; pertama pada segmen d004
math.order.filtered_poset,filtered or directed poset,himpunan terurut parsial terfilter,poset terfilter; himpunan terarah,o014.aljabr2.chapter1.filtered-inductive-limits,o014_provisional,Pertama pada segmen e002
math.category.functor_restriction,restriction of a functor,pembatasan funktor,restriksi funktor; diagram dibatasi,o014.aljabr2.chapter1.filtered-inductive-limits,o014_new,Pertama pada segmen p005
math.category.iterated_limit,iterated limit,limit rangkap,limit teriterasi,o014.aljabr2.chapter1.filtered-inductive-limits,o014_provisional,Pertama pada segmen pr003
math.set_theory.binary_relation,binary relation,relasi biner,,o014.aljabr2.chapter1.filtered-inductive-limits,o014_new,Pertama pada segmen pr004
math.set_theory.equivalence_relation,equivalence relation,relasi ekuivalensi,,o014.aljabr2.chapter1.filtered-inductive-limits,o014_new,Pertama pada segmen pr004
math.set_theory.disjoint_union,disjoint union,gabungan saling lepas,gabungan disjoin,o014.aljabr2.chapter1.filtered-inductive-limits,o014_provisional,Padanan semantik untuk simbol bigsqcup; pertama pada segmen pr004
math.category.finite_category,finite category,kategori berhingga,kategori hingga,o014.aljabr2.chapter1.filtered-inductive-limits,o014_new,Didefinisikan melalui Mor(J) berhingga; pertama pada segmen p009
math.category.natural_isomorphism,natural isomorphism,isomorfisme alami,isomorfisme natural,o014.aljabr2.chapter1.kan-extensions,o014_new,Pertama pada segmen p001
math.category.left_kan_extension,left Kan extension,ekstensi Kan kiri,,o014.aljabr2.chapter1.kan-extensions,o014_new,Pertama pada segmen d001
math.category.right_kan_extension,right Kan extension,ekstensi Kan kanan,,o014.aljabr2.chapter1.kan-extensions,o014_new,Pertama pada segmen d001
math.category.precomposition_functor,precomposition / pullback functor,funktor tarik balik,funktor prapengomposisian,o014.aljabr2.chapter1.kan-extensions,o014_provisional,Dalam konteks kategori funktor; jelaskan prapengomposisian pada penggunaan pertama
math.category.two_category,2-category,2-kategori,kategori-2,o014.aljabr2.chapter1.kan-extensions,o014_new,Pertama pada segmen r001
math.category.vertical_composition,vertical composition,komposisi vertikal,,o014.aljabr2.chapter1.kan-extensions,o014_new,Pertama pada segmen i001
math.category.horizontal_composition,horizontal composition,komposisi horizontal,,o014.aljabr2.chapter1.kan-extensions,o014_new,Pertama pada segmen i001
math.category.pointwise_kan_extension,pointwise Kan extension,ekstensi Kan titik demi titik,ekstensi Kan secara titik demi titik,o014.aljabr2.chapter1.kan-extensions,o014_provisional,Pertama pada segmen p006; istilah sumber muncul dalam catatan kaki
math.category.preserves_kan_extension,preserves a Kan extension,mempertahankan ekstensi Kan,melestarikan ekstensi Kan,o014.aljabr2.chapter1.kan-extensions,o014_provisional,Pertama pada segmen d002
math.sheaf.presheaf,presheaf,praberkas,presheaf,o014.aljabr2.chapter1.kan-extensions-as-limits,o014_provisional,Pertama pada segmen e001; bentuk Inggris dijelaskan pada penggunaan pertama
math.sheaf.direct_image,direct image,citra langsung,citra maju,o014.aljabr2.chapter1.kan-extensions-as-limits,o014_provisional,Dalam konteks funktor praberkas; pertama pada segmen e001
math.sheaf.inverse_image,inverse image,citra invers,citra balik|prabayang,o014.aljabr2.chapter1.kan-extensions-as-limits,o014_provisional,Dalam konteks funktor praberkas; pertama pada segmen e001
math.category.localization_functor,localization functor,funktor lokalisasi,,o014.aljabr2.chapter1.gabriel-zisman-localization,o014_new,Pertama pada segmen d001
math.category.essential_image,essential image,citra esensial,,o014.aljabr2.chapter1.gabriel-zisman-localization,o014_new,Pertama pada segmen p002
math.category.left_multiplicative_system,left multiplicative system,sistem multiplikatif kiri,,o014.aljabr2.chapter1.gabriel-zisman-localization,o014_new,Subtipe sistem multiplikatif; arah pecahan dan diagram bergantung padanya
math.category.right_multiplicative_system,right multiplicative system,sistem multiplikatif kanan,,o014.aljabr2.chapter1.gabriel-zisman-localization,o014_new,Subtipe sistem multiplikatif; arah pecahan dan diagram bergantung padanya
math.category.calculus_of_fractions,calculus of fractions,kalkulus pecahan,kalkulus fraksi,o014.aljabr2.chapter1.gabriel-zisman-localization,o014_provisional,Digunakan untuk konstruksi lokalisasi dengan pecahan
math.algebra.multiplicative_subset,multiplicative subset,himpunan multiplikatif,,o014.aljabr2.chapter1.gabriel-zisman-localization,o014_new,Dibedakan dari sistem multiplikatif kategoris
math.algebra.ring_localization,ring localization,lokalisasi gelanggang,,o014.aljabr2.chapter1.gabriel-zisman-localization,o014_new,Pertama pada contoh gelanggang
math.algebra.noncommutative_localization,noncommutative localization,lokalisasi nonkomutatif,lokalisasi tak komutatif,o014.aljabr2.chapter1.gabriel-zisman-localization,o014_provisional,Pertama pada contoh gelanggang
math.category.central_localization,central localization,lokalisasi sentral,lokalisasi pusat,o014.aljabr2.chapter1.gabriel-zisman-localization,o014_provisional,Judul contoh dan istilah teori lokalisasi
math.category.reflective_localization,reflective localization,lokalisasi reflektif,,o014.aljabr2.chapter1.gabriel-zisman-localization,o014_new,Ditandai oleh adjoin kanan yang penuh dan setia
math.category.kan_extension_along_localization,Kan extension along localization,ekstensi Kan sepanjang lokalisasi,ekstensi Kan di sepanjang lokalisasi,o014.aljabr2.chapter1.kan-extensions-along-localization,o014_new,Judul Bagian 1.10 dan istilah konstruksi utama
math.category.resolution_condition,resolution condition,syarat resolusi,kondisi resolusi,o014.aljabr2.chapter1.kan-extensions-along-localization,o014_provisional,Syarat teknis pada Proposisi tentang lokalisasi funktor
math.category.weakly_initial_family,weakly initial family,keluarga awal lemah,,o014.aljabr2.chapter1.adjoint-functor-theorem,o014_new,"Untuk setiap objek e' terdapat e dalam keluarga dan morfisme e ke e'"
math.category.weakly_initial_object,weakly initial object,objek awal lemah,,o014.aljabr2.chapter1.adjoint-functor-theorem,o014_new,Objek tunggal dari keluarga awal lemah
math.category.weakly_terminal_family,weakly terminal family,keluarga terminal lemah,,o014.aljabr2.chapter1.adjoint-functor-theorem,o014_new,Dual keluarga awal lemah
math.category.weakly_terminal_object,weakly terminal object,objek terminal lemah,,o014.aljabr2.chapter1.adjoint-functor-theorem,o014_new,Dual objek awal lemah
math.category.solution_set_condition,solution set condition,syarat himpunan solusi,,o014.aljabr2.chapter1.adjoint-functor-theorem,o014_new,Syarat keberadaan keluarga awal lemah pada kategori koma
math.category.cosolution_set_condition,cosolution set condition,syarat himpunan kosolusi,,o014.aljabr2.chapter1.adjoint-functor-theorem,o014_new,Syarat dual bagi keberadaan adjoin kanan
math.category.general_adjoint_functor_theorem,general adjoint functor theorem,teorema funktor adjoin umum,,o014.aljabr2.chapter1.adjoint-functor-theorem,o014_new,GAFT
math.category.special_adjoint_functor_theorem,special adjoint functor theorem,teorema funktor adjoin khusus,,o014.aljabr2.chapter1.adjoint-functor-theorem,o014_new,SAFT
math.category.generating_family,generating family,keluarga generator,,o014.aljabr2.chapter1.adjoint-functor-theorem,o014_new,Keluarga yang membedakan morfisme melalui Hom keluar
math.category.cogenerating_family,cogenerating family,keluarga kogenerator,,o014.aljabr2.chapter1.adjoint-functor-theorem,o014_new,Dual keluarga generator
math.category.well_powered_category,well-powered category,kategori well-powered,,o014.aljabr2.chapter1.adjoint-functor-theorem,o014_provisional,Istilah internasional dipertahankan dan langsung didefinisikan dalam bahasa Indonesia
math.category.well_copowered_category,well-copowered category,kategori co-well-powered,kategori well-copowered,o014.aljabr2.chapter1.adjoint-functor-theorem,o014_new,Bentuk co-well-powered membedakan awalan dual dari istilah well-powered dan dipakai eksplisit pada kategori Grothendieck.
math.category.representable_functor,representable functor,funktor terwakili,,o014.aljabr2.chapter1.adjoint-functor-theorem,o014_new,Selaras dengan istilah keterwakilan O013
math.topology.stone_cech_compactification,Stone--Cech compactification,kompaktifikasi Stone--Čech,kompaktifikasi Stone-Cech,o014.aljabr2.chapter1.adjoint-functor-theorem,o014_new,Nama diri mempertahankan diakritik baku
math.group.free_group,free group,grup bebas,,o014.aljabr2.chapter1.adjoint-functor-theorem,o014_new,Contoh adjoin kiri
math.group.free_product,free product,produk bebas,,o014.aljabr2.chapter1.adjoint-functor-theorem,o014_new,Koproduk dalam kategori grup
math.group.amalgamated_free_product,amalgamated free product,produk bebas teramalgamasi,,o014.aljabr2.chapter1.adjoint-functor-theorem,o014_new,Pushout dalam kategori grup
math.category.injective_object,injective object,objek injektif,,o014.aljabr2.chapter2.overview,o014_new,Dibedakan dari modul injektif; istilah kategori umum
math.category.projective_object,projective object,objek projektif,,o014.aljabr2.chapter2.overview,o014_new,Dibedakan dari modul projektif; istilah kategori umum
math.homological.snake_lemma,snake lemma,lema ular,lema ular tangga,o014.aljabr2.chapter2.overview,o014_provisional,Bentuk ringkas dipilih untuk pembaca
math.homological.five_lemma,five lemma,lema lima,,o014.aljabr2.chapter2.overview,o014_new,
math.category.abelian_subcategory,abelian subcategory,subkategori abelian,subkategori Abel,o014.aljabr2.chapter2.overview,o014_new,
math.category.serre_subcategory,Serre subcategory,subkategori Serre,,o014.aljabr2.chapter2.overview,o014_new,Subkategori abelian yang menghasilkan kuosien Serre
math.category.indecomposable_object,indecomposable object,objek tak terurai,objek tak terdekomposisi,o014.aljabr2.chapter2.overview,o014_provisional,ITB 2012 comparator attests tak terdekomposisi; concise preferred form retained
math.category.simple_object,simple object,objek sederhana,objek simpel,o014.aljabr2.chapter2.overview,o014_new,
math.algebra.composition_series,composition series,deret komposisi,barisan komposisi,o014.aljabr2.chapter2.overview,o014_provisional,
math.order.lattice_theory,lattice theory,teori kisi,,o014.aljabr2.chapter2.overview,o014_new,
math.ktheory.k0_group,K0 group,grup K_0,grup Grothendieck,o014.aljabr2.chapter2.overview,o014_new,Ditata sebagai $\mathrm{K}_0$ dalam teks; istilah diaktifkan pada unit subkategori Serre dan grup K0
math.ktheory.euler_poincare_principle,Euler--Poincare principle,prinsip Euler--Poincaré,prinsip Euler-Poincare,o014.aljabr2.chapter2.overview,o014_new,Nama diri mempertahankan diakritik baku
math.category.exact_category,exact category,kategori eksak,,o014.aljabr2.chapter2.overview,o014_new,Jangan disamakan dengan kategori abelian
math.category.krull_remak_schmidt_theorem,Krull--Remak--Schmidt theorem,teorema Krull--Remak--Schmidt,,o014.aljabr2.chapter2.overview,o014_new,Teorema dekomposisi jumlah langsung
math.homological.short_exact_sequence,short exact sequence,barisan eksak pendek,urutan eksak pendek,o014.aljabr2.chapter2.first-look-at-complexes,o014_new,Didefinisikan pada Unit 022
math.category.exactness_criterion,exactness criterion,kriteria keeksakan,,o014.aljabr2.chapter2.diagram-lemmas,o014_new,Kriteria internal untuk menggantikan pengejaran diagram
math.homological.connecting_morphism,connecting morphism,morfisme penghubung,homomorfisme penghubung; homomorfisma penghubung,o014.aljabr2.chapter2.diagram-lemmas,o014_new,ITB 2020 bilingual abstract attests homomorfisma penghubung; homomorfisme is reserved for module context while category-general prose uses morfisme
math.category.canonicality,canonicality,sifat kanonik,kanonisitas,o014.aljabr2.chapter2.diagram-lemmas,o014_new,Bentuk nomina alami untuk sifat suatu konstruksi kanonik
math.category.self_dual,self-dual,swa-dual,dualnya diri sendiri,o014.aljabr2.chapter2.diagram-lemmas,o014_new,
math.homological.salamander_lemma,Salamander Lemma,lema Salamander,,o014.aljabr2.chapter2.diagram-lemmas,o014_new,Nama Bergman dipertahankan
math.order.lattice,lattice,kisi,,o014.aljabr2.chapter2.glimpse-of-lattice-theory,o014_new,Struktur terurut parsial dengan supremum dan infimum biner
math.order.bounded_lattice,bounded lattice,kisi terbatas,kisi berbatas,o014.aljabr2.chapter2.glimpse-of-lattice-theory,o014_new,Mempunyai unsur terbesar 1 dan terkecil 0
math.order.modular_lattice,modular lattice,kisi modular,,o014.aljabr2.chapter2.glimpse-of-lattice-theory,o014_new,
math.order.complement,complement,komplemen,,o014.aljabr2.chapter2.glimpse-of-lattice-theory,o014_new,Komplemen unsur dalam kisi terbatas atau interval
math.order.standard_isomorphism,standard isomorphism,isomorfisme standar,isomorfisme baku,o014.aljabr2.chapter2.glimpse-of-lattice-theory,o014_new,Isomorfisme interval dari hukum modular
math.order.refinement,refinement,penghalusan,penyempurnaan,o014.aljabr2.chapter2.glimpse-of-lattice-theory,o014_new,Penyisipan unsur pada rantai menurun
math.order.proper_refinement,proper refinement,penghalusan sejati,penghalusan tepat,o014.aljabr2.chapter2.glimpse-of-lattice-theory,o014_new,Penghalusan yang menyisipkan unsur baru
math.order.ascending_chain,ascending chain,rantai naik,rantai menaik,o014.aljabr2.chapter2.glimpse-of-lattice-theory,o014_new,
math.order.descending_chain,descending chain,rantai menurun,rantai turun,o014.aljabr2.chapter2.glimpse-of-lattice-theory,o014_new,
math.order.noetherian,Noetherian,Noetherian,kondisi Noether,o014.aljabr2.chapter2.glimpse-of-lattice-theory,o014_new,Tidak mempunyai rantai naik tak hingga
math.order.artinian,Artinian,Artinian,kondisi Artin,o014.aljabr2.chapter2.glimpse-of-lattice-theory,o014_new,Tidak mempunyai rantai menurun tak hingga
math.order.finite_length,finite length,berpanjang hingga,panjang hingga,o014.aljabr2.chapter2.glimpse-of-lattice-theory,o014_new,Sekaligus Artinian dan Noetherian
math.algebra.idempotent,idempotent,idempoten,,o014.aljabr2.chapter2.direct-sum-decomposition,o014_new,Unsur e dengan e kuadrat sama dengan e
math.category.karoubian_category,Karoubian category,kategori Karoubi,kategori Karoubian,o014.aljabr2.chapter2.direct-sum-decomposition,o014_new,Kategori-Ab berobjek nol tempat setiap idempoten mempunyai kernel
math.category.pseudoabelian_category,pseudo-abelian category,kategori pseudoabelian,kategori pseudo-Abel,o014.aljabr2.chapter2.direct-sum-decomposition,o014_new,Sinonim sumber untuk kategori Karoubi
math.homological.split_short_exact_sequence,split short exact sequence,barisan eksak pendek terbelah,barisan eksak pendek split,o014.aljabr2.chapter2.direct-sum-decomposition,o014_new,Barisan eksak pendek yang memenuhi kondisi pemisahan ekuivalen
math.category.section,section,penampang,seksi,o014.aljabr2.chapter2.direct-sum-decomposition,o014_new,Morfisme s dengan g s sama dengan identitas
math.category.retraction,retraction,retraksi,retrakt,o014.aljabr2.chapter2.direct-sum-decomposition,o014_new,Morfisme r dengan r f sama dengan identitas
math.category.double_chain,double chain,rantai ganda,rantai bi,o014.aljabr2.chapter2.direct-sum-decomposition,o014_new,Pasangan rantai epi dan mono antara objek berturutan
math.category.double_chain_condition,bi-chain condition,syarat rantai ganda,kondisi rantai ganda,o014.aljabr2.chapter2.direct-sum-decomposition,o014_new,Kestabilan eventual bagi kedua arah rantai ganda
math.algebra.nilpotent,nilpotent,nilpoten,,o014.aljabr2.chapter2.direct-sum-decomposition,o014_new,Suatu pangkat positif sama dengan nol
math.algebra.local_ring,local ring,gelanggang lokal,ring lokal,o014.aljabr2.chapter2.direct-sum-decomposition,o014_new,Unsur tak invertibel tertutup terhadap penjumlahan
math.category.fitting_lemma,Fitting lemma,Lema Fitting,,o014.aljabr2.chapter2.direct-sum-decomposition,o014_new,Bentuk kategori abelian di bawah syarat rantai ganda
math.category.subobject_intersection,intersection of subobjects,irisan subobjek,perpotongan subobjek,o014.aljabr2.chapter2.subobjects-and-isomorphism-theorems,o014_new,Infimum keluarga subobjek ketika ada
math.category.subobject_sum,sum of subobjects,jumlah subobjek,,o014.aljabr2.chapter2.subobjects-and-isomorphism-theorems,o014_new,Supremum keluarga subobjek ketika ada
math.category.increasing_union,increasing union,gabungan naik,gabungan meningkat; gabungan menaik,o014.aljabr2.chapter2.subobjects-and-isomorphism-theorems,o014_new,Notasi gabungan bagi supremum keluarga subobjek terfilter yang menaik
math.category.subobject_preimage,preimage of a subobject,prabayang subobjek,citra invers subobjek; citra balik subobjek,o014.aljabr2.chapter2.subobjects-and-isomorphism-theorems,o014_new,Dibedakan dari funktor citra invers pada praberkas
math.category.canonical_isomorphism,canonical isomorphism,isomorfisme kanonik,,o014.aljabr2.chapter2.subobjects-and-isomorphism-theorems,o014_new,Bentuk komposisional dari isomorfisme dan sifat kanonik
math.category.antidiagonal_morphism,antidiagonal morphism,morfisme antidiagonal,,o014.aljabr2.chapter2.subobjects-and-isomorphism-theorems,o014_new,Morfisme ke biproduk dengan komponen pertama bertanda negatif
math.order.order_reversing_bijection,order-reversing bijection,bijeksi pembalik urutan,bijeksi yang membalik urutan,o014.aljabr2.chapter2.subobjects-and-isomorphism-theorems,o014_new,Korespondensi subobjek dengan objek kuosien
math.algebra.isomorphism_theorem,isomorphism theorem,teorema isomorfisme,,o014.aljabr2.chapter2.subobjects-and-isomorphism-theorems,o014_new,Versi kategori abelian dari teorema isomorfisme modul
math.category.semisimple_object,semisimple object,objek semisederhana,objek semi-sederhana,o014.aljabr2.chapter2.simplicity-and-semisimplicity,o014_new,Objek yang merupakan jumlah langsung keluarga objek sederhana
math.category.split_object,split object,objek terbelah,objek split,o014.aljabr2.chapter2.simplicity-and-semisimplicity,o014_new,Objek yang semua barisan eksak pendeknya terbelah
math.category.semisimple_abelian_category,semisimple Abelian category,kategori abelian semisederhana,kategori semisimple,o014.aljabr2.chapter2.simplicity-and-semisimplicity,o014_new,Kategori yang semua objeknya semisederhana
math.category.split_abelian_category,split Abelian category,kategori abelian terbelah,kategori split,o014.aljabr2.chapter2.simplicity-and-semisimplicity,o014_new,Kategori yang semua objeknya terbelah
math.algebra.composition_factor,composition factor,faktor komposisi,,o014.aljabr2.chapter2.simplicity-and-semisimplicity,o014_new,Subkuosien sederhana dalam deret komposisi
math.algebra.multiplicity,multiplicity,multiplicitas,,o014.aljabr2.chapter2.simplicity-and-semisimplicity,o014_new,Banyaknya kemunculan suatu faktor dalam multihimpunan
math.algebra.division_ring,division ring,gelanggang pembagian,,o014.aljabr2.chapter2.simplicity-and-semisimplicity,o014_new,Gelanggang tempat setiap unsur tak nol invertibel
math.algebra.schur_lemma,Schur lemma,Lema Schur,,o014.aljabr2.chapter2.simplicity-and-semisimplicity,o014_new,Lema tentang morfisme tak nol antara objek sederhana
math.category.exact_functor,exact functor,funktor eksak,,o014.aljabr2.chapter2.exact-functors-injective-projective-objects,o014_new,Funktor aditif yang mempertahankan barisan eksak pendek dan barisan eksak.
math.category.left_exact_functor,left exact functor,funktor eksak kiri,funktor kiri-eksak,o014.aljabr2.chapter2.exact-functors-injective-projective-objects,o014_new,Funktor yang mempertahankan kernel atau limit hingga.
math.category.right_exact_functor,right exact functor,funktor eksak kanan,funktor kanan-eksak,o014.aljabr2.chapter2.exact-functors-injective-projective-objects,o014_new,Funktor yang mempertahankan kokernel atau kolimit hingga.
math.category.faithfully_exact_functor,faithfully exact functor,funktor eksak setia,,o014.aljabr2.chapter2.exact-functors-injective-projective-objects,o014_new,Funktor eksak yang juga setia.
math.category.enough_injective_objects,enough injectives,cukup banyak objek injektif,,o014.aljabr2.chapter2.exact-functors-injective-projective-objects,o014_new,Setiap objek membenam ke objek injektif.
math.category.enough_projective_objects,enough projectives,cukup banyak objek projektif,,o014.aljabr2.chapter2.exact-functors-injective-projective-objects,o014_new,Setiap objek merupakan kuosien objek projektif.
math.category.arrow_category,arrow category,kategori panah,,o014.aljabr2.chapter2.exact-functors-injective-projective-objects,o014_new,Kategori funktor untuk diagram 0 ke 1.
math.category.localization_exactness,exactness of localization,keeksakan lokalisasi,,o014.aljabr2.chapter2.exact-functors-injective-projective-objects,o014_new,Lokalisasi kategori abelian oleh keluarga multiplikatif tetap eksak.
math.category.weak_serre_subcategory,weak Serre subcategory,subkategori Serre lemah,,o014.aljabr2.chapter2.serre-subcategories-and-k0-groups,o014_new,Subkategori penuh yang memenuhi kondisi penutupan lima-suku dalam definisi sumber.
math.category.small_skeleton,small skeleton,kerangka kecil,,o014.aljabr2.chapter2.serre-subcategories-and-k0-groups,o014_new,Kerangka suatu kategori dengan kelas objek berupa himpunan kecil.
math.algebra.s_torsion_module,S-torsion module,modul torsi-S,,o014.aljabr2.chapter2.serre-subcategories-and-k0-groups,o014_new,Modul yang setiap unsurnya dimatikan oleh suatu unsur dari himpunan multiplikatif S.
math.category.strong_generator,strong generator,generator kuat,,o014.aljabr2.chapter2.grothendieck-categories,o014_new,Generator yang mendeteksi kapan monomorfisme merupakan isomorfisme.
math.category.injective_cogenerator,injective cogenerator,kogenerator injektif,,o014.aljabr2.chapter2.grothendieck-categories,o014_new,Kogenerator yang sekaligus merupakan objek injektif.
math.category.small_object_argument,small object argument,argumen objek kecil,,o014.aljabr2.chapter2.grothendieck-categories,o014_new,Konstruksi transfinit yang memperluas morfisme secara funktorial.
math.category.alpha_small_object_relative_to_i,alpha-small object relative to I,objek alpha-kecil relatif terhadap I,objek $\alpha$-kecil relatif terhadap $I$,o014.aljabr2.chapter2.grothendieck-categories,o014_new,Objek yang Hom-nya mengkomutasi dengan kolimit ordinal terfilter yang morfisme transisinya berada dalam I.
math.set_theory.regular_small_cardinal,regular small cardinal,kardinal kecil regular,,o014.aljabr2.chapter2.grothendieck-categories,o014_new,Kardinal regular yang kecil relatif terhadap semesta Grothendieck terpilih.
math.set_theory.transfinite_recursion,transfinite recursion,rekursi transfinit,rekursi transhingga,o014.aljabr2.chapter2.grothendieck-categories,o014_new,Rekursi sepanjang ordinal penerus dan ordinal limit.
math.set_theory.successor_ordinal,successor ordinal,ordinal penerus,,o014.aljabr2.chapter2.grothendieck-categories,o014_new,Ordinal berbentuk beta tambah satu.
math.set_theory.limit_ordinal,limit ordinal,ordinal limit,ordinal batas,o014.aljabr2.chapter2.grothendieck-categories,o014_new,Ordinal tak nol yang bukan ordinal penerus.
math.category.karoubi_envelope,Karoubi envelope,selubung Karoubi,penyelesaian Karoubi,o014.aljabr2.chapter2.grothendieck-categories,o014_new,Kategori yang diperoleh dengan menambahkan secara formal semua suku jumlah langsung.
math.homological.schanuel_lemma,Schanuel lemma,Lema Schanuel,,o014.aljabr2.chapter2.grothendieck-categories,o014_new,Lema yang membandingkan kernel dua presentasi projektif dari objek yang sama.
math.homological.complex_homotopy,complex homotopy,homotopi kompleks,homotopi; relasi homotopi,o014.aljabr2.chapter3.overview,o014_new,Relasi homotopi antara morfisme kompleks; Unit 048 uses the explicit relation noun phrase.
math.homological.hom_complex,Hom complex,kompleks Hom,,o014.aljabr2.chapter3.overview,o014_new,Kompleks internal yang suku dan diferensialnya dibentuk dari Hom antara dua kompleks.
math.homological.total_complex,total complex,kompleks total,,o014.aljabr2.chapter3.overview,o014_new,Kompleks yang diperoleh dengan meratakan bikompleks melalui jumlah langsung atau hasil kali langsung.
math.homological.long_exact_sequence,long exact sequence,barisan eksak panjang,,o014.aljabr2.chapter3.overview,o014_new,Barisan eksak yang menghubungkan kohomologi atau homologi pada derajat berurutan.
math.homological.resolution,resolution,resolusi,,o014.aljabr2.chapter3.overview,o014_new,Penggantian objek atau kompleks melalui kuasi-isomorfisme oleh kompleks dengan sifat yang lebih baik.
math.homological.truncation_functor,truncation functor,funktor pemenggalan,funktor trunkasi,o014.aljabr2.chapter3.overview,o014_new,Funktor yang memenggal kompleks menurut batas derajat.
math.homological.cartan_eilenberg_resolution,Cartan-Eilenberg resolution,resolusi Cartan-Eilenberg,,o014.aljabr2.chapter3.overview,o014_new,Resolusi bikompleks yang menyelaraskan resolusi suku dan kohomologi suatu kompleks.
math.homological.hyperderived_functor,hyperderived functor,funktor hiperturunan,,o014.aljabr2.chapter3.overview,o014_provisional,Versi klasik funktor turunan yang dievaluasi pada kompleks terbatas satu sisi; bentuk Indonesia logis tetapi belum terattestasi kuat.
math.homological.effaceable_functor,effaceable functor,funktor yang dapat dihapus,funktor terhapuskan,o014.aljabr2.chapter3.overview,o014_new,"Funktor yang dapat dinolkan setelah pembenaman objek yang sesuai; bentuk pilihan dikukuhkan oleh definisi formal dalam Unit 043."
math.homological.coeffaceable_functor,co-effaceable functor,funktor yang dapat dihapus secara dual,funktor koterhapuskan,o014.aljabr2.chapter3.overview,o014_new,"Dual melalui epimorfisme yang sesuai; bentuk pilihan dikukuhkan oleh definisi formal dalam Unit 043."
math.category.bifunctor,bifunctor,bifunktor,funktor dua variabel,o014.aljabr2.chapter3.overview,o014_new,Funktor dengan dua variabel kategori.
math.homological.balanced_bifunctor,balanced bifunctor,bifunktor seimbang,,o014.aljabr2.chapter3.overview,o014_new,Bifunktor yang penurunannya terhadap salah satu variabel memberikan hasil yang sama.
math.homological.mittag_leffler_condition,Mittag-Leffler condition,syarat Mittag-Leffler,kondisi Mittag-Leffler,o014.aljabr2.chapter3.overview,o014_new,Syarat kestabilan citra dalam sistem invers yang membantu menjamin lenyapnya lim pangkat satu.
math.homological.inverse_system,inverse system,sistem invers,sistem projectif,o014.aljabr2.chapter3.example-lim1,o014_new,Data objek berindeks nonnegatif dengan morfisme transisi ke indeks sebelumnya.
math.category.countable_product,countable product,produk terhitung,,o014.aljabr2.chapter3.example-lim1,o014_new,Produk yang diindeks oleh Z_{\geq 0}; dibedakan dari produk hingga.
math.category.countable_coproduct,countable coproduct,koproduk terhitung,jumlah langsung terhitung,o014.aljabr2.chapter3.example-lim1,o014_new,Koproduk yang diindeks oleh Z_{\geq 0}; pada kategori modul berupa jumlah langsung terhitung.
math.homological.exact_countable_product,exact countable product,produk terhitung eksak,,o014.aljabr2.chapter3.example-lim1,o014_new,Produk terhitung yang funktor produknya eksak; bentuk dualnya koproduk terhitung eksak.
math.category.shift_morphism,shift morphism,morfisme pergeseran,,o014.aljabr2.chapter3.example-lim1,o014_new,Morfisme T_A yang menggeser komponen sistem invers melalui morfisme transisi.
math.category.stable_image,stable image,citra stabil,subobjek citra stabil,o014.aljabr2.chapter3.example-lim1,o014_new,Citra Image f^N_k yang stabil untuk semua N cukup besar dibandingkan k.
math.homological.ext_functor,Ext functor,funktor Ext,funktor $\Ext$,o014.aljabr2.chapter3.ext-tor,o014_new,Bifunktor turunan kanan dari Hom; pertahankan simbol Ext dan lokalkan functor menjadi funktor.
math.homological.tor_functor,Tor functor,funktor Tor,funktor $\Tor$,o014.aljabr2.chapter3.ext-tor,o014_new,Bifunktor turunan kiri dari hasil kali tensor; pertahankan simbol Tor dan lokalkan functor menjadi funktor.
math.homological.flat_resolution,flat resolution,resolusi datar,,o014.aljabr2.chapter3.ext-tor,o014_new,Resolusi eksak yang setiap sukunya merupakan modul datar.
math.homological.kunneth_theorem,Künneth theorem,Teorema Künneth,,o014.aljabr2.chapter3.ext-tor,o014_new,Barisan eksak pendek kanonik yang menghubungkan homologi produk tensor dengan suku Tor.
math.homological.k_injective_complex,K-injective complex,kompleks K-injektif,,o014.aljabr2.chapter3.overview,o014_new,Kompleks dengan sifat injektivitas homotopis secara keseluruhan.
math.homological.k_projective_complex,K-projective complex,kompleks K-projektif,,o014.aljabr2.chapter3.overview,o014_new,Kompleks dengan sifat projektivitas homotopis secara keseluruhan.
math.homological.mapping_cylinder,mapping cylinder,silinder pemetaan,,o014.aljabr2.chapter3.overview,o014_new,Konstruksi kompleks yang berpasangan dengan kerucut pemetaan.
math.algebra.graded_object,graded object,objek bergradasi,objek berderajat,o014.aljabr2.chapter3.complexes-over-additive-categories,o014_new,Objek dalam kategori produk berindeks derajat; jangan campurkan pergeseran tanpa tanda T dengan pergeseran kompleks bertanda [n].
math.algebra.differential_graded_object,differential graded object,objek diferensial bergradasi,objek dg,o014.aljabr2.chapter3.complexes-over-additive-categories,o014_new,Objek bergradasi X dengan diferensial d:X ke TX yang memenuhi (Td)d=0.
math.algebra.bigraded_object,bigraded object,objek bergradasi ganda,objek bigradasi,o014.aljabr2.chapter3.complexes-over-additive-categories,o014_new,Kasus objek bergradasi Z pangkat m dengan m=2.
math.homological.complex_category,category of complexes,kategori kompleks,kategori kompleks-kompleks,o014.aljabr2.chapter3.complexes-over-additive-categories,o014_new,Kategori C(A) yang objeknya kompleks dan morfismenya morfisme kompleks.
math.homological.concentrated_complex,complex concentrated in a degree,kompleks terkonsentrasi,kompleks yang terkonsentrasi pada suatu derajat,o014.aljabr2.chapter3.complexes-over-additive-categories,o014_new,Kompleks S[-n] menempatkan S hanya pada derajat n dan nol pada derajat lain.
math.algebra.leibniz_rule,Leibniz rule,aturan Leibniz,kaidah Leibniz,o014.aljabr2.chapter3.hom-complex-and-homotopy,o014_new,Aturan tanda untuk diferensial terhadap perkalian homogen dalam kompleks Hom.
math.homological.homotopic_morphism,homotopic morphisms,morfisme homotopik,morfisme yang homotopi,o014.aljabr2.chapter3.hom-complex-and-homotopy,o014_new,Dua morfisme kompleks yang selisihnya merupakan batas dalam kompleks Hom.
math.homological.null_homotopic_morphism,null-homotopic morphism,morfisme homotopik nol,morfisme homotopik dengan morfisme nol,o014.aljabr2.chapter3.hom-complex-and-homotopy,o014_new,Morfisme kompleks yang homotopik dengan morfisme nol.
math.homological.homotopy_category,homotopy category,kategori homotopi,,o014.aljabr2.chapter3.hom-complex-and-homotopy,o014_new,Kategori K(A) dengan objek kompleks dan morfisme berupa kelas homotopi; bentuk ini juga terattestasi dalam saksi istilah ITB 2020.
math.homological.homotopy_cokernel,homotopy cokernel,kokernel homotopi,,o014.aljabr2.chapter3.mapping-cone,o014_new,Morfisme Y ke Cone(f) yang memfaktorkan morfisme u ketika uf homotopik nol sekaligus membawa data homotopinya.
math.homological.homotopy_kernel,homotopy kernel,kernel homotopi,,o014.aljabr2.chapter3.mapping-cone,o014_new,Morfisme Cone(f)[-1] ke X yang memfaktorkan morfisme v ketika fv homotopik nol sekaligus membawa data homotopinya.
math.homological.homotopy_coimage,homotopy coimage,kocitra homotopi,,o014.aljabr2.chapter3.mapping-cone,o014_new,Peran silinder pemetaan sebagai analog homotopik kocitra suatu morfisme kompleks.
math.homological.koszul_sign_rule,Koszul sign rule,aturan tanda Koszul,kaidah tanda Koszul,o014.aljabr2.chapter3.double-complexes,o014_new,Aturan tanda berderajat yang menghasilkan faktor Koszul seperti (-1)^{pq}; no exact Indonesian attestation was located in the bounded Unit 036 field search.
math.homological.k_fold_complex,k-fold complex,kompleks lipat-k,kompleks k-rangkap,o014.aljabr2.chapter3.double-complexes,o014_provisional,Kompleks dengan k arah diferensial yang saling berkomutasi.
math.homological.hom_bicomplex,Hom bicomplex,bikompleks Hom,,o014.aljabr2.chapter3.double-complexes,o014_new,Bikompleks yang dibentuk dari Hom antara dua kompleks; no exact Indonesian field attestation was located and the transparent form remains provisional.
math.homological.bicomplex_homotopy,bicomplex homotopy,homotopi bikompleks,,o014.aljabr2.chapter3.double-complexes,o014_new,Homotopi dua-arah antara morfisme bikompleks; homotopi is strongly attested by the ITB 2020 same-field witness while the compound is not directly attested.
math.homological.rotation_axiom,rotation axiom,aksioma rotasi,,o014.aljabr2.chapter3.mapping-cone-and-long-exact-sequences,o014_new,Aksioma rotasi untuk kategori bertriangulasi; penanda (TR3) mengikuti penomoran sumber.
math.algebra.tensor_power,tensor power,pangkat tensor,hasil kali tensor berulang; hasil kali tensor lipat-n,o014.aljabr2.chapter3.exercises-hochschild-homology-and-cohomology,o014_new,"Use pangkat tensor ke-n for $M^{\otimes n}$ and retain $M^{\otimes 0}:=\Bbbk$."
math.homological.bar_complex,bar complex,kompleks bar,,o014.aljabr2.chapter3.exercises-hochschild-homology-and-cohomology,o014_new,Use bar unchanged and distinguish this from the existing konstruksi bar entry.
math.homological.augmented_bar_complex,augmented bar complex,kompleks bar teraugmentasi,kompleks bar beraugmentasi,o014.aljabr2.chapter3.exercises-hochschild-homology-and-cohomology,o014_new,"For $\mathsf{B}'R$; it is $\Bbbk$-split contractible and is not automatically an $R^e$-projective resolution."
math.homological.augmentation_morphism,augmentation homomorphism,homomorfisme augmentasi,morfisme augmentasi,o014.aljabr2.chapter3.exercises-hochschild-homology-and-cohomology,o014_new,"For $b_0:R\otimes R\to R$; this chain augmentation is multiplication and does not define an augmentation ideal."
math.category.comonad,comonad,komonad,komonada,o014.aljabr2.chapter3.exercises-hochschild-homology-and-cohomology,o014_new,Aligned with the existing monad terminology.
math.homological.hochschild_complex,Hochschild complex,kompleks Hochschild,kompleks rantai Hochschild; kompleks kokrantai Hochschild,o014.aljabr2.chapter3.exercises-hochschild-homology-and-cohomology,o014_new,"Umbrella entry for $C_\bullet(R,M)$ and $C^\bullet(R,M)$."
math.homological.relative_tor,relative Tor,Tor relatif,,o014.aljabr2.chapter3.exercises-hochschild-homology-and-cohomology,o014_new,Forward reference; preserve the symbol Tor.
math.homological.relative_ext,relative Ext,Ext relatif,,o014.aljabr2.chapter3.exercises-hochschild-homology-and-cohomology,o014_new,Forward reference; preserve the symbol Ext.
math.algebra.center,center,pusat,,o014.aljabr2.chapter3.exercises-hochschild-homology-and-cohomology,o014_new,"For elements of an $(R,R)$-bimodule commuting with every $r\in R$; this is the ring center when $M=R$."
math.algebra.cocenter,cocenter,kopusat,,o014.aljabr2.chapter3.exercises-hochschild-homology-and-cohomology,o014_new,"For $M/[M,R]$ and especially $R/[R,R]$; retain the English gloss at first use."
math.algebra.kahler_differentials,Kähler differentials,diferensial Kähler,modul diferensial Kähler; bentuk diferensial Kähler,o014.aljabr2.chapter3.exercises-hochschild-homology-and-cohomology,o014_new,Use modul diferensial Kähler for the module $\Omega_{R\mid\Bbbk}$.
math.algebra.universal_derivation,universal derivation,derivasi universal,,o014.aljabr2.chapter3.exercises-hochschild-homology-and-cohomology,o014_new,"For $r\mapsto \mathrm dr$ and the universal property $\Hom_R(\Omega_{R\mid\Bbbk},M)\simeq\Der_\Bbbk(R,M)$."
math.homological.cyclic_bicomplex,cyclic double complex,bikompleks siklik,kompleks ganda siklik,o014.aljabr2.chapter3.exercises-hochschild-homology-and-cohomology,o014_new,"For $\mathrm{CC}(R)$; use bikompleks kokrantai siklik for the dual cochain version $\mathrm{CC}'(R)$."
math.homological.brutal_truncation,brutal truncation,pemenggalan kasar,pemenggalan brutal; pemenggalan naif; trunkasi brutal,o014.aljabr2.chapter3.exercises-hochschild-homology-and-cohomology,o014_provisional,Retain the English gloss at first use and let the displayed sigma formula control the meaning.
math.homological.cyclic_homology,cyclic homology,homologi siklik,,o014.aljabr2.chapter3.exercises-hochschild-homology-and-cohomology,o014_new,
math.homological.periodic_cyclic_homology,periodic cyclic homology,homologi siklik periodik,homologi siklik berkala,o014.aljabr2.chapter3.exercises-hochschild-homology-and-cohomology,o014_new,
math.homological.connes_periodicity_operator,Connes periodicity operator,operator periodisitas Connes,operator periodik Connes,o014.aljabr2.chapter3.exercises-hochschild-homology-and-cohomology,o014_new,"The homological operator has degree $-2$ and the cohomological operator has degree $+2$."
math.homological.cyclic_cohomology,cyclic cohomology,kohomologi siklik,,o014.aljabr2.chapter3.exercises-hochschild-homology-and-cohomology,o014_new,
math.homological.periodic_cyclic_cohomology,periodic cyclic cohomology,kohomologi siklik periodik,kohomologi siklik berkala,o014.aljabr2.chapter3.exercises-hochschild-homology-and-cohomology,o014_new,
math.algebra.linear_dual,linear dual,dual linear,modul dual; ruang dual; dual k-linear,o014.aljabr2.chapter3.exercises-hochschild-homology-and-cohomology,o014_new,"For the correction $R^\vee:=\Hom_\Bbbk(R,\Bbbk)$; use modul dual when emphasizing that $\Bbbk$ need not be a field."
math.homological.bounded_complex,bounded complex,kompleks terbatas,kompleks berbatas,o014.aljabr2.chapter3.truncation-functors,o014_new,"Termwise zero for $|n|\gg0$; do not confuse this with cohomology vanishing outside a bounded range."
math.homological.bounded_below_complex,bounded-below complex,kompleks terbatas bawah,kompleks terbatas di bawah; kompleks berbatas bawah,o014.aljabr2.chapter3.truncation-functors,o014_new,"For $X^n=0$ when $n\ll0$; corresponds to $\cate C^+(\mathcal A)$."
math.homological.bounded_above_complex,bounded-above complex,kompleks terbatas atas,kompleks terbatas di atas; kompleks berbatas atas,o014.aljabr2.chapter3.truncation-functors,o014_new,"For $X^n=0$ when $n\gg0$; corresponds to $\cate C^-(\mathcal A)$."
math.homological.diagonally_finite_bicomplex,diagonally finite bicomplex,bikompleks berhingga pada setiap diagonal,bikompleks berhingga secara diagonal,o014.aljabr2.chapter3.double-complex-cohomology,o014_new,"Every set of nonzero components on a fixed diagonal $p+q=n$ is finite; the support need not be globally finite."
math.homological.row_exact_bicomplex,row-exact bicomplex,bikompleks eksak pada baris,eksak baris,o014.aljabr2.chapter3.double-complex-cohomology,o014_new,"Each horizontal complex $(X^{\bullet,q},d_h)$ is exact."
math.homological.column_exact_bicomplex,column-exact bicomplex,bikompleks eksak pada kolom,eksak kolom,o014.aljabr2.chapter3.double-complex-cohomology,o014_new,"Each vertical complex $(X^{p,\bullet},d_v)$ is exact."
math.homological.complex_of_injective_objects,complex of injective objects,kompleks yang terdiri atas objek-objek injektif,kompleks yang tersusun atas objek-objek injektif; kompleks objek injektif,o014.aljabr2.chapter3.resolutions,o014_new,"Termwise condition in the underlying Abelian category; do not shorten to kompleks injektif because that can suggest an injective object of the complex category or a K-injective complex."
math.homological.complex_of_projective_objects,complex of projective objects,kompleks yang terdiri atas objek-objek projektif,kompleks yang tersusun atas objek-objek projektif; kompleks objek projektif,o014.aljabr2.chapter3.resolutions,o014_new,"Termwise condition in the underlying Abelian category; do not shorten to kompleks projektif because that can suggest a projective object of the complex category or a K-projective complex."
math.homological.horseshoe_lemma,Horseshoe Lemma,Lema Tapal Kuda,Lema Tapal Kuda (Horseshoe Lemma),o014.aljabr2.chapter3.resolutions,o014_new,"Use the English gloss at first visible occurrence and the Indonesian short form thereafter."
math.homological.classical_derived_functor,classical derived functor,funktor turunan klasik,funktor turunan dalam pengertian klasik,o014.aljabr2.chapter3.classical-derived-functors,o014_new,"Membedakan konstruksi klasik pada objek dari funktor hiperturunan pada kompleks."
math.homological.right_derived_functor,right derived functor,funktor turunan kanan,,o014.aljabr2.chapter3.classical-derived-functors,o014_new,"Untuk $\mathrm{R}^nF$; bentuk khusus dari konsep payung funktor turunan."
math.homological.left_derived_functor,left derived functor,funktor turunan kiri,,o014.aljabr2.chapter3.classical-derived-functors,o014_new,"Untuk $\mathrm{L}_nF$; dual dari funktor turunan kanan."
math.homological.higher_derived_functor,higher derived functor,funktor turunan tingkat tinggi,funktor turunan derajat positif,o014.aljabr2.chapter3.classical-derived-functors,o014_new,"Untuk $\mathrm{R}^nF$ atau $\mathrm{L}_nF$ dengan $n\geq1$."
math.homological.cohomological_delta_functor,cohomological δ-functor,funktor-δ kohomologis,funktor delta kohomologis,o014.aljabr2.chapter3.classical-derived-functors,o014_new,"Subtipe kohomologis dari konsep payung funktor-δ."
math.homological.homological_delta_functor,homological δ-functor,funktor-δ homologis,funktor delta homologis,o014.aljabr2.chapter3.classical-derived-functors,o014_new,"Subtipe homologis yang dual dari funktor-δ kohomologis."
math.homological.f_acyclic_object,F-acyclic object,objek F-asiklik,objek asiklik terhadap F,o014.aljabr2.chapter3.classical-derived-functors,o014_new,"Semua funktor turunan tingkat positif dari $F$ lenyap pada objek; jangan disatukan dengan kompleks asiklik."
math.homological.dimension_shifting,dimension shifting,pergeseran dimensi,penggeseran dimensi,o014.aljabr2.chapter3.classical-derived-functors,o014_new,"Teknik klasik yang menghubungkan funktor turunan berurutan melalui barisan eksak pendek."
math.homological.universal_cohomological_delta_functor,universal cohomological δ-functor,funktor-δ kohomologis universal,funktor delta kohomologis universal,o014.aljabr2.chapter3.classical-derived-functors,o014_new,"Ditentukan oleh sifat perluasan unik morfisme derajat nol."
math.homological.universal_homological_delta_functor,universal homological δ-functor,funktor-δ homologis universal,funktor delta homologis universal,o014.aljabr2.chapter3.classical-derived-functors,o014_new,"Versi dual dari sifat universal funktor-δ kohomologis."
math.homological.enough_k_injective_complexes,enough K-injectives,cukup banyak kompleks K-injektif,,o014.aljabr2.chapter3.k-injectives,o014_new,"Setiap kompleks menerima kuasi-isomorfisme menuju kompleks K-injektif; jangan samakan dengan cukup banyak objek injektif."
math.homological.enough_k_projective_complexes,enough K-projectives,cukup banyak kompleks K-projektif,,o014.aljabr2.chapter3.k-injectives,o014_new,"Setiap kompleks menerima kuasi-isomorfisme dari kompleks K-projektif; jangan samakan dengan cukup banyak objek projektif."
math.homological.split_exact_complex,split exact complex,kompleks eksak terbelah,kompleks eksak split,o014.aljabr2.chapter3.exercises,o014_new,"Kompleks yang eksak melalui pemisahan pada tiap derajat; bentuk indeks ringkasnya ialah eksak terbelah."
math.homological.reduced_bar_complex,reduced bar complex,kompleks bar tereduksi,,o014.aljabr2.chapter3.exercises,o014_new,"Kompleks bar setelah bagian satuan direduksi; dipakai untuk perhitungan homologi Hochschild."
math.algebra.square_zero_extension,square-zero extension,perluasan kuadrat-nol,perluasan berkuadrat nol,o014.aljabr2.chapter3.exercises,o014_new,"Perluasan gelanggang dengan ideal yang kuadratnya nol."
math.category.autoequivalence,autoequivalence,autoekuivalensi,,o014.aljabr2.chapter4.overview,o014_new,Generic concept first used in the phrase autoekuivalensi pergeseran.
math.homological.cohomological_functor,cohomological functor,funktor kohomologis,,o014.aljabr2.chapter4.overview,o014_new,Distinct from the already registered cohomological delta-functor.
math.category.verdier_localization,Verdier localization,lokalisasi Verdier,,o014.aljabr2.chapter4.overview,o014_new,Triangulated-category localization associated with Verdier.
math.homological.triangulated_subcategory,triangulated subcategory,subkategori bertriangulasi,subkategori triangulasi; subkategori tersegitigakan,o014.aljabr2.chapter4.overview,o014_provisional,Coordinate with the provisional triangulated-category form.
math.category.category_with_translation,category with translation,kategori dengan pergeseran,kategori dengan translasi,o014.aljabr2.chapter4.triangulated-category-definition,o014_provisional,Use pergeseran consistently with the established shift terminology; translasi remains a search variant.
math.category.translation_functor,translation functor / shift functor,funktor pergeseran,funktor translasi,o014.aljabr2.chapter3.complexes-over-additive-categories,o014_new,The same preferred form covers the source terms translation functor and shift functor when T is the category equivalence.
math.category.morphism_with_degree,morphism with degree,morfisme berderajat,morfisme dengan derajat,o014.aljabr2.chapter4.triangulated-category-definition,o014_new,Keep distinct from objek bergradasi; the degree may be an integer or a multi-index.
math.homological.triangle,triangle,segitiga,,o014.aljabr2.chapter4.triangulated-category-definition,o014_new,A composable X-to-Y-to-Z-to-TX sequence in a category with translation; distinguished status is separate.
math.homological.pretriangulated_category,pretriangulated category,kategori prabertriangulasi,kategori pratriangulasi,o014.aljabr2.chapter4.triangulated-category-definition,o014_provisional,Transparent parallel to kategori bertriangulasi; retain pratriangulasi as a search variant pending broader field evidence.
math.homological.bounded_below_derived_category,bounded-below derived category,kategori turunan terbatas bawah,kategori turunan berbatas bawah,o014.aljabr2.chapter4.overview,o014_new,The D-plus derived category.
math.homological.bounded_above_derived_category,bounded-above derived category,kategori turunan terbatas atas,kategori turunan berbatas atas,o014.aljabr2.chapter4.overview,o014_new,The D-minus derived category.
math.homological.bounded_derived_category,bounded derived category,kategori turunan terbatas,kategori turunan berbatas,o014.aljabr2.chapter4.overview,o014_new,The bounded derived category D-b.
math.homological.unbounded_derived_category,unbounded derived category,kategori turunan tak terbatas,kategori turunan tanpa batas,o014.aljabr2.chapter4.overview,o014_new,The unrestricted derived category.
math.homological.derived_functor_amplitude,amplitude of a derived functor,amplitudo funktor turunan,amplitudo turunan,o014.aljabr2.chapter4.overview,o014_new,Cohomological displacement range of a derived functor.
math.homological.derived_functor_dimension,dimension of a derived functor,dimensi funktor turunan,,o014.aljabr2.chapter4.overview,o014_new,Dimension determined from derived-functor amplitude.
math.homological.grothendieck_spectral_sequence,Grothendieck spectral sequence,barisan spektral Grothendieck,,o014.aljabr2.chapter4.overview,o014_new,Specific spectral sequence associated with composition of derived functors.
math.homological.derived_hom_functor,derived Hom functor,funktor RHom,Hom turunan; RHom,o014.aljabr2.chapter4.overview,o014_new,Derived-category version of Hom and Ext.
math.homological.derived_bifunctor_theory,theory of derived bifunctors,teori bifunktor turunan,bifunktor turunan,o014.aljabr2.chapter4.overview,o014_new,Theory required for derived functors in two variables.
math.homological.derived_inverse_limit_functor,derived inverse-limit functor,funktor Rlim,limit invers turunan; Rlim,o014.aljabr2.chapter4.overview,o014_provisional,Total right-derived inverse-limit functor; distinct from the generic inverse limit.
math.homotopy.homotopy_limit,homotopy limit,limit homotopi,,o014.aljabr2.chapter4.overview,o014_new,Homotopical replacement underlying the description of Rlim.
math.homological.derived_tensor_product,derived tensor product,hasil kali tensor turunan,produk tensor turunan; otimesL,o014.aljabr2.chapter4.overview,o014_new,Derived-category version of the tensor product.
math.homological.triangulated_bifunctor,triangulated bifunctor,bifunktor bertriangulasi,bifunktor triangulasi,o014.aljabr2.chapter4.overview,o014_provisional,Coordinate with the provisional triangulated-category form.
math.category.associativity_constraint,associativity constraint,kendala asosiativitas,kendala asosiatif,o014.aljabr2.chapter4.overview,o014_new,Coherence constraint for the derived tensor product.
math.homological.derived_tensor_hom_adjunction,derived tensor-Hom adjunction,adjungsi hasil kali tensor turunan-RHom,keadjungan versi RHom; adjungsi RHom-otimesL,o014.aljabr2.chapter4.overview,o014_provisional,Derived adjunction relating tensor and RHom.
math.homological.k_flat_resolution,K-flat resolution,resolusi K-datar,,o014.aljabr2.chapter4.overview,o014_new,Resolution by a K-flat complex.
math.homological.effaceability,effaceability,keterhapusan,sifat keterhapusan,o014.aljabr2.chapter4.overview,o014_new,Nominal property corresponding to an effaceable functor.
math.homological.n_extension,n-extension,ekstensi-n,ekstensi n,o014.aljabr2.chapter4.overview,o014_new,An n-fold extension used in Yoneda's description of Ext.
math.homological.yoneda_ext_theorem,Yoneda theorem for Ext and n-extensions,Teorema Yoneda,teorema Yoneda untuk Ext,o014.aljabr2.chapter4.overview,o014_new,The theorem identifying Ext classes with equivalence classes of n-extensions.
math.homological.unbounded_derived_functor,unbounded derived functor,funktor turunan tak terbatas,funktor turunan tanpa batas,o014.aljabr2.chapter4.overview,o014_new,Derived functor defined on unbounded derived categories.
