stable_id,record_type,canonical_record_json
urn:uuid:0ce8681b-dac6-5970-88bc-3bd7cf80867c,reader_surface,"{""dataset_id"":""urn:uuid:2afd6e58-418c-5b1b-b690-53f4ec9bffdf"",""id"":""urn:uuid:0ce8681b-dac6-5970-88bc-3bd7cf80867c"",""normalized_state"":""published"",""owner_authority_id"":""urn:uuid:09dffe8a-788a-538b-8784-88c509191790"",""owner_native_state"":""published"",""payload"":{""accessibility_profile"":""semantic_html_available_native_accessibility_unknown"",""action"":""learn"",""artifact_id"":""urn:uuid:222b357c-49e9-5924-91f4-fdafec2a5721"",""course_ids"":[""urn:uuid:8d8ea368-373c-54d7-a6d3-4d9cfdaf46fe""],""evidence_binding_ids"":[""urn:uuid:cc55eae0-4dc3-543d-88fe-7691d5d1395f""],""format"":""semantic_html"",""local_path_binding_id"":""urn:uuid:cc55eae0-4dc3-543d-88fe-7691d5d1395f"",""locale"":""id-ID"",""primary"":true,""public_url"":""https://kokunoyumeto.github.io/openstax-prealgebra-2e-id-ID/modules/m56244/index.html"",""publication_state"":""public""},""record_type"":""reader_surface"",""recorded_at"":""2026-08-27T00:00:00Z"",""semantic_key"":""a00:prealgebra2e-volume:reader-surface:html:m56244""}"
urn:uuid:4b5761ee-1216-57a8-93eb-1f505aa185cc,reader_surface,"{""dataset_id"":""urn:uuid:2afd6e58-418c-5b1b-b690-53f4ec9bffdf"",""id"":""urn:uuid:4b5761ee-1216-57a8-93eb-1f505aa185cc"",""normalized_state"":""published"",""owner_authority_id"":""urn:uuid:09dffe8a-788a-538b-8784-88c509191790"",""owner_native_state"":""published"",""payload"":{""accessibility_profile"":""semantic_html_available_native_accessibility_unknown"",""action"":""learn"",""artifact_id"":""urn:uuid:60db36d6-3e97-500f-94ec-2d93c8983b4b"",""course_ids"":[""urn:uuid:8d8ea368-373c-54d7-a6d3-4d9cfdaf46fe""],""evidence_binding_ids"":[""urn:uuid:c4fc4f36-768a-54a4-b093-d872e4b8f696""],""format"":""semantic_html"",""local_path_binding_id"":""urn:uuid:c4fc4f36-768a-54a4-b093-d872e4b8f696"",""locale"":""id-ID"",""primary"":true,""public_url"":""https://kokunoyumeto.github.io/openstax-prealgebra-2e-id-ID/modules/m56248/index.html"",""publication_state"":""public""},""record_type"":""reader_surface"",""recorded_at"":""2026-08-27T00:00:00Z"",""semantic_key"":""a00:prealgebra2e-volume:reader-surface:html:m56248""}"
urn:uuid:f5b30f9f-2507-59da-b3a8-63d0eacf239f,reader_surface,"{""dataset_id"":""urn:uuid:2afd6e58-418c-5b1b-b690-53f4ec9bffdf"",""id"":""urn:uuid:f5b30f9f-2507-59da-b3a8-63d0eacf239f"",""normalized_state"":""published"",""owner_authority_id"":""urn:uuid:09dffe8a-788a-538b-8784-88c509191790"",""owner_native_state"":""published"",""payload"":{""accessibility_profile"":""semantic_html_available_native_accessibility_unknown"",""action"":""learn"",""artifact_id"":""urn:uuid:f946454a-37fe-53c1-8c32-21fae8ed63dc"",""course_ids"":[""urn:uuid:8d8ea368-373c-54d7-a6d3-4d9cfdaf46fe""],""evidence_binding_ids"":[""urn:uuid:f5517b2a-5d7c-5418-9ba3-e7c82411bdb9""],""format"":""semantic_html"",""local_path_binding_id"":""urn:uuid:f5517b2a-5d7c-5418-9ba3-e7c82411bdb9"",""locale"":""id-ID"",""primary"":true,""public_url"":""https://kokunoyumeto.github.io/openstax-prealgebra-2e-id-ID/modules/m56252/index.html"",""publication_state"":""public""},""record_type"":""reader_surface"",""recorded_at"":""2026-08-27T00:00:00Z"",""semantic_key"":""a00:prealgebra2e-volume:reader-surface:html:m56252""}"
urn:uuid:1442c123-2318-5e94-8a8a-2a7baab99689,reader_surface,"{""dataset_id"":""urn:uuid:2afd6e58-418c-5b1b-b690-53f4ec9bffdf"",""id"":""urn:uuid:1442c123-2318-5e94-8a8a-2a7baab99689"",""normalized_state"":""published"",""owner_authority_id"":""urn:uuid:09dffe8a-788a-538b-8784-88c509191790"",""owner_native_state"":""published"",""payload"":{""accessibility_profile"":""semantic_html_available_native_accessibility_unknown"",""action"":""learn"",""artifact_id"":""urn:uuid:87af5271-908d-5546-8467-d99b7b2fd442"",""course_ids"":[""urn:uuid:8d8ea368-373c-54d7-a6d3-4d9cfdaf46fe""],""evidence_binding_ids"":[""urn:uuid:d7ee87db-72e0-501f-b427-c836964da8f2""],""format"":""semantic_html"",""local_path_binding_id"":""urn:uuid:d7ee87db-72e0-501f-b427-c836964da8f2"",""locale"":""id-ID"",""primary"":true,""public_url"":""https://kokunoyumeto.github.io/openstax-prealgebra-2e-id-ID/modules/m81241/index.html"",""publication_state"":""public""},""record_type"":""reader_surface"",""recorded_at"":""2026-08-27T00:00:00Z"",""semantic_key"":""a00:prealgebra2e-volume:reader-surface:html:m81241""}"
urn:uuid:32180043-69a5-5db3-88fe-c0a9e882c782,reader_surface,"{""dataset_id"":""urn:uuid:2afd6e58-418c-5b1b-b690-53f4ec9bffdf"",""id"":""urn:uuid:32180043-69a5-5db3-88fe-c0a9e882c782"",""normalized_state"":""published"",""owner_authority_id"":""urn:uuid:09dffe8a-788a-538b-8784-88c509191790"",""owner_native_state"":""published"",""payload"":{""accessibility_profile"":""semantic_html_available_native_accessibility_unknown"",""action"":""learn"",""artifact_id"":""urn:uuid:bea117c6-13d6-52a7-9c37-fdde019b5ffb"",""course_ids"":[""urn:uuid:8d8ea368-373c-54d7-a6d3-4d9cfdaf46fe""],""evidence_binding_ids"":[""urn:uuid:cb0377e5-96a5-55b0-82cb-8caaa73ee280""],""format"":""semantic_html"",""local_path_binding_id"":""urn:uuid:cb0377e5-96a5-55b0-82cb-8caaa73ee280"",""locale"":""id-ID"",""primary"":true,""public_url"":""https://kokunoyumeto.github.io/openstax-prealgebra-2e-id-ID/modules/m81242/index.html"",""publication_state"":""public""},""record_type"":""reader_surface"",""recorded_at"":""2026-08-27T00:00:00Z"",""semantic_key"":""a00:prealgebra2e-volume:reader-surface:html:m81242""}"
urn:uuid:5aa39bdf-1ee3-5a71-8d30-0a211a315020,reader_surface,"{""dataset_id"":""urn:uuid:2afd6e58-418c-5b1b-b690-53f4ec9bffdf"",""id"":""urn:uuid:5aa39bdf-1ee3-5a71-8d30-0a211a315020"",""normalized_state"":""published"",""owner_authority_id"":""urn:uuid:09dffe8a-788a-538b-8784-88c509191790"",""owner_native_state"":""published"",""payload"":{""accessibility_profile"":""semantic_html_available_native_accessibility_unknown"",""action"":""learn"",""artifact_id"":""urn:uuid:999ee9db-5c6e-55ce-a1e7-f4dda234f42e"",""course_ids"":[""urn:uuid:8d8ea368-373c-54d7-a6d3-4d9cfdaf46fe""],""evidence_binding_ids"":[""urn:uuid:2e2ec916-122f-5b39-a202-efd36002bc02""],""format"":""semantic_html"",""local_path_binding_id"":""urn:uuid:2e2ec916-122f-5b39-a202-efd36002bc02"",""locale"":""id-ID"",""primary"":true,""public_url"":""https://kokunoyumeto.github.io/openstax-prealgebra-2e-id-ID/modules/m81243/index.html"",""publication_state"":""public""},""record_type"":""reader_surface"",""recorded_at"":""2026-08-27T00:00:00Z"",""semantic_key"":""a00:prealgebra2e-volume:reader-surface:html:m81243""}"
urn:uuid:8b0eab81-29d5-5955-a69b-c9a7596d3579,reader_surface,"{""dataset_id"":""urn:uuid:2afd6e58-418c-5b1b-b690-53f4ec9bffdf"",""id"":""urn:uuid:8b0eab81-29d5-5955-a69b-c9a7596d3579"",""normalized_state"":""published"",""owner_authority_id"":""urn:uuid:09dffe8a-788a-538b-8784-88c509191790"",""owner_native_state"":""published"",""payload"":{""accessibility_profile"":""semantic_html_available_native_accessibility_unknown"",""action"":""learn"",""artifact_id"":""urn:uuid:8083c411-26a8-592d-96c0-40c2a956d6e7"",""course_ids"":[""urn:uuid:8d8ea368-373c-54d7-a6d3-4d9cfdaf46fe""],""evidence_binding_ids"":[""urn:uuid:4074e626-2e92-5e2d-8e8e-c84b4717633c""],""format"":""semantic_html"",""local_path_binding_id"":""urn:uuid:4074e626-2e92-5e2d-8e8e-c84b4717633c"",""locale"":""id-ID"",""primary"":true,""public_url"":""https://kokunoyumeto.github.io/openstax-prealgebra-2e-id-ID/modules/m81244/index.html"",""publication_state"":""public""},""record_type"":""reader_surface"",""recorded_at"":""2026-08-27T00:00:00Z"",""semantic_key"":""a00:prealgebra2e-volume:reader-surface:html:m81244""}"
urn:uuid:e77e1f61-2f5b-520a-8d1a-1cb7f7da59e3,reader_surface,"{""dataset_id"":""urn:uuid:2afd6e58-418c-5b1b-b690-53f4ec9bffdf"",""id"":""urn:uuid:e77e1f61-2f5b-520a-8d1a-1cb7f7da59e3"",""normalized_state"":""published"",""owner_authority_id"":""urn:uuid:09dffe8a-788a-538b-8784-88c509191790"",""owner_native_state"":""published"",""payload"":{""accessibility_profile"":""semantic_html_available_native_accessibility_unknown"",""action"":""learn"",""artifact_id"":""urn:uuid:5a84049f-5294-5188-95db-1ba3d27c377f"",""course_ids"":[""urn:uuid:8d8ea368-373c-54d7-a6d3-4d9cfdaf46fe""],""evidence_binding_ids"":[""urn:uuid:c36017e9-98c6-50a6-94b2-729b57aa2b90""],""format"":""semantic_html"",""local_path_binding_id"":""urn:uuid:c36017e9-98c6-50a6-94b2-729b57aa2b90"",""locale"":""id-ID"",""primary"":true,""public_url"":""https://kokunoyumeto.github.io/openstax-prealgebra-2e-id-ID/modules/m81245/index.html"",""publication_state"":""public""},""record_type"":""reader_surface"",""recorded_at"":""2026-08-27T00:00:00Z"",""semantic_key"":""a00:prealgebra2e-volume:reader-surface:html:m81245""}"
urn:uuid:700dbd84-5a32-54d3-b120-bf5a1e3ec3de,reader_surface,"{""dataset_id"":""urn:uuid:2afd6e58-418c-5b1b-b690-53f4ec9bffdf"",""id"":""urn:uuid:700dbd84-5a32-54d3-b120-bf5a1e3ec3de"",""normalized_state"":""published"",""owner_authority_id"":""urn:uuid:09dffe8a-788a-538b-8784-88c509191790"",""owner_native_state"":""published"",""payload"":{""accessibility_profile"":""semantic_html_available_native_accessibility_unknown"",""action"":""learn"",""artifact_id"":""urn:uuid:e9b22608-bc77-5a68-ad18-986122aa8662"",""course_ids"":[""urn:uuid:8d8ea368-373c-54d7-a6d3-4d9cfdaf46fe""],""evidence_binding_ids"":[""urn:uuid:69604882-a04f-5110-8df4-96dd98d10d90""],""format"":""semantic_html"",""local_path_binding_id"":""urn:uuid:69604882-a04f-5110-8df4-96dd98d10d90"",""locale"":""id-ID"",""primary"":true,""public_url"":""https://kokunoyumeto.github.io/openstax-prealgebra-2e-id-ID/modules/m81255/index.html"",""publication_state"":""public""},""record_type"":""reader_surface"",""recorded_at"":""2026-08-27T00:00:00Z"",""semantic_key"":""a00:prealgebra2e-volume:reader-surface:html:m81255""}"
urn:uuid:887b43ce-dbd4-55af-bbc1-24e153843e13,reader_surface,"{""dataset_id"":""urn:uuid:2afd6e58-418c-5b1b-b690-53f4ec9bffdf"",""id"":""urn:uuid:887b43ce-dbd4-55af-bbc1-24e153843e13"",""normalized_state"":""published"",""owner_authority_id"":""urn:uuid:09dffe8a-788a-538b-8784-88c509191790"",""owner_native_state"":""published"",""payload"":{""accessibility_profile"":""semantic_html_available_native_accessibility_unknown"",""action"":""learn"",""artifact_id"":""urn:uuid:9ab3ca5a-2bf6-533e-9d40-5335ebf4a138"",""course_ids"":[""urn:uuid:8d8ea368-373c-54d7-a6d3-4d9cfdaf46fe""],""evidence_binding_ids"":[""urn:uuid:6b3725d4-ce3c-5ab7-97df-0093f086f891""],""format"":""semantic_html"",""local_path_binding_id"":""urn:uuid:6b3725d4-ce3c-5ab7-97df-0093f086f891"",""locale"":""id-ID"",""primary"":true,""public_url"":""https://kokunoyumeto.github.io/openstax-prealgebra-2e-id-ID/modules/m81256/index.html"",""publication_state"":""public""},""record_type"":""reader_surface"",""recorded_at"":""2026-08-27T00:00:00Z"",""semantic_key"":""a00:prealgebra2e-volume:reader-surface:html:m81256""}"
urn:uuid:20568231-39c9-54b1-90dd-990930f1f043,reader_surface,"{""dataset_id"":""urn:uuid:2afd6e58-418c-5b1b-b690-53f4ec9bffdf"",""id"":""urn:uuid:20568231-39c9-54b1-90dd-990930f1f043"",""normalized_state"":""published"",""owner_authority_id"":""urn:uuid:09dffe8a-788a-538b-8784-88c509191790"",""owner_native_state"":""published"",""payload"":{""accessibility_profile"":""semantic_html_available_native_accessibility_unknown"",""action"":""learn"",""artifact_id"":""urn:uuid:4e57b6f5-c4a0-5cbb-b4a9-14594b57b34c"",""course_ids"":[""urn:uuid:8d8ea368-373c-54d7-a6d3-4d9cfdaf46fe""],""evidence_binding_ids"":[""urn:uuid:bac20777-de8f-54ae-a502-d7b1408c2ec5""],""format"":""semantic_html"",""local_path_binding_id"":""urn:uuid:bac20777-de8f-54ae-a502-d7b1408c2ec5"",""locale"":""id-ID"",""primary"":true,""public_url"":""https://kokunoyumeto.github.io/openstax-prealgebra-2e-id-ID/modules/m81266/index.html"",""publication_state"":""public""},""record_type"":""reader_surface"",""recorded_at"":""2026-08-27T00:00:00Z"",""semantic_key"":""a00:prealgebra2e-volume:reader-surface:html:m81266""}"
urn:uuid:03231831-a4c7-59d4-aa8e-cc5e520f1da4,reader_surface,"{""dataset_id"":""urn:uuid:2afd6e58-418c-5b1b-b690-53f4ec9bffdf"",""id"":""urn:uuid:03231831-a4c7-59d4-aa8e-cc5e520f1da4"",""normalized_state"":""published"",""owner_authority_id"":""urn:uuid:09dffe8a-788a-538b-8784-88c509191790"",""owner_native_state"":""published"",""payload"":{""accessibility_profile"":""semantic_html_available_native_accessibility_unknown"",""action"":""learn"",""artifact_id"":""urn:uuid:58b2987a-0e22-5280-8af5-059ab1ba30bd"",""course_ids"":[""urn:uuid:8d8ea368-373c-54d7-a6d3-4d9cfdaf46fe""],""evidence_binding_ids"":[""urn:uuid:b135976f-5464-56f5-b294-55dba457cde1""],""format"":""semantic_html"",""local_path_binding_id"":""urn:uuid:b135976f-5464-56f5-b294-55dba457cde1"",""locale"":""id-ID"",""primary"":true,""public_url"":""https://kokunoyumeto.github.io/openstax-prealgebra-2e-id-ID/modules/m81268/index.html"",""publication_state"":""public""},""record_type"":""reader_surface"",""recorded_at"":""2026-08-27T00:00:00Z"",""semantic_key"":""a00:prealgebra2e-volume:reader-surface:html:m81268""}"
urn:uuid:063b55af-0e53-58a6-a7a5-6dfcd75ea57c,reader_surface,"{""dataset_id"":""urn:uuid:2afd6e58-418c-5b1b-b690-53f4ec9bffdf"",""id"":""urn:uuid:063b55af-0e53-58a6-a7a5-6dfcd75ea57c"",""normalized_state"":""published"",""owner_authority_id"":""urn:uuid:09dffe8a-788a-538b-8784-88c509191790"",""owner_native_state"":""published"",""payload"":{""accessibility_profile"":""semantic_html_available_native_accessibility_unknown"",""action"":""learn"",""artifact_id"":""urn:uuid:66e0a314-8cd4-51ee-a5e3-4c02a2cec9c6"",""course_ids"":[""urn:uuid:8d8ea368-373c-54d7-a6d3-4d9cfdaf46fe""],""evidence_binding_ids"":[""urn:uuid:6dc65029-32c1-5e38-83b4-7134eee69517""],""format"":""semantic_html"",""local_path_binding_id"":""urn:uuid:6dc65029-32c1-5e38-83b4-7134eee69517"",""locale"":""id-ID"",""primary"":true,""public_url"":""https://kokunoyumeto.github.io/openstax-prealgebra-2e-id-ID/modules/m81270/index.html"",""publication_state"":""public""},""record_type"":""reader_surface"",""recorded_at"":""2026-08-27T00:00:00Z"",""semantic_key"":""a00:prealgebra2e-volume:reader-surface:html:m81270""}"
urn:uuid:5d3832e1-d26a-540a-b954-f0ed8f1fe2b4,reader_surface,"{""dataset_id"":""urn:uuid:2afd6e58-418c-5b1b-b690-53f4ec9bffdf"",""id"":""urn:uuid:5d3832e1-d26a-540a-b954-f0ed8f1fe2b4"",""normalized_state"":""published"",""owner_authority_id"":""urn:uuid:09dffe8a-788a-538b-8784-88c509191790"",""owner_native_state"":""published"",""payload"":{""accessibility_profile"":""semantic_html_available_native_accessibility_unknown"",""action"":""learn"",""artifact_id"":""urn:uuid:d046505b-e6d4-5ca0-8a7f-8fce8afd7f98"",""course_ids"":[""urn:uuid:8d8ea368-373c-54d7-a6d3-4d9cfdaf46fe""],""evidence_binding_ids"":[""urn:uuid:9de93162-27d3-5cfa-b677-f964a5bd98f2""],""format"":""semantic_html"",""local_path_binding_id"":""urn:uuid:9de93162-27d3-5cfa-b677-f964a5bd98f2"",""locale"":""id-ID"",""primary"":true,""public_url"":""https://kokunoyumeto.github.io/openstax-prealgebra-2e-id-ID/modules/m81271/index.html"",""publication_state"":""public""},""record_type"":""reader_surface"",""recorded_at"":""2026-08-27T00:00:00Z"",""semantic_key"":""a00:prealgebra2e-volume:reader-surface:html:m81271""}"
urn:uuid:b1923a49-572d-50d6-80d1-99d064d9c82d,reader_surface,"{""dataset_id"":""urn:uuid:2afd6e58-418c-5b1b-b690-53f4ec9bffdf"",""id"":""urn:uuid:b1923a49-572d-50d6-80d1-99d064d9c82d"",""normalized_state"":""published"",""owner_authority_id"":""urn:uuid:09dffe8a-788a-538b-8784-88c509191790"",""owner_native_state"":""published"",""payload"":{""accessibility_profile"":""semantic_html_available_native_accessibility_unknown"",""action"":""learn"",""artifact_id"":""urn:uuid:77504f0c-de06-556f-938a-800b10d974f9"",""course_ids"":[""urn:uuid:8d8ea368-373c-54d7-a6d3-4d9cfdaf46fe""],""evidence_binding_ids"":[""urn:uuid:ddb30fd7-ec6c-5ed0-a4bb-638eefc7f01b""],""format"":""semantic_html"",""local_path_binding_id"":""urn:uuid:ddb30fd7-ec6c-5ed0-a4bb-638eefc7f01b"",""locale"":""id-ID"",""primary"":true,""public_url"":""https://kokunoyumeto.github.io/openstax-prealgebra-2e-id-ID/modules/m81272/index.html"",""publication_state"":""public""},""record_type"":""reader_surface"",""recorded_at"":""2026-08-27T00:00:00Z"",""semantic_key"":""a00:prealgebra2e-volume:reader-surface:html:m81272""}"
urn:uuid:30090156-e4a2-518b-a2e7-e42fcbcc5dde,reader_surface,"{""dataset_id"":""urn:uuid:2afd6e58-418c-5b1b-b690-53f4ec9bffdf"",""id"":""urn:uuid:30090156-e4a2-518b-a2e7-e42fcbcc5dde"",""normalized_state"":""published"",""owner_authority_id"":""urn:uuid:09dffe8a-788a-538b-8784-88c509191790"",""owner_native_state"":""published"",""payload"":{""accessibility_profile"":""semantic_html_available_native_accessibility_unknown"",""action"":""learn"",""artifact_id"":""urn:uuid:4b581f3f-f2b6-598a-9a60-90a5642c49bb"",""course_ids"":[""urn:uuid:8d8ea368-373c-54d7-a6d3-4d9cfdaf46fe""],""evidence_binding_ids"":[""urn:uuid:44bf8f17-522c-51e6-bd3d-ae665256e89e""],""format"":""semantic_html"",""local_path_binding_id"":""urn:uuid:44bf8f17-522c-51e6-bd3d-ae665256e89e"",""locale"":""id-ID"",""primary"":true,""public_url"":""https://kokunoyumeto.github.io/openstax-prealgebra-2e-id-ID/modules/m81273/index.html"",""publication_state"":""public""},""record_type"":""reader_surface"",""recorded_at"":""2026-08-27T00:00:00Z"",""semantic_key"":""a00:prealgebra2e-volume:reader-surface:html:m81273""}"
urn:uuid:48c9710e-07a4-5ef6-aaf2-8e6e469568b0,reader_surface,"{""dataset_id"":""urn:uuid:2afd6e58-418c-5b1b-b690-53f4ec9bffdf"",""id"":""urn:uuid:48c9710e-07a4-5ef6-aaf2-8e6e469568b0"",""normalized_state"":""published"",""owner_authority_id"":""urn:uuid:09dffe8a-788a-538b-8784-88c509191790"",""owner_native_state"":""published"",""payload"":{""accessibility_profile"":""semantic_html_available_native_accessibility_unknown"",""action"":""learn"",""artifact_id"":""urn:uuid:1ab62f0e-bda8-54d6-a872-9d384a10e567"",""course_ids"":[""urn:uuid:8d8ea368-373c-54d7-a6d3-4d9cfdaf46fe""],""evidence_binding_ids"":[""urn:uuid:5e52417a-c1e0-5e57-be07-bc234d981d34""],""format"":""semantic_html"",""local_path_binding_id"":""urn:uuid:5e52417a-c1e0-5e57-be07-bc234d981d34"",""locale"":""id-ID"",""primary"":true,""public_url"":""https://kokunoyumeto.github.io/openstax-prealgebra-2e-id-ID/modules/m81274/index.html"",""publication_state"":""public""},""record_type"":""reader_surface"",""recorded_at"":""2026-08-27T00:00:00Z"",""semantic_key"":""a00:prealgebra2e-volume:reader-surface:html:m81274""}"
urn:uuid:f4624c55-b61e-514b-829b-7f79d4cc8115,reader_surface,"{""dataset_id"":""urn:uuid:2afd6e58-418c-5b1b-b690-53f4ec9bffdf"",""id"":""urn:uuid:f4624c55-b61e-514b-829b-7f79d4cc8115"",""normalized_state"":""published"",""owner_authority_id"":""urn:uuid:09dffe8a-788a-538b-8784-88c509191790"",""owner_native_state"":""published"",""payload"":{""accessibility_profile"":""semantic_html_available_native_accessibility_unknown"",""action"":""learn"",""artifact_id"":""urn:uuid:c6779ef8-cc90-5743-807e-221cc6a788d1"",""course_ids"":[""urn:uuid:8d8ea368-373c-54d7-a6d3-4d9cfdaf46fe""],""evidence_binding_ids"":[""urn:uuid:540203e4-0d1a-5bc5-8dc1-712de2a18e4d""],""format"":""semantic_html"",""local_path_binding_id"":""urn:uuid:540203e4-0d1a-5bc5-8dc1-712de2a18e4d"",""locale"":""id-ID"",""primary"":true,""public_url"":""https://kokunoyumeto.github.io/openstax-prealgebra-2e-id-ID/modules/m81275/index.html"",""publication_state"":""public""},""record_type"":""reader_surface"",""recorded_at"":""2026-08-27T00:00:00Z"",""semantic_key"":""a00:prealgebra2e-volume:reader-surface:html:m81275""}"
urn:uuid:fb958290-787b-5548-b7cd-965a47b605a8,reader_surface,"{""dataset_id"":""urn:uuid:2afd6e58-418c-5b1b-b690-53f4ec9bffdf"",""id"":""urn:uuid:fb958290-787b-5548-b7cd-965a47b605a8"",""normalized_state"":""published"",""owner_authority_id"":""urn:uuid:09dffe8a-788a-538b-8784-88c509191790"",""owner_native_state"":""published"",""payload"":{""accessibility_profile"":""semantic_html_available_native_accessibility_unknown"",""action"":""learn"",""artifact_id"":""urn:uuid:dfe5db26-76f3-5a64-a6f8-dd732bdbe5b7"",""course_ids"":[""urn:uuid:8d8ea368-373c-54d7-a6d3-4d9cfdaf46fe""],""evidence_binding_ids"":[""urn:uuid:c8baeaa8-ec03-5776-a656-3f59434bc0c3""],""format"":""semantic_html"",""local_path_binding_id"":""urn:uuid:c8baeaa8-ec03-5776-a656-3f59434bc0c3"",""locale"":""id-ID"",""primary"":true,""public_url"":""https://kokunoyumeto.github.io/openstax-prealgebra-2e-id-ID/modules/m81276/index.html"",""publication_state"":""public""},""record_type"":""reader_surface"",""recorded_at"":""2026-08-27T00:00:00Z"",""semantic_key"":""a00:prealgebra2e-volume:reader-surface:html:m81276""}"
urn:uuid:6149ad83-f3bf-53f1-9324-f0532933d143,reader_surface,"{""dataset_id"":""urn:uuid:2afd6e58-418c-5b1b-b690-53f4ec9bffdf"",""id"":""urn:uuid:6149ad83-f3bf-53f1-9324-f0532933d143"",""normalized_state"":""published"",""owner_authority_id"":""urn:uuid:09dffe8a-788a-538b-8784-88c509191790"",""owner_native_state"":""published"",""payload"":{""accessibility_profile"":""semantic_html_available_native_accessibility_unknown"",""action"":""learn"",""artifact_id"":""urn:uuid:d7241b59-dfc5-5f6e-8ace-77dbbdff3ea4"",""course_ids"":[""urn:uuid:8d8ea368-373c-54d7-a6d3-4d9cfdaf46fe""],""evidence_binding_ids"":[""urn:uuid:0a0512d2-5199-58ff-9477-7c2ee4ad3df1""],""format"":""semantic_html"",""local_path_binding_id"":""urn:uuid:0a0512d2-5199-58ff-9477-7c2ee4ad3df1"",""locale"":""id-ID"",""primary"":true,""public_url"":""https://kokunoyumeto.github.io/openstax-prealgebra-2e-id-ID/modules/m81277/index.html"",""publication_state"":""public""},""record_type"":""reader_surface"",""recorded_at"":""2026-08-27T00:00:00Z"",""semantic_key"":""a00:prealgebra2e-volume:reader-surface:html:m81277""}"
urn:uuid:7ded18f5-b152-5a1b-a0a9-b8f15593a7cf,reader_surface,"{""dataset_id"":""urn:uuid:2afd6e58-418c-5b1b-b690-53f4ec9bffdf"",""id"":""urn:uuid:7ded18f5-b152-5a1b-a0a9-b8f15593a7cf"",""normalized_state"":""published"",""owner_authority_id"":""urn:uuid:09dffe8a-788a-538b-8784-88c509191790"",""owner_native_state"":""published"",""payload"":{""accessibility_profile"":""semantic_html_available_native_accessibility_unknown"",""action"":""learn"",""artifact_id"":""urn:uuid:222e5a9e-c32a-537b-8e1b-078b0b2f44d5"",""course_ids"":[""urn:uuid:8d8ea368-373c-54d7-a6d3-4d9cfdaf46fe""],""evidence_binding_ids"":[""urn:uuid:43e69f0b-b106-5231-84e6-0e9fee30ddf4""],""format"":""semantic_html"",""local_path_binding_id"":""urn:uuid:43e69f0b-b106-5231-84e6-0e9fee30ddf4"",""locale"":""id-ID"",""primary"":true,""public_url"":""https://kokunoyumeto.github.io/openstax-prealgebra-2e-id-ID/modules/m81278/index.html"",""publication_state"":""public""},""record_type"":""reader_surface"",""recorded_at"":""2026-08-27T00:00:00Z"",""semantic_key"":""a00:prealgebra2e-volume:reader-surface:html:m81278""}"
urn:uuid:8dee45dc-af4d-54da-b915-e26a54999d0d,reader_surface,"{""dataset_id"":""urn:uuid:2afd6e58-418c-5b1b-b690-53f4ec9bffdf"",""id"":""urn:uuid:8dee45dc-af4d-54da-b915-e26a54999d0d"",""normalized_state"":""published"",""owner_authority_id"":""urn:uuid:09dffe8a-788a-538b-8784-88c509191790"",""owner_native_state"":""published"",""payload"":{""accessibility_profile"":""semantic_html_available_native_accessibility_unknown"",""action"":""learn"",""artifact_id"":""urn:uuid:c82ae766-9c8c-5064-90a5-0163d2251729"",""course_ids"":[""urn:uuid:8d8ea368-373c-54d7-a6d3-4d9cfdaf46fe""],""evidence_binding_ids"":[""urn:uuid:6e4c85dc-2ab4-5202-962b-086c2237f3b7""],""format"":""semantic_html"",""local_path_binding_id"":""urn:uuid:6e4c85dc-2ab4-5202-962b-086c2237f3b7"",""locale"":""id-ID"",""primary"":true,""public_url"":""https://kokunoyumeto.github.io/openstax-prealgebra-2e-id-ID/modules/m81281/index.html"",""publication_state"":""public""},""record_type"":""reader_surface"",""recorded_at"":""2026-08-27T00:00:00Z"",""semantic_key"":""a00:prealgebra2e-volume:reader-surface:html:m81281""}"
urn:uuid:6ca8b465-3b5b-5c8a-be74-3bf15bd826be,reader_surface,"{""dataset_id"":""urn:uuid:2afd6e58-418c-5b1b-b690-53f4ec9bffdf"",""id"":""urn:uuid:6ca8b465-3b5b-5c8a-be74-3bf15bd826be"",""normalized_state"":""published"",""owner_authority_id"":""urn:uuid:09dffe8a-788a-538b-8784-88c509191790"",""owner_native_state"":""published"",""payload"":{""accessibility_profile"":""semantic_html_available_native_accessibility_unknown"",""action"":""learn"",""artifact_id"":""urn:uuid:5579a35d-cf00-5f3f-85f2-efc545071a09"",""course_ids"":[""urn:uuid:8d8ea368-373c-54d7-a6d3-4d9cfdaf46fe""],""evidence_binding_ids"":[""urn:uuid:f38beaf7-8d72-5716-8068-b7ac8dc01a61""],""format"":""semantic_html"",""local_path_binding_id"":""urn:uuid:f38beaf7-8d72-5716-8068-b7ac8dc01a61"",""locale"":""id-ID"",""primary"":true,""public_url"":""https://kokunoyumeto.github.io/openstax-prealgebra-2e-id-ID/modules/m81284/index.html"",""publication_state"":""public""},""record_type"":""reader_surface"",""recorded_at"":""2026-08-27T00:00:00Z"",""semantic_key"":""a00:prealgebra2e-volume:reader-surface:html:m81284""}"
urn:uuid:bcaf30c1-2628-5ee5-b9ee-d20e60d79678,reader_surface,"{""dataset_id"":""urn:uuid:2afd6e58-418c-5b1b-b690-53f4ec9bffdf"",""id"":""urn:uuid:bcaf30c1-2628-5ee5-b9ee-d20e60d79678"",""normalized_state"":""published"",""owner_authority_id"":""urn:uuid:09dffe8a-788a-538b-8784-88c509191790"",""owner_native_state"":""published"",""payload"":{""accessibility_profile"":""semantic_html_available_native_accessibility_unknown"",""action"":""learn"",""artifact_id"":""urn:uuid:c9c48fbd-635f-517b-819c-33d30ea9707d"",""course_ids"":[""urn:uuid:8d8ea368-373c-54d7-a6d3-4d9cfdaf46fe""],""evidence_binding_ids"":[""urn:uuid:73f2d5eb-3766-588e-a405-140b4e9286ac""],""format"":""semantic_html"",""local_path_binding_id"":""urn:uuid:73f2d5eb-3766-588e-a405-140b4e9286ac"",""locale"":""id-ID"",""primary"":true,""public_url"":""https://kokunoyumeto.github.io/openstax-prealgebra-2e-id-ID/modules/m81285/index.html"",""publication_state"":""public""},""record_type"":""reader_surface"",""recorded_at"":""2026-08-27T00:00:00Z"",""semantic_key"":""a00:prealgebra2e-volume:reader-surface:html:m81285""}"
urn:uuid:ab3b1952-a09b-561c-94ee-aeb0eaa8b10f,reader_surface,"{""dataset_id"":""urn:uuid:2afd6e58-418c-5b1b-b690-53f4ec9bffdf"",""id"":""urn:uuid:ab3b1952-a09b-561c-94ee-aeb0eaa8b10f"",""normalized_state"":""published"",""owner_authority_id"":""urn:uuid:09dffe8a-788a-538b-8784-88c509191790"",""owner_native_state"":""published"",""payload"":{""accessibility_profile"":""semantic_html_available_native_accessibility_unknown"",""action"":""learn"",""artifact_id"":""urn:uuid:b5b23a09-04b0-5220-9742-7d56bf5eb0c9"",""course_ids"":[""urn:uuid:8d8ea368-373c-54d7-a6d3-4d9cfdaf46fe""],""evidence_binding_ids"":[""urn:uuid:6944dfa7-6b12-5a9f-93b3-9932600ae2ac""],""format"":""semantic_html"",""local_path_binding_id"":""urn:uuid:6944dfa7-6b12-5a9f-93b3-9932600ae2ac"",""locale"":""id-ID"",""primary"":true,""public_url"":""https://kokunoyumeto.github.io/openstax-prealgebra-2e-id-ID/modules/m81286/index.html"",""publication_state"":""public""},""record_type"":""reader_surface"",""recorded_at"":""2026-08-27T00:00:00Z"",""semantic_key"":""a00:prealgebra2e-volume:reader-surface:html:m81286""}"
urn:uuid:2163e503-d442-52f0-93c0-830f88c74472,reader_surface,"{""dataset_id"":""urn:uuid:2afd6e58-418c-5b1b-b690-53f4ec9bffdf"",""id"":""urn:uuid:2163e503-d442-52f0-93c0-830f88c74472"",""normalized_state"":""published"",""owner_authority_id"":""urn:uuid:09dffe8a-788a-538b-8784-88c509191790"",""owner_native_state"":""published"",""payload"":{""accessibility_profile"":""semantic_html_available_native_accessibility_unknown"",""action"":""learn"",""artifact_id"":""urn:uuid:70be72f6-9298-5fd2-ac54-bdbb41dba530"",""course_ids"":[""urn:uuid:8d8ea368-373c-54d7-a6d3-4d9cfdaf46fe""],""evidence_binding_ids"":[""urn:uuid:d9e55b9c-096f-59e1-b033-78fa2f8d60ab""],""format"":""semantic_html"",""local_path_binding_id"":""urn:uuid:d9e55b9c-096f-59e1-b033-78fa2f8d60ab"",""locale"":""id-ID"",""primary"":true,""public_url"":""https://kokunoyumeto.github.io/openstax-prealgebra-2e-id-ID/modules/m81287/index.html"",""publication_state"":""public""},""record_type"":""reader_surface"",""recorded_at"":""2026-08-27T00:00:00Z"",""semantic_key"":""a00:prealgebra2e-volume:reader-surface:html:m81287""}"
urn:uuid:47efb288-ecdd-5943-aaed-58878f941e95,reader_surface,"{""dataset_id"":""urn:uuid:2afd6e58-418c-5b1b-b690-53f4ec9bffdf"",""id"":""urn:uuid:47efb288-ecdd-5943-aaed-58878f941e95"",""normalized_state"":""published"",""owner_authority_id"":""urn:uuid:09dffe8a-788a-538b-8784-88c509191790"",""owner_native_state"":""published"",""payload"":{""accessibility_profile"":""semantic_html_available_native_accessibility_unknown"",""action"":""learn"",""artifact_id"":""urn:uuid:94ce4557-a873-529c-9667-ed8bc7bb85e3"",""course_ids"":[""urn:uuid:8d8ea368-373c-54d7-a6d3-4d9cfdaf46fe""],""evidence_binding_ids"":[""urn:uuid:45dc8da3-9f97-5ef1-8233-b202f861493c""],""format"":""semantic_html"",""local_path_binding_id"":""urn:uuid:45dc8da3-9f97-5ef1-8233-b202f861493c"",""locale"":""id-ID"",""primary"":true,""public_url"":""https://kokunoyumeto.github.io/openstax-prealgebra-2e-id-ID/modules/m81288/index.html"",""publication_state"":""public""},""record_type"":""reader_surface"",""recorded_at"":""2026-08-27T00:00:00Z"",""semantic_key"":""a00:prealgebra2e-volume:reader-surface:html:m81288""}"
urn:uuid:08fad5ae-167f-5708-a023-350b885d9862,reader_surface,"{""dataset_id"":""urn:uuid:2afd6e58-418c-5b1b-b690-53f4ec9bffdf"",""id"":""urn:uuid:08fad5ae-167f-5708-a023-350b885d9862"",""normalized_state"":""published"",""owner_authority_id"":""urn:uuid:09dffe8a-788a-538b-8784-88c509191790"",""owner_native_state"":""published"",""payload"":{""accessibility_profile"":""semantic_html_available_native_accessibility_unknown"",""action"":""learn"",""artifact_id"":""urn:uuid:f87ff080-d9c8-5586-b5de-d103ed9fd9c8"",""course_ids"":[""urn:uuid:8d8ea368-373c-54d7-a6d3-4d9cfdaf46fe""],""evidence_binding_ids"":[""urn:uuid:6ef0fb04-1829-5755-963b-8f734dfcedd7""],""format"":""semantic_html"",""local_path_binding_id"":""urn:uuid:6ef0fb04-1829-5755-963b-8f734dfcedd7"",""locale"":""id-ID"",""primary"":true,""public_url"":""https://kokunoyumeto.github.io/openstax-prealgebra-2e-id-ID/modules/m81289/index.html"",""publication_state"":""public""},""record_type"":""reader_surface"",""recorded_at"":""2026-08-27T00:00:00Z"",""semantic_key"":""a00:prealgebra2e-volume:reader-surface:html:m81289""}"
urn:uuid:ab06dd26-d242-5f82-9ff4-e4362f6448a5,reader_surface,"{""dataset_id"":""urn:uuid:2afd6e58-418c-5b1b-b690-53f4ec9bffdf"",""id"":""urn:uuid:ab06dd26-d242-5f82-9ff4-e4362f6448a5"",""normalized_state"":""published"",""owner_authority_id"":""urn:uuid:09dffe8a-788a-538b-8784-88c509191790"",""owner_native_state"":""published"",""payload"":{""accessibility_profile"":""semantic_html_available_native_accessibility_unknown"",""action"":""learn"",""artifact_id"":""urn:uuid:7ea9abd6-f82f-5317-80fd-4e30ebb17e9d"",""course_ids"":[""urn:uuid:8d8ea368-373c-54d7-a6d3-4d9cfdaf46fe""],""evidence_binding_ids"":[""urn:uuid:794fed33-8863-590b-8797-14f5a978fd2f""],""format"":""semantic_html"",""local_path_binding_id"":""urn:uuid:794fed33-8863-590b-8797-14f5a978fd2f"",""locale"":""id-ID"",""primary"":true,""public_url"":""https://kokunoyumeto.github.io/openstax-prealgebra-2e-id-ID/modules/m81290/index.html"",""publication_state"":""public""},""record_type"":""reader_surface"",""recorded_at"":""2026-08-27T00:00:00Z"",""semantic_key"":""a00:prealgebra2e-volume:reader-surface:html:m81290""}"
urn:uuid:66d33505-2932-587c-91a2-61b6a7475c6d,reader_surface,"{""dataset_id"":""urn:uuid:2afd6e58-418c-5b1b-b690-53f4ec9bffdf"",""id"":""urn:uuid:66d33505-2932-587c-91a2-61b6a7475c6d"",""normalized_state"":""published"",""owner_authority_id"":""urn:uuid:09dffe8a-788a-538b-8784-88c509191790"",""owner_native_state"":""published"",""payload"":{""accessibility_profile"":""semantic_html_available_native_accessibility_unknown"",""action"":""learn"",""artifact_id"":""urn:uuid:bfada4aa-27ac-5e58-a612-fcbe288e2105"",""course_ids"":[""urn:uuid:8d8ea368-373c-54d7-a6d3-4d9cfdaf46fe""],""evidence_binding_ids"":[""urn:uuid:5ef54037-3cbd-55ec-91e7-7918cc403226""],""format"":""semantic_html"",""local_path_binding_id"":""urn:uuid:5ef54037-3cbd-55ec-91e7-7918cc403226"",""locale"":""id-ID"",""primary"":true,""public_url"":""https://kokunoyumeto.github.io/openstax-prealgebra-2e-id-ID/modules/m81291/index.html"",""publication_state"":""public""},""record_type"":""reader_surface"",""recorded_at"":""2026-08-27T00:00:00Z"",""semantic_key"":""a00:prealgebra2e-volume:reader-surface:html:m81291""}"
urn:uuid:9c95db52-6eea-5684-955a-d9d36cd26306,reader_surface,"{""dataset_id"":""urn:uuid:2afd6e58-418c-5b1b-b690-53f4ec9bffdf"",""id"":""urn:uuid:9c95db52-6eea-5684-955a-d9d36cd26306"",""normalized_state"":""published"",""owner_authority_id"":""urn:uuid:09dffe8a-788a-538b-8784-88c509191790"",""owner_native_state"":""published"",""payload"":{""accessibility_profile"":""semantic_html_available_native_accessibility_unknown"",""action"":""learn"",""artifact_id"":""urn:uuid:671ea388-1512-55b8-9135-1b69d2b7f030"",""course_ids"":[""urn:uuid:8d8ea368-373c-54d7-a6d3-4d9cfdaf46fe""],""evidence_binding_ids"":[""urn:uuid:b28a39cc-0cca-5829-8afb-99195e30bee0""],""format"":""semantic_html"",""local_path_binding_id"":""urn:uuid:b28a39cc-0cca-5829-8afb-99195e30bee0"",""locale"":""id-ID"",""primary"":true,""public_url"":""https://kokunoyumeto.github.io/openstax-prealgebra-2e-id-ID/modules/m81292/index.html"",""publication_state"":""public""},""record_type"":""reader_surface"",""recorded_at"":""2026-08-27T00:00:00Z"",""semantic_key"":""a00:prealgebra2e-volume:reader-surface:html:m81292""}"
urn:uuid:5acee3fa-a7aa-564e-9697-6349d2921353,reader_surface,"{""dataset_id"":""urn:uuid:2afd6e58-418c-5b1b-b690-53f4ec9bffdf"",""id"":""urn:uuid:5acee3fa-a7aa-564e-9697-6349d2921353"",""normalized_state"":""published"",""owner_authority_id"":""urn:uuid:09dffe8a-788a-538b-8784-88c509191790"",""owner_native_state"":""published"",""payload"":{""accessibility_profile"":""semantic_html_available_native_accessibility_unknown"",""action"":""learn"",""artifact_id"":""urn:uuid:74013d9f-4cba-5f07-8c3b-dfcfd0cf93c4"",""course_ids"":[""urn:uuid:8d8ea368-373c-54d7-a6d3-4d9cfdaf46fe""],""evidence_binding_ids"":[""urn:uuid:1ed7b405-3b21-521c-bade-5141ade131d3""],""format"":""semantic_html"",""local_path_binding_id"":""urn:uuid:1ed7b405-3b21-521c-bade-5141ade131d3"",""locale"":""id-ID"",""primary"":true,""public_url"":""https://kokunoyumeto.github.io/openstax-prealgebra-2e-id-ID/modules/m81293/index.html"",""publication_state"":""public""},""record_type"":""reader_surface"",""recorded_at"":""2026-08-27T00:00:00Z"",""semantic_key"":""a00:prealgebra2e-volume:reader-surface:html:m81293""}"
urn:uuid:ad3dc90d-cffa-5a9f-864a-631ce4f5aed6,reader_surface,"{""dataset_id"":""urn:uuid:2afd6e58-418c-5b1b-b690-53f4ec9bffdf"",""id"":""urn:uuid:ad3dc90d-cffa-5a9f-864a-631ce4f5aed6"",""normalized_state"":""published"",""owner_authority_id"":""urn:uuid:09dffe8a-788a-538b-8784-88c509191790"",""owner_native_state"":""published"",""payload"":{""accessibility_profile"":""semantic_html_available_native_accessibility_unknown"",""action"":""learn"",""artifact_id"":""urn:uuid:dd057fea-2a56-5e8c-b35e-6b5b868a488d"",""course_ids"":[""urn:uuid:8d8ea368-373c-54d7-a6d3-4d9cfdaf46fe""],""evidence_binding_ids"":[""urn:uuid:61ed9394-9252-5320-96fe-7ede9791e1f5""],""format"":""semantic_html"",""local_path_binding_id"":""urn:uuid:61ed9394-9252-5320-96fe-7ede9791e1f5"",""locale"":""id-ID"",""primary"":true,""public_url"":""https://kokunoyumeto.github.io/openstax-prealgebra-2e-id-ID/modules/m81295/index.html"",""publication_state"":""public""},""record_type"":""reader_surface"",""recorded_at"":""2026-08-27T00:00:00Z"",""semantic_key"":""a00:prealgebra2e-volume:reader-surface:html:m81295""}"
urn:uuid:c13423a0-d63d-5937-8f49-479d57affaa4,reader_surface,"{""dataset_id"":""urn:uuid:2afd6e58-418c-5b1b-b690-53f4ec9bffdf"",""id"":""urn:uuid:c13423a0-d63d-5937-8f49-479d57affaa4"",""normalized_state"":""published"",""owner_authority_id"":""urn:uuid:09dffe8a-788a-538b-8784-88c509191790"",""owner_native_state"":""published"",""payload"":{""accessibility_profile"":""semantic_html_available_native_accessibility_unknown"",""action"":""learn"",""artifact_id"":""urn:uuid:7265c03e-1e01-5091-8978-0ce08a8f8d88"",""course_ids"":[""urn:uuid:8d8ea368-373c-54d7-a6d3-4d9cfdaf46fe""],""evidence_binding_ids"":[""urn:uuid:7b705e61-31a8-5433-a98d-589083a4c5d1""],""format"":""semantic_html"",""local_path_binding_id"":""urn:uuid:7b705e61-31a8-5433-a98d-589083a4c5d1"",""locale"":""id-ID"",""primary"":true,""public_url"":""https://kokunoyumeto.github.io/openstax-prealgebra-2e-id-ID/modules/m81298/index.html"",""publication_state"":""public""},""record_type"":""reader_surface"",""recorded_at"":""2026-08-27T00:00:00Z"",""semantic_key"":""a00:prealgebra2e-volume:reader-surface:html:m81298""}"
urn:uuid:428556f4-9e2a-5dcb-afb2-45cec119a2cf,reader_surface,"{""dataset_id"":""urn:uuid:2afd6e58-418c-5b1b-b690-53f4ec9bffdf"",""id"":""urn:uuid:428556f4-9e2a-5dcb-afb2-45cec119a2cf"",""normalized_state"":""published"",""owner_authority_id"":""urn:uuid:09dffe8a-788a-538b-8784-88c509191790"",""owner_native_state"":""published"",""payload"":{""accessibility_profile"":""semantic_html_available_native_accessibility_unknown"",""action"":""learn"",""artifact_id"":""urn:uuid:aab9aaf9-35ed-56d2-8584-cfd7633e724a"",""course_ids"":[""urn:uuid:8d8ea368-373c-54d7-a6d3-4d9cfdaf46fe""],""evidence_binding_ids"":[""urn:uuid:72739cda-c610-5e9d-8266-a8378579fc04""],""format"":""semantic_html"",""local_path_binding_id"":""urn:uuid:72739cda-c610-5e9d-8266-a8378579fc04"",""locale"":""id-ID"",""primary"":true,""public_url"":""https://kokunoyumeto.github.io/openstax-prealgebra-2e-id-ID/modules/m81300/index.html"",""publication_state"":""public""},""record_type"":""reader_surface"",""recorded_at"":""2026-08-27T00:00:00Z"",""semantic_key"":""a00:prealgebra2e-volume:reader-surface:html:m81300""}"
urn:uuid:230cdb80-26e4-5b78-99c8-0bafbd140e9c,reader_surface,"{""dataset_id"":""urn:uuid:2afd6e58-418c-5b1b-b690-53f4ec9bffdf"",""id"":""urn:uuid:230cdb80-26e4-5b78-99c8-0bafbd140e9c"",""normalized_state"":""published"",""owner_authority_id"":""urn:uuid:09dffe8a-788a-538b-8784-88c509191790"",""owner_native_state"":""published"",""payload"":{""accessibility_profile"":""semantic_html_available_native_accessibility_unknown"",""action"":""learn"",""artifact_id"":""urn:uuid:44fba266-ca2f-59d4-97c4-908202dd7d1f"",""course_ids"":[""urn:uuid:8d8ea368-373c-54d7-a6d3-4d9cfdaf46fe""],""evidence_binding_ids"":[""urn:uuid:d561503c-c227-5b2d-a95f-ea54ebfe91d8""],""format"":""semantic_html"",""local_path_binding_id"":""urn:uuid:d561503c-c227-5b2d-a95f-ea54ebfe91d8"",""locale"":""id-ID"",""primary"":true,""public_url"":""https://kokunoyumeto.github.io/openstax-prealgebra-2e-id-ID/modules/m81302/index.html"",""publication_state"":""public""},""record_type"":""reader_surface"",""recorded_at"":""2026-08-27T00:00:00Z"",""semantic_key"":""a00:prealgebra2e-volume:reader-surface:html:m81302""}"
urn:uuid:fcfd3cfc-d13c-56eb-813d-0ede7bfc5f39,reader_surface,"{""dataset_id"":""urn:uuid:2afd6e58-418c-5b1b-b690-53f4ec9bffdf"",""id"":""urn:uuid:fcfd3cfc-d13c-56eb-813d-0ede7bfc5f39"",""normalized_state"":""published"",""owner_authority_id"":""urn:uuid:09dffe8a-788a-538b-8784-88c509191790"",""owner_native_state"":""published"",""payload"":{""accessibility_profile"":""semantic_html_available_native_accessibility_unknown"",""action"":""learn"",""artifact_id"":""urn:uuid:34d3ccc7-ead2-5f45-88ec-e511749cf153"",""course_ids"":[""urn:uuid:8d8ea368-373c-54d7-a6d3-4d9cfdaf46fe""],""evidence_binding_ids"":[""urn:uuid:f3f03bde-6e5a-5ea9-94b1-93aee4d15d6b""],""format"":""semantic_html"",""local_path_binding_id"":""urn:uuid:f3f03bde-6e5a-5ea9-94b1-93aee4d15d6b"",""locale"":""id-ID"",""primary"":true,""public_url"":""https://kokunoyumeto.github.io/openstax-prealgebra-2e-id-ID/modules/m81303/index.html"",""publication_state"":""public""},""record_type"":""reader_surface"",""recorded_at"":""2026-08-27T00:00:00Z"",""semantic_key"":""a00:prealgebra2e-volume:reader-surface:html:m81303""}"
urn:uuid:3c7be4c6-e8a4-5a46-899f-4a817c8dd68b,reader_surface,"{""dataset_id"":""urn:uuid:2afd6e58-418c-5b1b-b690-53f4ec9bffdf"",""id"":""urn:uuid:3c7be4c6-e8a4-5a46-899f-4a817c8dd68b"",""normalized_state"":""published"",""owner_authority_id"":""urn:uuid:09dffe8a-788a-538b-8784-88c509191790"",""owner_native_state"":""published"",""payload"":{""accessibility_profile"":""semantic_html_available_native_accessibility_unknown"",""action"":""learn"",""artifact_id"":""urn:uuid:070466e2-8683-5cb1-ac24-f21776da5c68"",""course_ids"":[""urn:uuid:8d8ea368-373c-54d7-a6d3-4d9cfdaf46fe""],""evidence_binding_ids"":[""urn:uuid:f2eb8b68-4dfa-5978-8523-11cc3dd618cf""],""format"":""semantic_html"",""local_path_binding_id"":""urn:uuid:f2eb8b68-4dfa-5978-8523-11cc3dd618cf"",""locale"":""id-ID"",""primary"":true,""public_url"":""https://kokunoyumeto.github.io/openstax-prealgebra-2e-id-ID/modules/m81304/index.html"",""publication_state"":""public""},""record_type"":""reader_surface"",""recorded_at"":""2026-08-27T00:00:00Z"",""semantic_key"":""a00:prealgebra2e-volume:reader-surface:html:m81304""}"
urn:uuid:f4b7419f-da42-56e6-823f-7789ff92c186,reader_surface,"{""dataset_id"":""urn:uuid:2afd6e58-418c-5b1b-b690-53f4ec9bffdf"",""id"":""urn:uuid:f4b7419f-da42-56e6-823f-7789ff92c186"",""normalized_state"":""published"",""owner_authority_id"":""urn:uuid:09dffe8a-788a-538b-8784-88c509191790"",""owner_native_state"":""published"",""payload"":{""accessibility_profile"":""semantic_html_available_native_accessibility_unknown"",""action"":""learn"",""artifact_id"":""urn:uuid:414e67af-5d0c-57c4-b864-b5e4ada882fa"",""course_ids"":[""urn:uuid:8d8ea368-373c-54d7-a6d3-4d9cfdaf46fe""],""evidence_binding_ids"":[""urn:uuid:69b5094e-776e-5064-8426-9e87fb3f694f""],""format"":""semantic_html"",""local_path_binding_id"":""urn:uuid:69b5094e-776e-5064-8426-9e87fb3f694f"",""locale"":""id-ID"",""primary"":true,""public_url"":""https://kokunoyumeto.github.io/openstax-prealgebra-2e-id-ID/modules/m81305/index.html"",""publication_state"":""public""},""record_type"":""reader_surface"",""recorded_at"":""2026-08-27T00:00:00Z"",""semantic_key"":""a00:prealgebra2e-volume:reader-surface:html:m81305""}"
urn:uuid:eeb37991-d59f-5c66-b206-2ce8f4891de4,reader_surface,"{""dataset_id"":""urn:uuid:2afd6e58-418c-5b1b-b690-53f4ec9bffdf"",""id"":""urn:uuid:eeb37991-d59f-5c66-b206-2ce8f4891de4"",""normalized_state"":""published"",""owner_authority_id"":""urn:uuid:09dffe8a-788a-538b-8784-88c509191790"",""owner_native_state"":""published"",""payload"":{""accessibility_profile"":""semantic_html_available_native_accessibility_unknown"",""action"":""learn"",""artifact_id"":""urn:uuid:b2f4af46-0551-5d68-b03f-e6cf50237c4d"",""course_ids"":[""urn:uuid:8d8ea368-373c-54d7-a6d3-4d9cfdaf46fe""],""evidence_binding_ids"":[""urn:uuid:9fe3e27e-5a0a-5048-9e29-9ccc08b0b811""],""format"":""semantic_html"",""local_path_binding_id"":""urn:uuid:9fe3e27e-5a0a-5048-9e29-9ccc08b0b811"",""locale"":""id-ID"",""primary"":true,""public_url"":""https://kokunoyumeto.github.io/openstax-prealgebra-2e-id-ID/modules/m81306/index.html"",""publication_state"":""public""},""record_type"":""reader_surface"",""recorded_at"":""2026-08-27T00:00:00Z"",""semantic_key"":""a00:prealgebra2e-volume:reader-surface:html:m81306""}"
urn:uuid:7f46701b-832c-5f81-9e98-f0f67ecca818,reader_surface,"{""dataset_id"":""urn:uuid:2afd6e58-418c-5b1b-b690-53f4ec9bffdf"",""id"":""urn:uuid:7f46701b-832c-5f81-9e98-f0f67ecca818"",""normalized_state"":""published"",""owner_authority_id"":""urn:uuid:09dffe8a-788a-538b-8784-88c509191790"",""owner_native_state"":""published"",""payload"":{""accessibility_profile"":""semantic_html_available_native_accessibility_unknown"",""action"":""learn"",""artifact_id"":""urn:uuid:89e2ed64-41f9-5a72-864d-cda73f5ebe18"",""course_ids"":[""urn:uuid:8d8ea368-373c-54d7-a6d3-4d9cfdaf46fe""],""evidence_binding_ids"":[""urn:uuid:e9ff81c8-d86f-5ff2-903c-7eb1fcce0087""],""format"":""semantic_html"",""local_path_binding_id"":""urn:uuid:e9ff81c8-d86f-5ff2-903c-7eb1fcce0087"",""locale"":""id-ID"",""primary"":true,""public_url"":""https://kokunoyumeto.github.io/openstax-prealgebra-2e-id-ID/modules/m81307/index.html"",""publication_state"":""public""},""record_type"":""reader_surface"",""recorded_at"":""2026-08-27T00:00:00Z"",""semantic_key"":""a00:prealgebra2e-volume:reader-surface:html:m81307""}"
urn:uuid:6a688aa5-02c7-5e1c-a719-6a64836e88d5,reader_surface,"{""dataset_id"":""urn:uuid:2afd6e58-418c-5b1b-b690-53f4ec9bffdf"",""id"":""urn:uuid:6a688aa5-02c7-5e1c-a719-6a64836e88d5"",""normalized_state"":""published"",""owner_authority_id"":""urn:uuid:09dffe8a-788a-538b-8784-88c509191790"",""owner_native_state"":""published"",""payload"":{""accessibility_profile"":""semantic_html_available_native_accessibility_unknown"",""action"":""learn"",""artifact_id"":""urn:uuid:3573edfc-cbb7-58d4-bc69-dc786aabc025"",""course_ids"":[""urn:uuid:8d8ea368-373c-54d7-a6d3-4d9cfdaf46fe""],""evidence_binding_ids"":[""urn:uuid:355e443a-23d3-51c5-88fa-418f5af2d39a""],""format"":""semantic_html"",""local_path_binding_id"":""urn:uuid:355e443a-23d3-51c5-88fa-418f5af2d39a"",""locale"":""id-ID"",""primary"":true,""public_url"":""https://kokunoyumeto.github.io/openstax-prealgebra-2e-id-ID/modules/m81308/index.html"",""publication_state"":""public""},""record_type"":""reader_surface"",""recorded_at"":""2026-08-27T00:00:00Z"",""semantic_key"":""a00:prealgebra2e-volume:reader-surface:html:m81308""}"
urn:uuid:3e15eb4a-f9ee-572d-9b0a-e84a96ca8fe7,reader_surface,"{""dataset_id"":""urn:uuid:2afd6e58-418c-5b1b-b690-53f4ec9bffdf"",""id"":""urn:uuid:3e15eb4a-f9ee-572d-9b0a-e84a96ca8fe7"",""normalized_state"":""published"",""owner_authority_id"":""urn:uuid:09dffe8a-788a-538b-8784-88c509191790"",""owner_native_state"":""published"",""payload"":{""accessibility_profile"":""semantic_html_available_native_accessibility_unknown"",""action"":""learn"",""artifact_id"":""urn:uuid:05f7036a-1d6b-5d69-ad36-d84c1939a35d"",""course_ids"":[""urn:uuid:8d8ea368-373c-54d7-a6d3-4d9cfdaf46fe""],""evidence_binding_ids"":[""urn:uuid:bbb96907-062c-51b3-9794-4daa54a97703""],""format"":""semantic_html"",""local_path_binding_id"":""urn:uuid:bbb96907-062c-51b3-9794-4daa54a97703"",""locale"":""id-ID"",""primary"":true,""public_url"":""https://kokunoyumeto.github.io/openstax-prealgebra-2e-id-ID/modules/m81311/index.html"",""publication_state"":""public""},""record_type"":""reader_surface"",""recorded_at"":""2026-08-27T00:00:00Z"",""semantic_key"":""a00:prealgebra2e-volume:reader-surface:html:m81311""}"
urn:uuid:428e2bdf-8813-5696-bad0-5bca2b7d3880,reader_surface,"{""dataset_id"":""urn:uuid:2afd6e58-418c-5b1b-b690-53f4ec9bffdf"",""id"":""urn:uuid:428e2bdf-8813-5696-bad0-5bca2b7d3880"",""normalized_state"":""published"",""owner_authority_id"":""urn:uuid:09dffe8a-788a-538b-8784-88c509191790"",""owner_native_state"":""published"",""payload"":{""accessibility_profile"":""semantic_html_available_native_accessibility_unknown"",""action"":""learn"",""artifact_id"":""urn:uuid:fd4ce18c-6f66-52e7-8fbd-794bcca27a71"",""course_ids"":[""urn:uuid:8d8ea368-373c-54d7-a6d3-4d9cfdaf46fe""],""evidence_binding_ids"":[""urn:uuid:4d2a88e5-1160-5a55-a996-bc2c7d7265f3""],""format"":""semantic_html"",""local_path_binding_id"":""urn:uuid:4d2a88e5-1160-5a55-a996-bc2c7d7265f3"",""locale"":""id-ID"",""primary"":true,""public_url"":""https://kokunoyumeto.github.io/openstax-prealgebra-2e-id-ID/modules/m81313/index.html"",""publication_state"":""public""},""record_type"":""reader_surface"",""recorded_at"":""2026-08-27T00:00:00Z"",""semantic_key"":""a00:prealgebra2e-volume:reader-surface:html:m81313""}"
urn:uuid:b86e9e7d-5e26-5f10-a22e-6fe1f8c75a10,reader_surface,"{""dataset_id"":""urn:uuid:2afd6e58-418c-5b1b-b690-53f4ec9bffdf"",""id"":""urn:uuid:b86e9e7d-5e26-5f10-a22e-6fe1f8c75a10"",""normalized_state"":""published"",""owner_authority_id"":""urn:uuid:09dffe8a-788a-538b-8784-88c509191790"",""owner_native_state"":""published"",""payload"":{""accessibility_profile"":""semantic_html_available_native_accessibility_unknown"",""action"":""learn"",""artifact_id"":""urn:uuid:60c6b98c-6ae0-5610-97d5-cdc1380ba1a7"",""course_ids"":[""urn:uuid:8d8ea368-373c-54d7-a6d3-4d9cfdaf46fe""],""evidence_binding_ids"":[""urn:uuid:92b6b909-8af5-5fa7-a7d4-ae19ad1d15b2""],""format"":""semantic_html"",""local_path_binding_id"":""urn:uuid:92b6b909-8af5-5fa7-a7d4-ae19ad1d15b2"",""locale"":""id-ID"",""primary"":true,""public_url"":""https://kokunoyumeto.github.io/openstax-prealgebra-2e-id-ID/modules/m81314/index.html"",""publication_state"":""public""},""record_type"":""reader_surface"",""recorded_at"":""2026-08-27T00:00:00Z"",""semantic_key"":""a00:prealgebra2e-volume:reader-surface:html:m81314""}"
urn:uuid:3db8812c-e085-56bc-af6f-a4da75ccdf8c,reader_surface,"{""dataset_id"":""urn:uuid:2afd6e58-418c-5b1b-b690-53f4ec9bffdf"",""id"":""urn:uuid:3db8812c-e085-56bc-af6f-a4da75ccdf8c"",""normalized_state"":""published"",""owner_authority_id"":""urn:uuid:09dffe8a-788a-538b-8784-88c509191790"",""owner_native_state"":""published"",""payload"":{""accessibility_profile"":""semantic_html_available_native_accessibility_unknown"",""action"":""learn"",""artifact_id"":""urn:uuid:709a829d-e094-58b7-9c05-1271fd370997"",""course_ids"":[""urn:uuid:8d8ea368-373c-54d7-a6d3-4d9cfdaf46fe""],""evidence_binding_ids"":[""urn:uuid:69df5bc5-e12f-5ea2-a06f-ae185c233539""],""format"":""semantic_html"",""local_path_binding_id"":""urn:uuid:69df5bc5-e12f-5ea2-a06f-ae185c233539"",""locale"":""id-ID"",""primary"":true,""public_url"":""https://kokunoyumeto.github.io/openstax-prealgebra-2e-id-ID/modules/m81315/index.html"",""publication_state"":""public""},""record_type"":""reader_surface"",""recorded_at"":""2026-08-27T00:00:00Z"",""semantic_key"":""a00:prealgebra2e-volume:reader-surface:html:m81315""}"
urn:uuid:e4a3d2a8-e8d9-5d2f-9cca-20cf1d762e01,reader_surface,"{""dataset_id"":""urn:uuid:2afd6e58-418c-5b1b-b690-53f4ec9bffdf"",""id"":""urn:uuid:e4a3d2a8-e8d9-5d2f-9cca-20cf1d762e01"",""normalized_state"":""published"",""owner_authority_id"":""urn:uuid:09dffe8a-788a-538b-8784-88c509191790"",""owner_native_state"":""published"",""payload"":{""accessibility_profile"":""semantic_html_available_native_accessibility_unknown"",""action"":""learn"",""artifact_id"":""urn:uuid:f87b60d1-8727-5daf-a8dd-66119949331b"",""course_ids"":[""urn:uuid:8d8ea368-373c-54d7-a6d3-4d9cfdaf46fe""],""evidence_binding_ids"":[""urn:uuid:63cbf608-d5cd-5e46-bb72-2addac86d5f9""],""format"":""semantic_html"",""local_path_binding_id"":""urn:uuid:63cbf608-d5cd-5e46-bb72-2addac86d5f9"",""locale"":""id-ID"",""primary"":true,""public_url"":""https://kokunoyumeto.github.io/openstax-prealgebra-2e-id-ID/modules/m81316/index.html"",""publication_state"":""public""},""record_type"":""reader_surface"",""recorded_at"":""2026-08-27T00:00:00Z"",""semantic_key"":""a00:prealgebra2e-volume:reader-surface:html:m81316""}"
urn:uuid:90e1d075-ca41-5460-95bf-6c6a43b562a2,reader_surface,"{""dataset_id"":""urn:uuid:2afd6e58-418c-5b1b-b690-53f4ec9bffdf"",""id"":""urn:uuid:90e1d075-ca41-5460-95bf-6c6a43b562a2"",""normalized_state"":""published"",""owner_authority_id"":""urn:uuid:09dffe8a-788a-538b-8784-88c509191790"",""owner_native_state"":""published"",""payload"":{""accessibility_profile"":""semantic_html_available_native_accessibility_unknown"",""action"":""learn"",""artifact_id"":""urn:uuid:15e55972-cde0-5313-af83-5aebc0f394df"",""course_ids"":[""urn:uuid:8d8ea368-373c-54d7-a6d3-4d9cfdaf46fe""],""evidence_binding_ids"":[""urn:uuid:75ab79f4-f8e6-5398-b5f7-e6b8db8651e4""],""format"":""semantic_html"",""local_path_binding_id"":""urn:uuid:75ab79f4-f8e6-5398-b5f7-e6b8db8651e4"",""locale"":""id-ID"",""primary"":true,""public_url"":""https://kokunoyumeto.github.io/openstax-prealgebra-2e-id-ID/modules/m81317/index.html"",""publication_state"":""public""},""record_type"":""reader_surface"",""recorded_at"":""2026-08-27T00:00:00Z"",""semantic_key"":""a00:prealgebra2e-volume:reader-surface:html:m81317""}"
urn:uuid:13e2555d-4048-502b-a3d7-a53941b51d12,reader_surface,"{""dataset_id"":""urn:uuid:2afd6e58-418c-5b1b-b690-53f4ec9bffdf"",""id"":""urn:uuid:13e2555d-4048-502b-a3d7-a53941b51d12"",""normalized_state"":""published"",""owner_authority_id"":""urn:uuid:09dffe8a-788a-538b-8784-88c509191790"",""owner_native_state"":""published"",""payload"":{""accessibility_profile"":""semantic_html_available_native_accessibility_unknown"",""action"":""learn"",""artifact_id"":""urn:uuid:f7607924-e2ee-52c5-bbb4-072c3d65de32"",""course_ids"":[""urn:uuid:8d8ea368-373c-54d7-a6d3-4d9cfdaf46fe""],""evidence_binding_ids"":[""urn:uuid:bddbbb5a-346a-565e-b351-886409a973ea""],""format"":""semantic_html"",""local_path_binding_id"":""urn:uuid:bddbbb5a-346a-565e-b351-886409a973ea"",""locale"":""id-ID"",""primary"":true,""public_url"":""https://kokunoyumeto.github.io/openstax-prealgebra-2e-id-ID/modules/m81318/index.html"",""publication_state"":""public""},""record_type"":""reader_surface"",""recorded_at"":""2026-08-27T00:00:00Z"",""semantic_key"":""a00:prealgebra2e-volume:reader-surface:html:m81318""}"
urn:uuid:9d9e0590-29db-5474-9799-aa893cd10265,reader_surface,"{""dataset_id"":""urn:uuid:2afd6e58-418c-5b1b-b690-53f4ec9bffdf"",""id"":""urn:uuid:9d9e0590-29db-5474-9799-aa893cd10265"",""normalized_state"":""published"",""owner_authority_id"":""urn:uuid:09dffe8a-788a-538b-8784-88c509191790"",""owner_native_state"":""published"",""payload"":{""accessibility_profile"":""semantic_html_available_native_accessibility_unknown"",""action"":""learn"",""artifact_id"":""urn:uuid:96da54fb-ed74-53ce-9458-f5cebaacb4e6"",""course_ids"":[""urn:uuid:8d8ea368-373c-54d7-a6d3-4d9cfdaf46fe""],""evidence_binding_ids"":[""urn:uuid:9dc7bc09-f421-5098-8839-d28b2d4b5177""],""format"":""semantic_html"",""local_path_binding_id"":""urn:uuid:9dc7bc09-f421-5098-8839-d28b2d4b5177"",""locale"":""id-ID"",""primary"":true,""public_url"":""https://kokunoyumeto.github.io/openstax-prealgebra-2e-id-ID/modules/m81319/index.html"",""publication_state"":""public""},""record_type"":""reader_surface"",""recorded_at"":""2026-08-27T00:00:00Z"",""semantic_key"":""a00:prealgebra2e-volume:reader-surface:html:m81319""}"
urn:uuid:fa481729-9c2d-54f3-ac46-c289bf1410b2,reader_surface,"{""dataset_id"":""urn:uuid:2afd6e58-418c-5b1b-b690-53f4ec9bffdf"",""id"":""urn:uuid:fa481729-9c2d-54f3-ac46-c289bf1410b2"",""normalized_state"":""published"",""owner_authority_id"":""urn:uuid:09dffe8a-788a-538b-8784-88c509191790"",""owner_native_state"":""published"",""payload"":{""accessibility_profile"":""semantic_html_available_native_accessibility_unknown"",""action"":""learn"",""artifact_id"":""urn:uuid:796e82df-398b-59e6-8d6b-b7658c044e98"",""course_ids"":[""urn:uuid:8d8ea368-373c-54d7-a6d3-4d9cfdaf46fe""],""evidence_binding_ids"":[""urn:uuid:0492b9cb-3d32-59eb-9e6e-b44f171dd5fc""],""format"":""semantic_html"",""local_path_binding_id"":""urn:uuid:0492b9cb-3d32-59eb-9e6e-b44f171dd5fc"",""locale"":""id-ID"",""primary"":true,""public_url"":""https://kokunoyumeto.github.io/openstax-prealgebra-2e-id-ID/modules/m81320/index.html"",""publication_state"":""public""},""record_type"":""reader_surface"",""recorded_at"":""2026-08-27T00:00:00Z"",""semantic_key"":""a00:prealgebra2e-volume:reader-surface:html:m81320""}"
urn:uuid:b84aff19-283d-5f88-8def-5bd5b1ac1135,reader_surface,"{""dataset_id"":""urn:uuid:2afd6e58-418c-5b1b-b690-53f4ec9bffdf"",""id"":""urn:uuid:b84aff19-283d-5f88-8def-5bd5b1ac1135"",""normalized_state"":""published"",""owner_authority_id"":""urn:uuid:09dffe8a-788a-538b-8784-88c509191790"",""owner_native_state"":""published"",""payload"":{""accessibility_profile"":""semantic_html_available_native_accessibility_unknown"",""action"":""learn"",""artifact_id"":""urn:uuid:04daa81d-5811-5c02-9f88-815e9a9749c7"",""course_ids"":[""urn:uuid:8d8ea368-373c-54d7-a6d3-4d9cfdaf46fe""],""evidence_binding_ids"":[""urn:uuid:f45fea56-4329-52d2-9ff3-87db5cf8f56a""],""format"":""semantic_html"",""local_path_binding_id"":""urn:uuid:f45fea56-4329-52d2-9ff3-87db5cf8f56a"",""locale"":""id-ID"",""primary"":true,""public_url"":""https://kokunoyumeto.github.io/openstax-prealgebra-2e-id-ID/modules/m81321/index.html"",""publication_state"":""public""},""record_type"":""reader_surface"",""recorded_at"":""2026-08-27T00:00:00Z"",""semantic_key"":""a00:prealgebra2e-volume:reader-surface:html:m81321""}"
urn:uuid:50a42ef8-a8d9-5ccf-b018-e501f960becb,reader_surface,"{""dataset_id"":""urn:uuid:2afd6e58-418c-5b1b-b690-53f4ec9bffdf"",""id"":""urn:uuid:50a42ef8-a8d9-5ccf-b018-e501f960becb"",""normalized_state"":""published"",""owner_authority_id"":""urn:uuid:09dffe8a-788a-538b-8784-88c509191790"",""owner_native_state"":""published"",""payload"":{""accessibility_profile"":""semantic_html_available_native_accessibility_unknown"",""action"":""learn"",""artifact_id"":""urn:uuid:61044cc8-a342-5ba6-b36e-34b81c763316"",""course_ids"":[""urn:uuid:8d8ea368-373c-54d7-a6d3-4d9cfdaf46fe""],""evidence_binding_ids"":[""urn:uuid:c79a9a56-51f3-5284-a071-ebda08b5134f""],""format"":""semantic_html"",""local_path_binding_id"":""urn:uuid:c79a9a56-51f3-5284-a071-ebda08b5134f"",""locale"":""id-ID"",""primary"":true,""public_url"":""https://kokunoyumeto.github.io/openstax-prealgebra-2e-id-ID/modules/m81322/index.html"",""publication_state"":""public""},""record_type"":""reader_surface"",""recorded_at"":""2026-08-27T00:00:00Z"",""semantic_key"":""a00:prealgebra2e-volume:reader-surface:html:m81322""}"
urn:uuid:46441ec8-fac5-50fd-8e84-bc5f4eae0ef7,reader_surface,"{""dataset_id"":""urn:uuid:2afd6e58-418c-5b1b-b690-53f4ec9bffdf"",""id"":""urn:uuid:46441ec8-fac5-50fd-8e84-bc5f4eae0ef7"",""normalized_state"":""published"",""owner_authority_id"":""urn:uuid:09dffe8a-788a-538b-8784-88c509191790"",""owner_native_state"":""published"",""payload"":{""accessibility_profile"":""semantic_html_available_native_accessibility_unknown"",""action"":""learn"",""artifact_id"":""urn:uuid:71916ce8-054b-5397-8cda-ad733217a56e"",""course_ids"":[""urn:uuid:8d8ea368-373c-54d7-a6d3-4d9cfdaf46fe""],""evidence_binding_ids"":[""urn:uuid:3a7dce4a-aae2-5b74-a97e-82d8f40d5101""],""format"":""semantic_html"",""local_path_binding_id"":""urn:uuid:3a7dce4a-aae2-5b74-a97e-82d8f40d5101"",""locale"":""id-ID"",""primary"":true,""public_url"":""https://kokunoyumeto.github.io/openstax-prealgebra-2e-id-ID/modules/m81323/index.html"",""publication_state"":""public""},""record_type"":""reader_surface"",""recorded_at"":""2026-08-27T00:00:00Z"",""semantic_key"":""a00:prealgebra2e-volume:reader-surface:html:m81323""}"
urn:uuid:49c0eb8e-48e6-58a2-bd38-37cfdaa22c39,reader_surface,"{""dataset_id"":""urn:uuid:2afd6e58-418c-5b1b-b690-53f4ec9bffdf"",""id"":""urn:uuid:49c0eb8e-48e6-58a2-bd38-37cfdaa22c39"",""normalized_state"":""published"",""owner_authority_id"":""urn:uuid:09dffe8a-788a-538b-8784-88c509191790"",""owner_native_state"":""published"",""payload"":{""accessibility_profile"":""semantic_html_available_native_accessibility_unknown"",""action"":""learn"",""artifact_id"":""urn:uuid:83672524-6f13-5a09-8597-dd5ff283f855"",""course_ids"":[""urn:uuid:8d8ea368-373c-54d7-a6d3-4d9cfdaf46fe""],""evidence_binding_ids"":[""urn:uuid:69b3fe76-37e6-59d7-8c83-d14f2edc5b0c""],""format"":""semantic_html"",""local_path_binding_id"":""urn:uuid:69b3fe76-37e6-59d7-8c83-d14f2edc5b0c"",""locale"":""id-ID"",""primary"":true,""public_url"":""https://kokunoyumeto.github.io/openstax-prealgebra-2e-id-ID/modules/m81324/index.html"",""publication_state"":""public""},""record_type"":""reader_surface"",""recorded_at"":""2026-08-27T00:00:00Z"",""semantic_key"":""a00:prealgebra2e-volume:reader-surface:html:m81324""}"
urn:uuid:98a7b709-5a71-56cb-a0de-0006a4ff0548,reader_surface,"{""dataset_id"":""urn:uuid:2afd6e58-418c-5b1b-b690-53f4ec9bffdf"",""id"":""urn:uuid:98a7b709-5a71-56cb-a0de-0006a4ff0548"",""normalized_state"":""published"",""owner_authority_id"":""urn:uuid:09dffe8a-788a-538b-8784-88c509191790"",""owner_native_state"":""published"",""payload"":{""accessibility_profile"":""semantic_html_available_native_accessibility_unknown"",""action"":""learn"",""artifact_id"":""urn:uuid:d9df5852-7f9c-53f5-98e1-47b39f4c4c96"",""course_ids"":[""urn:uuid:8d8ea368-373c-54d7-a6d3-4d9cfdaf46fe""],""evidence_binding_ids"":[""urn:uuid:04a61259-065e-5424-924c-d2caa26f0f22""],""format"":""semantic_html"",""local_path_binding_id"":""urn:uuid:04a61259-065e-5424-924c-d2caa26f0f22"",""locale"":""id-ID"",""primary"":true,""public_url"":""https://kokunoyumeto.github.io/openstax-prealgebra-2e-id-ID/modules/m81325/index.html"",""publication_state"":""public""},""record_type"":""reader_surface"",""recorded_at"":""2026-08-27T00:00:00Z"",""semantic_key"":""a00:prealgebra2e-volume:reader-surface:html:m81325""}"
urn:uuid:f77e7be7-ab1e-5325-9fc2-e9eb72f8b465,reader_surface,"{""dataset_id"":""urn:uuid:2afd6e58-418c-5b1b-b690-53f4ec9bffdf"",""id"":""urn:uuid:f77e7be7-ab1e-5325-9fc2-e9eb72f8b465"",""normalized_state"":""published"",""owner_authority_id"":""urn:uuid:09dffe8a-788a-538b-8784-88c509191790"",""owner_native_state"":""published"",""payload"":{""accessibility_profile"":""semantic_html_available_native_accessibility_unknown"",""action"":""learn"",""artifact_id"":""urn:uuid:68605105-65dd-530a-8f88-8c4a1484fe52"",""course_ids"":[""urn:uuid:8d8ea368-373c-54d7-a6d3-4d9cfdaf46fe""],""evidence_binding_ids"":[""urn:uuid:b9a2e11e-f290-5b33-9590-ba3215da9884""],""format"":""semantic_html"",""local_path_binding_id"":""urn:uuid:b9a2e11e-f290-5b33-9590-ba3215da9884"",""locale"":""id-ID"",""primary"":true,""public_url"":""https://kokunoyumeto.github.io/openstax-prealgebra-2e-id-ID/modules/m81326/index.html"",""publication_state"":""public""},""record_type"":""reader_surface"",""recorded_at"":""2026-08-27T00:00:00Z"",""semantic_key"":""a00:prealgebra2e-volume:reader-surface:html:m81326""}"
urn:uuid:cade0d7c-7810-5557-98eb-99f3ee146591,reader_surface,"{""dataset_id"":""urn:uuid:2afd6e58-418c-5b1b-b690-53f4ec9bffdf"",""id"":""urn:uuid:cade0d7c-7810-5557-98eb-99f3ee146591"",""normalized_state"":""published"",""owner_authority_id"":""urn:uuid:09dffe8a-788a-538b-8784-88c509191790"",""owner_native_state"":""published"",""payload"":{""accessibility_profile"":""semantic_html_available_native_accessibility_unknown"",""action"":""learn"",""artifact_id"":""urn:uuid:1217f83b-913a-508e-8a92-e1f160a39772"",""course_ids"":[""urn:uuid:8d8ea368-373c-54d7-a6d3-4d9cfdaf46fe""],""evidence_binding_ids"":[""urn:uuid:b7948c3f-e7f7-5660-93dd-d67ac976dc2f""],""format"":""semantic_html"",""local_path_binding_id"":""urn:uuid:b7948c3f-e7f7-5660-93dd-d67ac976dc2f"",""locale"":""id-ID"",""primary"":true,""public_url"":""https://kokunoyumeto.github.io/openstax-prealgebra-2e-id-ID/modules/m81327/index.html"",""publication_state"":""public""},""record_type"":""reader_surface"",""recorded_at"":""2026-08-27T00:00:00Z"",""semantic_key"":""a00:prealgebra2e-volume:reader-surface:html:m81327""}"
urn:uuid:934e33d6-8974-5492-bb67-5df0ba6e2e26,reader_surface,"{""dataset_id"":""urn:uuid:2afd6e58-418c-5b1b-b690-53f4ec9bffdf"",""id"":""urn:uuid:934e33d6-8974-5492-bb67-5df0ba6e2e26"",""normalized_state"":""published"",""owner_authority_id"":""urn:uuid:09dffe8a-788a-538b-8784-88c509191790"",""owner_native_state"":""published"",""payload"":{""accessibility_profile"":""semantic_html_available_native_accessibility_unknown"",""action"":""learn"",""artifact_id"":""urn:uuid:2dbb3e5f-26d6-58be-a44f-fd8cacb5eefe"",""course_ids"":[""urn:uuid:8d8ea368-373c-54d7-a6d3-4d9cfdaf46fe""],""evidence_binding_ids"":[""urn:uuid:08bfd11a-867d-5c9a-ad7a-86c9cfe647c3""],""format"":""semantic_html"",""local_path_binding_id"":""urn:uuid:08bfd11a-867d-5c9a-ad7a-86c9cfe647c3"",""locale"":""id-ID"",""primary"":true,""public_url"":""https://kokunoyumeto.github.io/openstax-prealgebra-2e-id-ID/modules/m81328/index.html"",""publication_state"":""public""},""record_type"":""reader_surface"",""recorded_at"":""2026-08-27T00:00:00Z"",""semantic_key"":""a00:prealgebra2e-volume:reader-surface:html:m81328""}"
urn:uuid:89c091ad-6254-5576-a63d-34ab35856557,reader_surface,"{""dataset_id"":""urn:uuid:2afd6e58-418c-5b1b-b690-53f4ec9bffdf"",""id"":""urn:uuid:89c091ad-6254-5576-a63d-34ab35856557"",""normalized_state"":""published"",""owner_authority_id"":""urn:uuid:09dffe8a-788a-538b-8784-88c509191790"",""owner_native_state"":""published"",""payload"":{""accessibility_profile"":""semantic_html_available_native_accessibility_unknown"",""action"":""learn"",""artifact_id"":""urn:uuid:3fa8ed2d-1e9c-5127-b62c-1f06c82ae58a"",""course_ids"":[""urn:uuid:8d8ea368-373c-54d7-a6d3-4d9cfdaf46fe""],""evidence_binding_ids"":[""urn:uuid:550a2108-8af1-5ac9-a69d-cc5f98427a6a""],""format"":""semantic_html"",""local_path_binding_id"":""urn:uuid:550a2108-8af1-5ac9-a69d-cc5f98427a6a"",""locale"":""id-ID"",""primary"":true,""public_url"":""https://kokunoyumeto.github.io/openstax-prealgebra-2e-id-ID/modules/m81329/index.html"",""publication_state"":""public""},""record_type"":""reader_surface"",""recorded_at"":""2026-08-27T00:00:00Z"",""semantic_key"":""a00:prealgebra2e-volume:reader-surface:html:m81329""}"
urn:uuid:2ad2b036-f504-54fe-b33d-c91df59e2c79,reader_surface,"{""dataset_id"":""urn:uuid:2afd6e58-418c-5b1b-b690-53f4ec9bffdf"",""id"":""urn:uuid:2ad2b036-f504-54fe-b33d-c91df59e2c79"",""normalized_state"":""published"",""owner_authority_id"":""urn:uuid:09dffe8a-788a-538b-8784-88c509191790"",""owner_native_state"":""published"",""payload"":{""accessibility_profile"":""semantic_html_available_native_accessibility_unknown"",""action"":""learn"",""artifact_id"":""urn:uuid:a645c659-856e-57d5-9ad3-0a4a564a01ae"",""course_ids"":[""urn:uuid:8d8ea368-373c-54d7-a6d3-4d9cfdaf46fe""],""evidence_binding_ids"":[""urn:uuid:90165590-147f-5760-9a52-df59e641986a""],""format"":""semantic_html"",""local_path_binding_id"":""urn:uuid:90165590-147f-5760-9a52-df59e641986a"",""locale"":""id-ID"",""primary"":true,""public_url"":""https://kokunoyumeto.github.io/openstax-prealgebra-2e-id-ID/modules/m81330/index.html"",""publication_state"":""public""},""record_type"":""reader_surface"",""recorded_at"":""2026-08-27T00:00:00Z"",""semantic_key"":""a00:prealgebra2e-volume:reader-surface:html:m81330""}"
urn:uuid:ba9bcf75-0488-5636-8c2c-53dd947a0f24,reader_surface,"{""dataset_id"":""urn:uuid:2afd6e58-418c-5b1b-b690-53f4ec9bffdf"",""id"":""urn:uuid:ba9bcf75-0488-5636-8c2c-53dd947a0f24"",""normalized_state"":""published"",""owner_authority_id"":""urn:uuid:09dffe8a-788a-538b-8784-88c509191790"",""owner_native_state"":""published"",""payload"":{""accessibility_profile"":""semantic_html_available_native_accessibility_unknown"",""action"":""learn"",""artifact_id"":""urn:uuid:ee65dd96-fc71-5757-9526-946255cd5b52"",""course_ids"":[""urn:uuid:8d8ea368-373c-54d7-a6d3-4d9cfdaf46fe""],""evidence_binding_ids"":[""urn:uuid:10a1b106-ba9c-57d9-ace7-585557f1d73c""],""format"":""semantic_html"",""local_path_binding_id"":""urn:uuid:10a1b106-ba9c-57d9-ace7-585557f1d73c"",""locale"":""id-ID"",""primary"":true,""public_url"":""https://kokunoyumeto.github.io/openstax-prealgebra-2e-id-ID/modules/m81331/index.html"",""publication_state"":""public""},""record_type"":""reader_surface"",""recorded_at"":""2026-08-27T00:00:00Z"",""semantic_key"":""a00:prealgebra2e-volume:reader-surface:html:m81331""}"
urn:uuid:ed59fb22-722a-5805-b411-be1056ed3aef,reader_surface,"{""dataset_id"":""urn:uuid:2afd6e58-418c-5b1b-b690-53f4ec9bffdf"",""id"":""urn:uuid:ed59fb22-722a-5805-b411-be1056ed3aef"",""normalized_state"":""published"",""owner_authority_id"":""urn:uuid:09dffe8a-788a-538b-8784-88c509191790"",""owner_native_state"":""published"",""payload"":{""accessibility_profile"":""semantic_html_available_native_accessibility_unknown"",""action"":""learn"",""artifact_id"":""urn:uuid:6b31d4ea-e90a-5b9e-916b-363e31a4a06b"",""course_ids"":[""urn:uuid:8d8ea368-373c-54d7-a6d3-4d9cfdaf46fe""],""evidence_binding_ids"":[""urn:uuid:11dde955-7c3b-52d5-b9d7-70029f4926b1""],""format"":""semantic_html"",""local_path_binding_id"":""urn:uuid:11dde955-7c3b-52d5-b9d7-70029f4926b1"",""locale"":""id-ID"",""primary"":true,""public_url"":""https://kokunoyumeto.github.io/openstax-prealgebra-2e-id-ID/modules/m81332/index.html"",""publication_state"":""public""},""record_type"":""reader_surface"",""recorded_at"":""2026-08-27T00:00:00Z"",""semantic_key"":""a00:prealgebra2e-volume:reader-surface:html:m81332""}"
urn:uuid:6fd8972c-be75-57ae-a9cc-a2a23974652e,reader_surface,"{""dataset_id"":""urn:uuid:2afd6e58-418c-5b1b-b690-53f4ec9bffdf"",""id"":""urn:uuid:6fd8972c-be75-57ae-a9cc-a2a23974652e"",""normalized_state"":""published"",""owner_authority_id"":""urn:uuid:09dffe8a-788a-538b-8784-88c509191790"",""owner_native_state"":""published"",""payload"":{""accessibility_profile"":""semantic_html_available_native_accessibility_unknown"",""action"":""learn"",""artifact_id"":""urn:uuid:415c3b6a-c73e-56f1-b4ce-f1315c5b352b"",""course_ids"":[""urn:uuid:8d8ea368-373c-54d7-a6d3-4d9cfdaf46fe""],""evidence_binding_ids"":[""urn:uuid:8cd4a96c-e583-5403-901e-a5029fe7e0bd""],""format"":""semantic_html"",""local_path_binding_id"":""urn:uuid:8cd4a96c-e583-5403-901e-a5029fe7e0bd"",""locale"":""id-ID"",""primary"":true,""public_url"":""https://kokunoyumeto.github.io/openstax-prealgebra-2e-id-ID/modules/m81333/index.html"",""publication_state"":""public""},""record_type"":""reader_surface"",""recorded_at"":""2026-08-27T00:00:00Z"",""semantic_key"":""a00:prealgebra2e-volume:reader-surface:html:m81333""}"
urn:uuid:ca558cc6-5bca-5e92-9133-9e7947d787cb,reader_surface,"{""dataset_id"":""urn:uuid:2afd6e58-418c-5b1b-b690-53f4ec9bffdf"",""id"":""urn:uuid:ca558cc6-5bca-5e92-9133-9e7947d787cb"",""normalized_state"":""published"",""owner_authority_id"":""urn:uuid:09dffe8a-788a-538b-8784-88c509191790"",""owner_native_state"":""published"",""payload"":{""accessibility_profile"":""semantic_html_available_native_accessibility_unknown"",""action"":""learn"",""artifact_id"":""urn:uuid:b7248e75-0b09-531d-b9bc-8b8a0f697dab"",""course_ids"":[""urn:uuid:8d8ea368-373c-54d7-a6d3-4d9cfdaf46fe""],""evidence_binding_ids"":[""urn:uuid:11ad6ae9-87a4-51f9-9e1b-6c8dbd6869a5""],""format"":""semantic_html"",""local_path_binding_id"":""urn:uuid:11ad6ae9-87a4-51f9-9e1b-6c8dbd6869a5"",""locale"":""id-ID"",""primary"":true,""public_url"":""https://kokunoyumeto.github.io/openstax-prealgebra-2e-id-ID/modules/m81334/index.html"",""publication_state"":""public""},""record_type"":""reader_surface"",""recorded_at"":""2026-08-27T00:00:00Z"",""semantic_key"":""a00:prealgebra2e-volume:reader-surface:html:m81334""}"
urn:uuid:677e9b30-0400-5f48-87da-7c740b5b6241,reader_surface,"{""dataset_id"":""urn:uuid:2afd6e58-418c-5b1b-b690-53f4ec9bffdf"",""id"":""urn:uuid:677e9b30-0400-5f48-87da-7c740b5b6241"",""normalized_state"":""published"",""owner_authority_id"":""urn:uuid:09dffe8a-788a-538b-8784-88c509191790"",""owner_native_state"":""published"",""payload"":{""accessibility_profile"":""semantic_html_available_native_accessibility_unknown"",""action"":""learn"",""artifact_id"":""urn:uuid:c339914f-c847-5dfd-99f4-715f6a3a9b90"",""course_ids"":[""urn:uuid:8d8ea368-373c-54d7-a6d3-4d9cfdaf46fe""],""evidence_binding_ids"":[""urn:uuid:c7e439e9-a559-5b5a-bf58-843daf3b6b68""],""format"":""semantic_html"",""local_path_binding_id"":""urn:uuid:c7e439e9-a559-5b5a-bf58-843daf3b6b68"",""locale"":""id-ID"",""primary"":true,""public_url"":""https://kokunoyumeto.github.io/openstax-prealgebra-2e-id-ID/modules/m81335/index.html"",""publication_state"":""public""},""record_type"":""reader_surface"",""recorded_at"":""2026-08-27T00:00:00Z"",""semantic_key"":""a00:prealgebra2e-volume:reader-surface:html:m81335""}"
urn:uuid:df36c28a-4f71-5d64-a99d-2777819d179b,reader_surface,"{""dataset_id"":""urn:uuid:2afd6e58-418c-5b1b-b690-53f4ec9bffdf"",""id"":""urn:uuid:df36c28a-4f71-5d64-a99d-2777819d179b"",""normalized_state"":""published"",""owner_authority_id"":""urn:uuid:09dffe8a-788a-538b-8784-88c509191790"",""owner_native_state"":""published"",""payload"":{""accessibility_profile"":""semantic_html_available_native_accessibility_unknown"",""action"":""learn"",""artifact_id"":""urn:uuid:5c6ef1ea-3b1d-5df6-86f3-a84b0a0f1262"",""course_ids"":[""urn:uuid:8d8ea368-373c-54d7-a6d3-4d9cfdaf46fe""],""evidence_binding_ids"":[""urn:uuid:717bfa54-58b8-547a-b3dd-066b23007785""],""format"":""semantic_html"",""local_path_binding_id"":""urn:uuid:717bfa54-58b8-547a-b3dd-066b23007785"",""locale"":""id-ID"",""primary"":true,""public_url"":""https://kokunoyumeto.github.io/openstax-prealgebra-2e-id-ID/modules/m81336/index.html"",""publication_state"":""public""},""record_type"":""reader_surface"",""recorded_at"":""2026-08-27T00:00:00Z"",""semantic_key"":""a00:prealgebra2e-volume:reader-surface:html:m81336""}"
urn:uuid:fc37b732-3f3f-5d10-9d17-2e039aea8c00,reader_surface,"{""dataset_id"":""urn:uuid:2afd6e58-418c-5b1b-b690-53f4ec9bffdf"",""id"":""urn:uuid:fc37b732-3f3f-5d10-9d17-2e039aea8c00"",""normalized_state"":""published"",""owner_authority_id"":""urn:uuid:09dffe8a-788a-538b-8784-88c509191790"",""owner_native_state"":""published"",""payload"":{""accessibility_profile"":""semantic_html_available_native_accessibility_unknown"",""action"":""learn"",""artifact_id"":""urn:uuid:dcabb236-d82e-5f60-8925-6527687f4930"",""course_ids"":[""urn:uuid:8d8ea368-373c-54d7-a6d3-4d9cfdaf46fe""],""evidence_binding_ids"":[""urn:uuid:3dcc7c74-072d-5c6f-9059-bb8ebdbe6340""],""format"":""semantic_html"",""local_path_binding_id"":""urn:uuid:3dcc7c74-072d-5c6f-9059-bb8ebdbe6340"",""locale"":""id-ID"",""primary"":true,""public_url"":""https://kokunoyumeto.github.io/openstax-prealgebra-2e-id-ID/modules/m81337/index.html"",""publication_state"":""public""},""record_type"":""reader_surface"",""recorded_at"":""2026-08-27T00:00:00Z"",""semantic_key"":""a00:prealgebra2e-volume:reader-surface:html:m81337""}"
urn:uuid:438d43db-8fdb-56f0-81b1-9f434323a9c8,reader_surface,"{""dataset_id"":""urn:uuid:2afd6e58-418c-5b1b-b690-53f4ec9bffdf"",""id"":""urn:uuid:438d43db-8fdb-56f0-81b1-9f434323a9c8"",""normalized_state"":""published"",""owner_authority_id"":""urn:uuid:09dffe8a-788a-538b-8784-88c509191790"",""owner_native_state"":""published"",""payload"":{""accessibility_profile"":""semantic_html_available_native_accessibility_unknown"",""action"":""learn"",""artifact_id"":""urn:uuid:c76dea9f-bd01-57de-9edf-beeceaefda35"",""course_ids"":[""urn:uuid:8d8ea368-373c-54d7-a6d3-4d9cfdaf46fe""],""evidence_binding_ids"":[""urn:uuid:d8f8c953-871a-579f-8885-b44e808aac10""],""format"":""semantic_html"",""local_path_binding_id"":""urn:uuid:d8f8c953-871a-579f-8885-b44e808aac10"",""locale"":""id-ID"",""primary"":true,""public_url"":""https://kokunoyumeto.github.io/openstax-prealgebra-2e-id-ID/modules/m81338/index.html"",""publication_state"":""public""},""record_type"":""reader_surface"",""recorded_at"":""2026-08-27T00:00:00Z"",""semantic_key"":""a00:prealgebra2e-volume:reader-surface:html:m81338""}"
urn:uuid:55891bb4-a690-568e-9704-377b8bf3660a,reader_surface,"{""dataset_id"":""urn:uuid:2afd6e58-418c-5b1b-b690-53f4ec9bffdf"",""id"":""urn:uuid:55891bb4-a690-568e-9704-377b8bf3660a"",""normalized_state"":""published"",""owner_authority_id"":""urn:uuid:09dffe8a-788a-538b-8784-88c509191790"",""owner_native_state"":""published"",""payload"":{""accessibility_profile"":""semantic_html_available_native_accessibility_unknown"",""action"":""learn"",""artifact_id"":""urn:uuid:b8a66ad1-1b5f-5b6b-9ac3-e86fe1e96f10"",""course_ids"":[""urn:uuid:8d8ea368-373c-54d7-a6d3-4d9cfdaf46fe""],""evidence_binding_ids"":[""urn:uuid:b04d9125-633c-508c-a8e6-a2a51f4a2fe8""],""format"":""semantic_html"",""local_path_binding_id"":""urn:uuid:b04d9125-633c-508c-a8e6-a2a51f4a2fe8"",""locale"":""id-ID"",""primary"":true,""public_url"":""https://kokunoyumeto.github.io/openstax-prealgebra-2e-id-ID/modules/m81340/index.html"",""publication_state"":""public""},""record_type"":""reader_surface"",""recorded_at"":""2026-08-27T00:00:00Z"",""semantic_key"":""a00:prealgebra2e-volume:reader-surface:html:m81340""}"
urn:uuid:e82a77a0-555e-52b7-bd1b-3a2405c08b1c,reader_surface,"{""dataset_id"":""urn:uuid:2afd6e58-418c-5b1b-b690-53f4ec9bffdf"",""id"":""urn:uuid:e82a77a0-555e-52b7-bd1b-3a2405c08b1c"",""normalized_state"":""published"",""owner_authority_id"":""urn:uuid:09dffe8a-788a-538b-8784-88c509191790"",""owner_native_state"":""published"",""payload"":{""accessibility_profile"":""semantic_html_available_native_accessibility_unknown"",""action"":""learn"",""artifact_id"":""urn:uuid:8ac9ccc2-fd23-562c-8ee8-5bf9313cc10d"",""course_ids"":[""urn:uuid:8d8ea368-373c-54d7-a6d3-4d9cfdaf46fe""],""evidence_binding_ids"":[""urn:uuid:296a215d-16f3-55d8-85d6-1b0073ecdb06""],""format"":""semantic_html"",""local_path_binding_id"":""urn:uuid:296a215d-16f3-55d8-85d6-1b0073ecdb06"",""locale"":""id-ID"",""primary"":true,""public_url"":""https://kokunoyumeto.github.io/openstax-prealgebra-2e-id-ID/modules/m81342/index.html"",""publication_state"":""public""},""record_type"":""reader_surface"",""recorded_at"":""2026-08-27T00:00:00Z"",""semantic_key"":""a00:prealgebra2e-volume:reader-surface:html:m81342""}"
urn:uuid:aa5e121c-ef85-5444-a640-e7fa4dff1344,reader_surface,"{""dataset_id"":""urn:uuid:2afd6e58-418c-5b1b-b690-53f4ec9bffdf"",""id"":""urn:uuid:aa5e121c-ef85-5444-a640-e7fa4dff1344"",""normalized_state"":""published"",""owner_authority_id"":""urn:uuid:09dffe8a-788a-538b-8784-88c509191790"",""owner_native_state"":""published"",""payload"":{""accessibility_profile"":""semantic_html_available_native_accessibility_unknown"",""action"":""learn"",""artifact_id"":""urn:uuid:869d57ac-1893-58db-923a-d821a4471fa7"",""course_ids"":[""urn:uuid:8d8ea368-373c-54d7-a6d3-4d9cfdaf46fe""],""evidence_binding_ids"":[""urn:uuid:078c2f68-9e9d-5c9a-8aa1-81f154954307""],""format"":""semantic_html"",""local_path_binding_id"":""urn:uuid:078c2f68-9e9d-5c9a-8aa1-81f154954307"",""locale"":""id-ID"",""primary"":true,""public_url"":""https://kokunoyumeto.github.io/openstax-prealgebra-2e-id-ID/modules/m81345/index.html"",""publication_state"":""public""},""record_type"":""reader_surface"",""recorded_at"":""2026-08-27T00:00:00Z"",""semantic_key"":""a00:prealgebra2e-volume:reader-surface:html:m81345""}"
urn:uuid:348fd1bf-0461-58ec-b31a-4ab75f00aaeb,reader_surface,"{""dataset_id"":""urn:uuid:2afd6e58-418c-5b1b-b690-53f4ec9bffdf"",""id"":""urn:uuid:348fd1bf-0461-58ec-b31a-4ab75f00aaeb"",""normalized_state"":""published"",""owner_authority_id"":""urn:uuid:09dffe8a-788a-538b-8784-88c509191790"",""owner_native_state"":""published"",""payload"":{""accessibility_profile"":""semantic_html_available_native_accessibility_unknown"",""action"":""learn"",""artifact_id"":""urn:uuid:b16027ca-b34f-5f20-8484-b12c90432b7d"",""course_ids"":[""urn:uuid:8d8ea368-373c-54d7-a6d3-4d9cfdaf46fe""],""evidence_binding_ids"":[""urn:uuid:0fb67a87-c9f4-5528-b416-811d2a6ecd24""],""format"":""semantic_html"",""local_path_binding_id"":""urn:uuid:0fb67a87-c9f4-5528-b416-811d2a6ecd24"",""locale"":""id-ID"",""primary"":true,""public_url"":""https://kokunoyumeto.github.io/openstax-prealgebra-2e-id-ID/modules/m81347/index.html"",""publication_state"":""public""},""record_type"":""reader_surface"",""recorded_at"":""2026-08-27T00:00:00Z"",""semantic_key"":""a00:prealgebra2e-volume:reader-surface:html:m81347""}"
urn:uuid:84d63de4-ec8b-5bb0-9421-e45eb7cde32b,reader_surface,"{""dataset_id"":""urn:uuid:2afd6e58-418c-5b1b-b690-53f4ec9bffdf"",""id"":""urn:uuid:84d63de4-ec8b-5bb0-9421-e45eb7cde32b"",""normalized_state"":""published"",""owner_authority_id"":""urn:uuid:09dffe8a-788a-538b-8784-88c509191790"",""owner_native_state"":""published"",""payload"":{""accessibility_profile"":""semantic_html_available_native_accessibility_unknown"",""action"":""learn"",""artifact_id"":""urn:uuid:61986cfd-e3b7-5bc2-b989-5c425273d495"",""course_ids"":[""urn:uuid:8d8ea368-373c-54d7-a6d3-4d9cfdaf46fe""],""evidence_binding_ids"":[""urn:uuid:007eed82-cc81-5d3a-a434-7d49b21e31c4""],""format"":""semantic_html"",""local_path_binding_id"":""urn:uuid:007eed82-cc81-5d3a-a434-7d49b21e31c4"",""locale"":""id-ID"",""primary"":true,""public_url"":""https://kokunoyumeto.github.io/openstax-prealgebra-2e-id-ID/modules/m81350/index.html"",""publication_state"":""public""},""record_type"":""reader_surface"",""recorded_at"":""2026-08-27T00:00:00Z"",""semantic_key"":""a00:prealgebra2e-volume:reader-surface:html:m81350""}"
urn:uuid:e2964fb8-e85d-5800-b17a-fc2b6f50e4a4,reader_surface,"{""dataset_id"":""urn:uuid:2afd6e58-418c-5b1b-b690-53f4ec9bffdf"",""id"":""urn:uuid:e2964fb8-e85d-5800-b17a-fc2b6f50e4a4"",""normalized_state"":""published"",""owner_authority_id"":""urn:uuid:09dffe8a-788a-538b-8784-88c509191790"",""owner_native_state"":""published"",""payload"":{""accessibility_profile"":""semantic_html_available_native_accessibility_unknown"",""action"":""learn"",""artifact_id"":""urn:uuid:8542779e-136f-5750-84aa-46f23b9a971c"",""course_ids"":[""urn:uuid:8d8ea368-373c-54d7-a6d3-4d9cfdaf46fe""],""evidence_binding_ids"":[""urn:uuid:a693a121-1abf-51a7-b928-3cf1feb5dc2a""],""format"":""semantic_html"",""local_path_binding_id"":""urn:uuid:a693a121-1abf-51a7-b928-3cf1feb5dc2a"",""locale"":""id-ID"",""primary"":true,""public_url"":""https://kokunoyumeto.github.io/openstax-prealgebra-2e-id-ID/modules/m81354/index.html"",""publication_state"":""public""},""record_type"":""reader_surface"",""recorded_at"":""2026-08-27T00:00:00Z"",""semantic_key"":""a00:prealgebra2e-volume:reader-surface:html:m81354""}"
