asset_id,reader_order,reader_caption_id,resource_title,commons_metadata_title,description_url,original_url,selected_url,selected_form,local_path,local_bytes,local_sha256,local_width,local_height,pdf_local_path,pdf_local_bytes,pdf_local_sha256,pdf_companion_source_url,original_bytes,original_sha1,original_width,original_height,mime,commons_timestamp,uploader,artist,license_short,usage_terms,license_url,attribution_required
br-ak-media-001,1,Grafik fungsi linear,File:Linear_function.svg,File:Linear function.svg,https://commons.wikimedia.org/wiki/File:Linear_function.svg,https://upload.wikimedia.org/wikipedia/commons/8/87/Linear_function.svg,https://upload.wikimedia.org/wikipedia/commons/thumb/8/87/Linear_function.svg/250px-Linear_function.svg.png,thumbnail,authority/assets/Linear_function-250.png,1336,9b51123ad1f2c908492c27486784b4d4a6a301911334419a183018199e058a66,250,250,,,,,3592,acb45198aa32250c60376b5dd9cf373fb348c544,300,300,image/svg+xml,2005-11-23T08:58:33Z,Luks,No machine-readable author provided. Luks assumed (based on copyright claims).,Public domain,Public domain,,false
br-ak-media-002,2,Grafik polinom berderajat empat,File:Polynomialdeg4.png,File:Polynomialdeg4.png,https://commons.wikimedia.org/wiki/File:Polynomialdeg4.png,https://upload.wikimedia.org/wikipedia/commons/a/a1/Polynomialdeg4.png,https://upload.wikimedia.org/wikipedia/commons/a/a1/Polynomialdeg4.png,original,authority/assets/Polynomialdeg4.png,2184,e1997aba85dfd5a6e240298b1a0825a67ce069f1be15b9f981fd8d879ea07d68,233,179,,,,,2184,e5eaf8367c9abea2201890cae09f6e7ca9c0f372,233,179,image/png,2023-06-03T05:33:46Z,Phreneticc,,CC BY-SA 3.0,Creative Commons Attribution-Share Alike 3.0,http://creativecommons.org/licenses/by-sa/3.0/,true
br-ak-media-003,3,Grafik fungsi rasional,File:RationalDegree2byXedi.gif,File:RationalDegree2byXedi.gif,https://commons.wikimedia.org/wiki/File:RationalDegree2byXedi.gif,https://upload.wikimedia.org/wikipedia/commons/0/09/RationalDegree2byXedi.gif,https://upload.wikimedia.org/wikipedia/commons/0/09/RationalDegree2byXedi.gif,original,authority/assets/RationalDegree2byXedi.gif,4199,cc0d114ccf6f1131465e4e7b57c3d86a59a6d7c53b71465fb4bc1b0a1dd59c17,300,250,authority/assets/RationalDegree2byXedi-frame-1.png,4449,4fdec720fd98ff71c52333341c5a7c78de8a8b35d93edc040323ec078aca1924,locally derived first frame,4199,1aa4291ed3f9871bec04554c91eb5391fa4996f2,300,250,image/gif,2007-07-14T01:04:47Z,Ylebru,Sam Derbyshire,CC BY-SA 3.0,Creative Commons Attribution-Share Alike 3.0,http://creativecommons.org/licenses/by-sa/3.0/,true
br-ak-media-004,4,Lingkaran satuan,File:Disk_1.svg,File:Disk 1.svg,https://commons.wikimedia.org/wiki/File:Disk_1.svg,https://upload.wikimedia.org/wikipedia/commons/2/20/Disk_1.svg,https://upload.wikimedia.org/wikipedia/commons/thumb/2/20/Disk_1.svg/250px-Disk_1.svg.png,thumbnail,authority/assets/Disk_1-250.png,4811,1ef50b64d023899f66bf5a0f11f2201560ad901948c476b67a00db768baa8262,250,250,,,,,149,9b0680032bb3b2b72b9ade7b01e15895c3392d67,512,512,image/svg+xml,2023-09-07T21:07:31Z,Andrew Pertsev,Paris 16,Public domain,Public domain,,false
br-ak-media-005,5,Elips,File:Ellipse.svg,File:Ellipse.svg,https://commons.wikimedia.org/wiki/File:Ellipse.svg,https://upload.wikimedia.org/wikipedia/commons/2/2e/Ellipse.svg,https://upload.wikimedia.org/wikipedia/commons/2/2e/Ellipse.svg,original,authority/assets/Ellipse.svg,674,f2681d9180c747b5c346892ef9b6148d86ed8049a17d66e5ab1755eecae1244d,256,256,authority/assets/Ellipse-250.png,5298,e500b835ac6cf054a3f8686239edb8df93a03be5e0d866603ce6f7417fdb20a3,https://upload.wikimedia.org/wikipedia/commons/thumb/2/2e/Ellipse.svg/250px-Ellipse.svg.png,674,48a476a154dd431f2a3ca1047f8b5a5f36fa4083,256,256,image/svg+xml,2008-08-05T14:09:22Z,Zorgit,Zorgit,CC BY-SA 3.0,Creative Commons Attribution-Share Alike 3.0,https://creativecommons.org/licenses/by-sa/3.0,true
br-ak-media-006,6,Kurva dengan kuspa,File:Cusp.png,File:Cusp.png,https://commons.wikimedia.org/wiki/File:Cusp.png,https://upload.wikimedia.org/wikipedia/commons/5/5b/Cusp.png,https://upload.wikimedia.org/wikipedia/commons/thumb/5/5b/Cusp.png/250px-Cusp.png,thumbnail,authority/assets/Cusp-250.png,26407,ccd2cac81b1dd4f0feaaa19c56fa349b7e83bd6074b08c96b3cc888077352d1d,250,315,,,,,19580,cef3df0352b93c91609f77f6b92496f50d068aeb,283,357,image/png,2007-06-19T23:36:29Z,Satipatthana,,Public domain,Public domain,,false
br-ak-media-007,7,Contoh kurva eliptik,File:Elliptic_curve_simple.svg,File:Elliptic curve simple.svg,https://commons.wikimedia.org/wiki/File:Elliptic_curve_simple.svg,https://upload.wikimedia.org/wikipedia/commons/d/da/Elliptic_curve_simple.svg,https://upload.wikimedia.org/wikipedia/commons/thumb/d/da/Elliptic_curve_simple.svg/250px-Elliptic_curve_simple.svg.png,thumbnail,authority/assets/Elliptic_curve_simple-250.png,5809,7fae70723ddf5ad6a8afa0b9bd4cfa5faca9382c3ef9f811566972c17b5bceb6,250,278,,,,,9035,c780c43d4d93e371391110049aa680234390d6cc,225,250,image/svg+xml,2008-07-12T07:06:39Z,Pbrks,"derivative work: Pbroks13 ( talk ) Elliptic_curve_simple.png : Created by Sean κ . + 23:33, 27 May 2005 (UTC)",CC BY-SA 3.0,Creative Commons Attribution-Share Alike 3.0,http://creativecommons.org/licenses/by-sa/3.0/,true
br-ak-media-008,8,Kubik Tschirnhausen,File:Tschirnhausen_cubic.svg,File:Tschirnhausen cubic.svg,https://commons.wikimedia.org/wiki/File:Tschirnhausen_cubic.svg,https://upload.wikimedia.org/wikipedia/commons/5/53/Tschirnhausen_cubic.svg,https://upload.wikimedia.org/wikipedia/commons/thumb/5/53/Tschirnhausen_cubic.svg/250px-Tschirnhausen_cubic.svg.png,thumbnail,authority/assets/Tschirnhausen_cubic-250.png,16235,b896dac1452de98a8638827420e217fdb45ed247b658ef816e9f9ebd169a575d,250,334,,,,,2157,a8578275c077a2e60cc039803a4727f98d29a6c7,360,480,image/svg+xml,2015-03-17T13:32:43Z,Krishnavedala,Original: Oleg Alexandrov Vector: Krishnavedala,GPL,GNU General Public License,http://www.gnu.org/licenses/gpl.html,true
br-ak-media-009,9,Kampyle Eudoxus,File:Eudoxus.png,File:Eudoxus.png,https://commons.wikimedia.org/wiki/File:Kampyle_Eudoxus.png,https://upload.wikimedia.org/wikipedia/commons/e/e4/Kampyle_Eudoxus.png,https://upload.wikimedia.org/wikipedia/commons/thumb/e/e4/Kampyle_Eudoxus.png/250px-Kampyle_Eudoxus.png,thumbnail,authority/assets/Kampyle_Eudoxus-250.png,35500,ca7b9747bdde0e21709a6b4c92cbd53c4fca31c8affed35dc4ba272487a3d0b0,250,439,,,,,13672,fecf5e6e7f72b1f1296f3fac2bcf48da2f1cd601,622,1092,image/png,2017-04-19T05:46:22Z,Ayane m,Donald Hosek,Public domain,Public domain,,false
br-ak-media-010,10,Konkoid Pascal,File:Conchoid_of_Pascal.png,File:Conchoid of Pascal.png,https://commons.wikimedia.org/wiki/File:Conchoid_of_Pascal.png,https://upload.wikimedia.org/wikipedia/commons/e/e9/Conchoid_of_Pascal.png,https://upload.wikimedia.org/wikipedia/commons/e/e9/Conchoid_of_Pascal.png,original,authority/assets/Conchoid_of_Pascal.png,3126,9a337d72a1fce03097bd23a98a95d7b49c9bda3e5041939c26017fa03ee9121c,303,336,,,,,3126,fa88e0fd2a2d8cd3c358cb288fbdbf348410619d,303,336,image/png,2005-06-12T20:16:25Z,Luke33,,Public domain,Public domain,,false
br-ak-media-011,11,Bifolium,File:Bifolium.png,File:Bifolium.png,https://commons.wikimedia.org/wiki/File:Bifolium.png,https://upload.wikimedia.org/wikipedia/commons/2/2d/Bifolium.png,https://upload.wikimedia.org/wikipedia/commons/2/2d/Bifolium.png,original,authority/assets/Bifolium.png,45817,e468ce7742960b54b150a711c88963769980b8e4053a09ead57683fd2718ea43,1367,661,,,,,45817,dbc19c07ef5637fb07f1307d0375aecd60c16d92,1367,661,image/png,2007-07-14T05:08:48Z,Oleg Alexandrov,Oleg Alexandrov,Public domain,Public domain,,false
br-ak-media-012,12,Limaçon,File:Limacon.png,File:Limacon.png,https://commons.wikimedia.org/wiki/File:Limacon.png,https://upload.wikimedia.org/wikipedia/commons/0/0e/Limacon.png,https://upload.wikimedia.org/wikipedia/commons/0/0e/Limacon.png,original,authority/assets/Limacon.png,3254,85575dc8306fb392f848c89bfe2dee19235eb3d1aba61a6ae66171f2a1e3d5a7,255,287,,,,,3254,95ea80dfd998cd0cf7607b1b22521df8021a6188,255,287,image/png,2005-09-22T17:41:54Z,Berto,,Public domain,Public domain,,false
br-ak-media-013,13,Quadrifolium,File:Quadrifolium.svg,File:Quadrifolium.svg,https://commons.wikimedia.org/wiki/File:Quadrifolium.svg,https://upload.wikimedia.org/wikipedia/commons/a/aa/Quadrifolium.svg,https://upload.wikimedia.org/wikipedia/commons/thumb/a/aa/Quadrifolium.svg/250px-Quadrifolium.svg.png,thumbnail,authority/assets/Quadrifolium-250.png,11932,e6d8be546cc55c18c26aa078cf52468af416628c11e331ac29051a384f4aa32a,250,250,,,,,2794,e6dda039e73fbf1077f310baee1f0e109b395839,560,560,image/svg+xml,2009-08-31T15:03:29Z,Mktyscn,Mktyscn,Public domain,Public domain,,false
br-ak-media-014,14,Lemniskat Bernoulli,File:Lemniscate_of_Bernoulli.svg,File:Lemniscate of Bernoulli.svg,https://commons.wikimedia.org/wiki/File:Lemniscate_of_Bernoulli.svg,https://upload.wikimedia.org/wikipedia/commons/e/ef/Lemniscate_of_Bernoulli.svg,https://upload.wikimedia.org/wikipedia/commons/thumb/e/ef/Lemniscate_of_Bernoulli.svg/250px-Lemniscate_of_Bernoulli.svg.png,thumbnail,authority/assets/Lemniscate_of_Bernoulli-250.png,4470,89fa3b5d2f2a9af3b9dc1f74962fbf5e70b5e805e804ea09d8a0a25af2ce39f2,250,94,,,,,1087,9c474e2a9ed86aaa7d5a700d311c13b4a05866de,800,300,image/svg+xml,2010-09-18T22:36:31Z,Georg-Johann,Zorgit,Public domain,Public domain,,false
br-ak-media-015,15,Sikloid,File:Cicloide.svg,File:Cicloide.svg,https://commons.wikimedia.org/wiki/File:Cicloide.svg,https://upload.wikimedia.org/wikipedia/commons/e/eb/Cicloide.svg,https://upload.wikimedia.org/wikipedia/commons/thumb/e/eb/Cicloide.svg/250px-Cicloide.svg.png,thumbnail,authority/assets/Cicloide-250.png,2640,91c05a0cee15dd9834fd6fc50ae97127c9a6de929773dfc4fddf28131ef43d1e,250,66,,,,,8688,8863763e363d130748dd9d781a66e8bf6c0298db,871,229,image/svg+xml,2007-06-18T17:09:54Z,Elborgo,Elborgo,CC BY 2.5,Creative Commons Attribution 2.5,https://creativecommons.org/licenses/by/2.5,true
br-ak-media-016,16,Spiral logaritmik,File:Logarithmic_spiral.png,File:Logarithmic spiral.png,https://commons.wikimedia.org/wiki/File:Logarithmic_spiral.png,https://upload.wikimedia.org/wikipedia/commons/4/44/Logarithmic_spiral.png,https://upload.wikimedia.org/wikipedia/commons/thumb/4/44/Logarithmic_spiral.png/250px-Logarithmic_spiral.png,thumbnail,authority/assets/Logarithmic_spiral-250.png,10046,4c9ecf80cac2d2b6d38c433c497cc5426bbab81171e2b0b45b62ed9c4c586676,250,187,,,,,24402,12c227d2c2bf242698ef90b3011e2370ba5ddc8e,600,450,image/png,2005-07-03T08:20:25Z,Anarkman~commonswiki,,CC BY-SA 3.0,Creative Commons Attribution-Share Alike 3.0,http://creativecommons.org/licenses/by-sa/3.0/,true
br-ak-media-017,17,Grafik sinus,File:Sin.svg,File:Sin.svg,https://commons.wikimedia.org/wiki/File:Sin.svg,https://upload.wikimedia.org/wikipedia/commons/b/b2/Sin.svg,https://upload.wikimedia.org/wikipedia/commons/thumb/b/b2/Sin.svg/250px-Sin.svg.png,thumbnail,authority/assets/Sin-250.png,10534,b4eeac37b370423b506230506a30a476681ccdc9d905f3dd3cc0cb65d0a77797,250,171,,,,,96344,3d03578cc246959ec069adb08d925d5a2310f0eb,1122,765,image/svg+xml,2016-06-02T21:10:15Z,Gustavo Girardelli,Self: Commons user Keytotime,Public domain,Public domain,,false
br-ak-media-018,18,Kurva Koch kuadratik,File:Quadratic_Koch.png,File:Quadratic Koch.png,https://commons.wikimedia.org/wiki/File:Quadratic_Koch.png,https://upload.wikimedia.org/wikipedia/commons/1/1b/Quadratic_Koch.png,https://upload.wikimedia.org/wikipedia/commons/1/1b/Quadratic_Koch.png,original,authority/assets/Quadratic_Koch.png,1987,61c19db17220e8cd869f31ea10bf3345b4e5540ff0d6a3793b3b84415319eefe,774,519,,,,,1987,48d3bb4e5f6f4227afa881d61ea33fb36fbb09fe,774,519,image/png,2014-05-30T19:27:48Z,JeffyP,Alexis Monnerot-Dumaine,CC BY-SA 3.0,Creative Commons Attribution-Share Alike 3.0,http://creativecommons.org/licenses/by-sa/3.0/,true
br-ak-media-019,19,Hiperbola siku-siku,File:Rectangular_hyperbola.svg,File:Rectangular hyperbola.svg,https://commons.wikimedia.org/wiki/File:Rectangular_hyperbola.svg,https://upload.wikimedia.org/wikipedia/commons/2/29/Rectangular_hyperbola.svg,https://upload.wikimedia.org/wikipedia/commons/thumb/2/29/Rectangular_hyperbola.svg/250px-Rectangular_hyperbola.svg.png,thumbnail,authority/assets/Rectangular_hyperbola-250.png,4985,e99d6da1e073c025fb056f89cba7e7c2b67543d9fd4cadf246f77c73566d0f4b,250,250,,,,,807,317b5805c131fe0900e32edbcaa5a0ce39305914,300,300,image/svg+xml,2015-01-08T22:50:21Z,Krishnavedala,Qef,Public domain,Public domain,,false
br-ak-media-020,20,Kurva-kurva kubik yang dikaji Newton,File:Newtonbig.gif,File:Newtonbig.gif,https://commons.wikimedia.org/wiki/File:Newtonbig.gif,https://upload.wikimedia.org/wikipedia/commons/0/0e/Newtonbig.gif,https://upload.wikimedia.org/wikipedia/commons/0/0e/Newtonbig.gif,original,authority/assets/Newtonbig.gif,322474,3ed1c97d7e6e4e03d479039fb1170f7b46aafece9cef25bd0f34357de545e7b8,400,400,authority/assets/Newtonbig-frame-1.png,54580,41cc512445b30c7d4c7e8b28583cc2c453f06beb7441247e228b00a0bb7badbe,locally derived first frame,322474,9619789af6194a8760456ab795455bae4f60d7a4,400,400,image/gif,2008-01-20T14:36:55Z,Pokipsy76~commonswiki,Pokipsy76,CC BY-SA 3.0,Creative Commons Attribution-Share Alike 3.0,http://creativecommons.org/licenses/by-sa/3.0/,true
br-ak-media-021,21,Isaac Newton,File:GodfreyKneller-IsaacNewton-1689.jpg,File:GodfreyKneller-IsaacNewton-1689.jpg,https://commons.wikimedia.org/wiki/File:GodfreyKneller-IsaacNewton-1689.jpg,https://upload.wikimedia.org/wikipedia/commons/3/39/GodfreyKneller-IsaacNewton-1689.jpg,https://upload.wikimedia.org/wikipedia/commons/3/39/GodfreyKneller-IsaacNewton-1689.jpg,original,authority/assets/GodfreyKneller-IsaacNewton-1689.jpg,987984,d2d2c6b74b70428a3fc997786c8a179b503d0f8e17bd2dd73a1ec36f7a0fdc1f,1364,1916,,,,,987984,5f45ab42fe2c9d0ab7eb57e27669ee2b57842e32,1364,1916,image/jpeg,2022-08-27T21:35:41Z,Hohum,James Thronill after Sir Godfrey Kneller,Public domain,Public domain,,false
br-ak-media-022,22,Contoh-contoh kurva eliptik real,File:ECexamples01.png,File:ECexamples01.png,https://commons.wikimedia.org/wiki/File:ECexamples01.png,https://upload.wikimedia.org/wikipedia/commons/5/5b/ECexamples01.png,https://upload.wikimedia.org/wikipedia/commons/thumb/5/5b/ECexamples01.png/330px-ECexamples01.png,thumbnail,authority/assets/ECexamples01-330.png,15313,f47694853a66d0157aab9b952d6d7a1d77c00d16275915755d77fcae6b6b95a2,330,174,,,,,3901,3c189b6feea7b37f439df999a0c9526d0069e630,360,190,image/png,2005-07-16T16:15:03Z,Dake~commonswiki,,CC BY-SA 3.0,Creative Commons Attribution-Share Alike 3.0,http://creativecommons.org/licenses/by-sa/3.0/,true
br-ak-media-023,23,Carl Friedrich Gauss,File:Carl_Friedrich_Gauss.jpg,File:Carl Friedrich Gauss.jpg,https://commons.wikimedia.org/wiki/File:Carl_Friedrich_Gauss.jpg,https://upload.wikimedia.org/wikipedia/commons/9/9b/Carl_Friedrich_Gauss.jpg,https://upload.wikimedia.org/wikipedia/commons/9/9b/Carl_Friedrich_Gauss.jpg,original,authority/assets/Carl_Friedrich_Gauss.jpg,741139,c8b9643bce6444b9bd2b8eff812263007811ffa9e4917563280eb44ede66f88e,917,1180,,,,,741139,ac7b873b1c276fbb87094ec5d2420276f29e9be7,917,1180,image/jpeg,2018-01-26T09:28:00Z,Alonso de Mendoza,Gottlieb Biermann / After Christian Albrecht Jensen,Public domain,Public domain,,false
