id,record_type,record_json
urn:uuid:03d812c9-7fe2-55b5-8ab1-eef81b92f905,unit,"{""first_edition_id"":""urn:uuid:90dd6738-3d84-51a8-9712-070a392b7a10"",""id"":""urn:uuid:03d812c9-7fe2-55b5-8ab1-eef81b92f905"",""identity_anchor"":""D30"",""identity_basis"":""stable_curriculum_role_id"",""record_type"":""unit"",""recorded_at"":""2026-08-24T00:00:00Z"",""resource_id"":""urn:uuid:cbcbc3e2-e8ab-5a99-96d8-043c6ee89cd2"",""rights_default_id"":""urn:uuid:9945850c-acbf-5071-9be1-ffee173f2539"",""schema_name"":""interlanguage-math-modular-backend"",""schema_version"":""1.0.0"",""source_label"":""Probabilitas Teoretis-Ukuran dan Proses Stokastik"",""source_local_id"":""D30"",""source_path"":""releases/v0.51.1/program-matematika-indonesia-catalog-v0.51.1.json"",""source_xml_path"":null,""stable_key"":""curriculum-course-role:D30"",""status"":""production"",""supersedes_id"":null,""unit_kind"":""curriculum_course_role"",""workflow_id"":""program-matematika-indonesia/backend-v1-exporter-1.0.0""}"
urn:uuid:07ad628c-0bba-5aa5-a28c-8ea10cce5e54,unit,"{""first_edition_id"":""urn:uuid:90dd6738-3d84-51a8-9712-070a392b7a10"",""id"":""urn:uuid:07ad628c-0bba-5aa5-a28c-8ea10cce5e54"",""identity_anchor"":""D120"",""identity_basis"":""stable_curriculum_role_id"",""record_type"":""unit"",""recorded_at"":""2026-08-24T00:00:00Z"",""resource_id"":""urn:uuid:cbcbc3e2-e8ab-5a99-96d8-043c6ee89cd2"",""rights_default_id"":""urn:uuid:9945850c-acbf-5071-9be1-ffee173f2539"",""schema_name"":""interlanguage-math-modular-backend"",""schema_version"":""1.0.0"",""source_label"":""Membaca Riset, Eksposisi, dan Kerja Matematis Reprodusibel"",""source_local_id"":""D120"",""source_path"":""releases/v0.51.1/program-matematika-indonesia-catalog-v0.51.1.json"",""source_xml_path"":null,""stable_key"":""curriculum-course-role:D120"",""status"":""production"",""supersedes_id"":null,""unit_kind"":""curriculum_course_role"",""workflow_id"":""program-matematika-indonesia/backend-v1-exporter-1.0.0""}"
urn:uuid:0c1bdcb0-559a-5a20-9169-7a76589db28a,unit,"{""first_edition_id"":""urn:uuid:90dd6738-3d84-51a8-9712-070a392b7a10"",""id"":""urn:uuid:0c1bdcb0-559a-5a20-9169-7a76589db28a"",""identity_anchor"":""C90"",""identity_basis"":""stable_curriculum_role_id"",""record_type"":""unit"",""recorded_at"":""2026-08-24T00:00:00Z"",""resource_id"":""urn:uuid:cbcbc3e2-e8ab-5a99-96d8-043c6ee89cd2"",""rights_default_id"":""urn:uuid:9945850c-acbf-5071-9be1-ffee173f2539"",""schema_name"":""interlanguage-math-modular-backend"",""schema_version"":""1.0.0"",""source_label"":""Topologi Himpunan-Titik"",""source_local_id"":""C90"",""source_path"":""releases/v0.51.1/program-matematika-indonesia-catalog-v0.51.1.json"",""source_xml_path"":null,""stable_key"":""curriculum-course-role:C90"",""status"":""production"",""supersedes_id"":null,""unit_kind"":""curriculum_course_role"",""workflow_id"":""program-matematika-indonesia/backend-v1-exporter-1.0.0""}"
urn:uuid:12568665-e41b-56af-a0b8-a81418122274,unit,"{""first_edition_id"":""urn:uuid:90dd6738-3d84-51a8-9712-070a392b7a10"",""id"":""urn:uuid:12568665-e41b-56af-a0b8-a81418122274"",""identity_anchor"":""B80"",""identity_basis"":""stable_curriculum_role_id"",""record_type"":""unit"",""recorded_at"":""2026-08-24T00:00:00Z"",""resource_id"":""urn:uuid:cbcbc3e2-e8ab-5a99-96d8-043c6ee89cd2"",""rights_default_id"":""urn:uuid:9945850c-acbf-5071-9be1-ffee173f2539"",""schema_name"":""interlanguage-math-modular-backend"",""schema_version"":""1.0.0"",""source_label"":""Komputasi Matematis dan Eksperimen Reprodusibel"",""source_local_id"":""B80"",""source_path"":""releases/v0.51.1/program-matematika-indonesia-catalog-v0.51.1.json"",""source_xml_path"":null,""stable_key"":""curriculum-course-role:B80"",""status"":""published"",""supersedes_id"":null,""unit_kind"":""curriculum_course_role"",""workflow_id"":""program-matematika-indonesia/backend-v1-exporter-1.0.0""}"
urn:uuid:1366cb75-3f9f-5d5f-8eda-d332dc1020c0,unit,"{""first_edition_id"":""urn:uuid:90dd6738-3d84-51a8-9712-070a392b7a10"",""id"":""urn:uuid:1366cb75-3f9f-5d5f-8eda-d332dc1020c0"",""identity_anchor"":""C100"",""identity_basis"":""stable_curriculum_role_id"",""record_type"":""unit"",""recorded_at"":""2026-08-24T00:00:00Z"",""resource_id"":""urn:uuid:cbcbc3e2-e8ab-5a99-96d8-043c6ee89cd2"",""rights_default_id"":""urn:uuid:9945850c-acbf-5071-9be1-ffee173f2539"",""schema_name"":""interlanguage-math-modular-backend"",""schema_version"":""1.0.0"",""source_label"":""Geometri: Euklides, Afin, Projektif, dan Non-Euklides"",""source_local_id"":""C100"",""source_path"":""releases/v0.51.1/program-matematika-indonesia-catalog-v0.51.1.json"",""source_xml_path"":null,""stable_key"":""curriculum-course-role:C100"",""status"":""production"",""supersedes_id"":null,""unit_kind"":""curriculum_course_role"",""workflow_id"":""program-matematika-indonesia/backend-v1-exporter-1.0.0""}"
urn:uuid:146303d2-eb99-5906-83dd-98caafecb52f,unit,"{""first_edition_id"":""urn:uuid:90dd6738-3d84-51a8-9712-070a392b7a10"",""id"":""urn:uuid:146303d2-eb99-5906-83dd-98caafecb52f"",""identity_anchor"":""C30"",""identity_basis"":""stable_curriculum_role_id"",""record_type"":""unit"",""recorded_at"":""2026-08-24T00:00:00Z"",""resource_id"":""urn:uuid:cbcbc3e2-e8ab-5a99-96d8-043c6ee89cd2"",""rights_default_id"":""urn:uuid:9945850c-acbf-5071-9be1-ffee173f2539"",""schema_name"":""interlanguage-math-modular-backend"",""schema_version"":""1.0.0"",""source_label"":""Aljabar Abstrak I"",""source_local_id"":""C30"",""source_path"":""releases/v0.51.1/program-matematika-indonesia-catalog-v0.51.1.json"",""source_xml_path"":null,""stable_key"":""curriculum-course-role:C30"",""status"":""published"",""supersedes_id"":null,""unit_kind"":""curriculum_course_role"",""workflow_id"":""program-matematika-indonesia/backend-v1-exporter-1.0.0""}"
urn:uuid:18f7091c-b314-5eab-b254-269c50ccca0c,unit,"{""first_edition_id"":""urn:uuid:90dd6738-3d84-51a8-9712-070a392b7a10"",""id"":""urn:uuid:18f7091c-b314-5eab-b254-269c50ccca0c"",""identity_anchor"":""A00"",""identity_basis"":""stable_curriculum_role_id"",""record_type"":""unit"",""recorded_at"":""2026-08-24T00:00:00Z"",""resource_id"":""urn:uuid:cbcbc3e2-e8ab-5a99-96d8-043c6ee89cd2"",""rights_default_id"":""urn:uuid:9945850c-acbf-5071-9be1-ffee173f2539"",""schema_name"":""interlanguage-math-modular-backend"",""schema_version"":""1.0.0"",""source_label"":""Praaljabar dan Fondasi Kuantitatif"",""source_local_id"":""A00"",""source_path"":""releases/v0.51.1/program-matematika-indonesia-catalog-v0.51.1.json"",""source_xml_path"":null,""stable_key"":""curriculum-course-role:A00"",""status"":""published"",""supersedes_id"":null,""unit_kind"":""curriculum_course_role"",""workflow_id"":""program-matematika-indonesia/backend-v1-exporter-1.0.0""}"
urn:uuid:19eaee36-f53f-52de-a98e-a0fe3b7b5218,unit,"{""first_edition_id"":""urn:uuid:90dd6738-3d84-51a8-9712-070a392b7a10"",""id"":""urn:uuid:19eaee36-f53f-52de-a98e-a0fe3b7b5218"",""identity_anchor"":""A30"",""identity_basis"":""stable_curriculum_role_id"",""record_type"":""unit"",""recorded_at"":""2026-08-24T00:00:00Z"",""resource_id"":""urn:uuid:cbcbc3e2-e8ab-5a99-96d8-043c6ee89cd2"",""rights_default_id"":""urn:uuid:9945850c-acbf-5071-9be1-ffee173f2539"",""schema_name"":""interlanguage-math-modular-backend"",""schema_version"":""1.0.0"",""source_label"":""Prakalkulus dan Trigonometri"",""source_local_id"":""A30"",""source_path"":""releases/v0.51.1/program-matematika-indonesia-catalog-v0.51.1.json"",""source_xml_path"":null,""stable_key"":""curriculum-course-role:A30"",""status"":""production"",""supersedes_id"":null,""unit_kind"":""curriculum_course_role"",""workflow_id"":""program-matematika-indonesia/backend-v1-exporter-1.0.0""}"
urn:uuid:2e56dcc9-8a54-586d-aba7-8d06bb93ac8c,unit,"{""first_edition_id"":""urn:uuid:90dd6738-3d84-51a8-9712-070a392b7a10"",""id"":""urn:uuid:2e56dcc9-8a54-586d-aba7-8d06bb93ac8c"",""identity_anchor"":""D90"",""identity_basis"":""stable_curriculum_role_id"",""record_type"":""unit"",""recorded_at"":""2026-08-24T00:00:00Z"",""resource_id"":""urn:uuid:cbcbc3e2-e8ab-5a99-96d8-043c6ee89cd2"",""rights_default_id"":""urn:uuid:9945850c-acbf-5071-9be1-ffee173f2539"",""schema_name"":""interlanguage-math-modular-backend"",""schema_version"":""1.0.0"",""source_label"":""Optimisasi Lanjut dan Analisis Konveks"",""source_local_id"":""D90"",""source_path"":""releases/v0.51.1/program-matematika-indonesia-catalog-v0.51.1.json"",""source_xml_path"":null,""stable_key"":""curriculum-course-role:D90"",""status"":""production"",""supersedes_id"":null,""unit_kind"":""curriculum_course_role"",""workflow_id"":""program-matematika-indonesia/backend-v1-exporter-1.0.0""}"
urn:uuid:32a5327a-c201-5a94-9416-2142d79dc8e8,unit,"{""first_edition_id"":""urn:uuid:90dd6738-3d84-51a8-9712-070a392b7a10"",""id"":""urn:uuid:32a5327a-c201-5a94-9416-2142d79dc8e8"",""identity_anchor"":""C110"",""identity_basis"":""stable_curriculum_role_id"",""record_type"":""unit"",""recorded_at"":""2026-08-24T00:00:00Z"",""resource_id"":""urn:uuid:cbcbc3e2-e8ab-5a99-96d8-043c6ee89cd2"",""rights_default_id"":""urn:uuid:9945850c-acbf-5071-9be1-ffee173f2539"",""schema_name"":""interlanguage-math-modular-backend"",""schema_version"":""1.0.0"",""source_label"":""Analisis Numerik"",""source_local_id"":""C110"",""source_path"":""releases/v0.51.1/program-matematika-indonesia-catalog-v0.51.1.json"",""source_xml_path"":null,""stable_key"":""curriculum-course-role:C110"",""status"":""published"",""supersedes_id"":null,""unit_kind"":""curriculum_course_role"",""workflow_id"":""program-matematika-indonesia/backend-v1-exporter-1.0.0""}"
urn:uuid:3c1d2dea-f76c-57a1-ba12-28a0c01c1aa4,unit,"{""first_edition_id"":""urn:uuid:90dd6738-3d84-51a8-9712-070a392b7a10"",""id"":""urn:uuid:3c1d2dea-f76c-57a1-ba12-28a0c01c1aa4"",""identity_anchor"":""B40"",""identity_basis"":""stable_curriculum_role_id"",""record_type"":""unit"",""recorded_at"":""2026-08-24T00:00:00Z"",""resource_id"":""urn:uuid:cbcbc3e2-e8ab-5a99-96d8-043c6ee89cd2"",""rights_default_id"":""urn:uuid:9945850c-acbf-5071-9be1-ffee173f2539"",""schema_name"":""interlanguage-math-modular-backend"",""schema_version"":""1.0.0"",""source_label"":""Aljabar Linear"",""source_local_id"":""B40"",""source_path"":""releases/v0.51.1/program-matematika-indonesia-catalog-v0.51.1.json"",""source_xml_path"":null,""stable_key"":""curriculum-course-role:B40"",""status"":""published"",""supersedes_id"":null,""unit_kind"":""curriculum_course_role"",""workflow_id"":""program-matematika-indonesia/backend-v1-exporter-1.0.0""}"
urn:uuid:4eeb2089-8b27-5fe2-b0eb-2f198bb89503,unit,"{""first_edition_id"":""urn:uuid:90dd6738-3d84-51a8-9712-070a392b7a10"",""id"":""urn:uuid:4eeb2089-8b27-5fe2-b0eb-2f198bb89503"",""identity_anchor"":""C10"",""identity_basis"":""stable_curriculum_role_id"",""record_type"":""unit"",""recorded_at"":""2026-08-24T00:00:00Z"",""resource_id"":""urn:uuid:cbcbc3e2-e8ab-5a99-96d8-043c6ee89cd2"",""rights_default_id"":""urn:uuid:9945850c-acbf-5071-9be1-ffee173f2539"",""schema_name"":""interlanguage-math-modular-backend"",""schema_version"":""1.0.0"",""source_label"":""Analisis Real I"",""source_local_id"":""C10"",""source_path"":""releases/v0.51.1/program-matematika-indonesia-catalog-v0.51.1.json"",""source_xml_path"":null,""stable_key"":""curriculum-course-role:C10"",""status"":""published"",""supersedes_id"":null,""unit_kind"":""curriculum_course_role"",""workflow_id"":""program-matematika-indonesia/backend-v1-exporter-1.0.0""}"
urn:uuid:55c4b0f8-2606-5188-83aa-d34ac7c95d54,unit,"{""first_edition_id"":""urn:uuid:90dd6738-3d84-51a8-9712-070a392b7a10"",""id"":""urn:uuid:55c4b0f8-2606-5188-83aa-d34ac7c95d54"",""identity_anchor"":""C140"",""identity_basis"":""stable_curriculum_role_id"",""record_type"":""unit"",""recorded_at"":""2026-08-24T00:00:00Z"",""resource_id"":""urn:uuid:cbcbc3e2-e8ab-5a99-96d8-043c6ee89cd2"",""rights_default_id"":""urn:uuid:9945850c-acbf-5071-9be1-ffee173f2539"",""schema_name"":""interlanguage-math-modular-backend"",""schema_version"":""1.0.0"",""source_label"":""Statistika Matematis"",""source_local_id"":""C140"",""source_path"":""releases/v0.51.1/program-matematika-indonesia-catalog-v0.51.1.json"",""source_xml_path"":null,""stable_key"":""curriculum-course-role:C140"",""status"":""production"",""supersedes_id"":null,""unit_kind"":""curriculum_course_role"",""workflow_id"":""program-matematika-indonesia/backend-v1-exporter-1.0.0""}"
urn:uuid:593560a4-b36f-5928-95e8-a4951f65d168,unit,"{""first_edition_id"":""urn:uuid:90dd6738-3d84-51a8-9712-070a392b7a10"",""id"":""urn:uuid:593560a4-b36f-5928-95e8-a4951f65d168"",""identity_anchor"":""B30"",""identity_basis"":""stable_curriculum_role_id"",""record_type"":""unit"",""recorded_at"":""2026-08-24T00:00:00Z"",""resource_id"":""urn:uuid:cbcbc3e2-e8ab-5a99-96d8-043c6ee89cd2"",""rights_default_id"":""urn:uuid:9945850c-acbf-5071-9be1-ffee173f2539"",""schema_name"":""interlanguage-math-modular-backend"",""schema_version"":""1.0.0"",""source_label"":""Kalkulus Integral"",""source_local_id"":""B30"",""source_path"":""releases/v0.51.1/program-matematika-indonesia-catalog-v0.51.1.json"",""source_xml_path"":null,""stable_key"":""curriculum-course-role:B30"",""status"":""production"",""supersedes_id"":null,""unit_kind"":""curriculum_course_role"",""workflow_id"":""program-matematika-indonesia/backend-v1-exporter-1.0.0""}"
urn:uuid:6894c694-38ad-5772-b8aa-604791b802c9,unit,"{""first_edition_id"":""urn:uuid:90dd6738-3d84-51a8-9712-070a392b7a10"",""id"":""urn:uuid:6894c694-38ad-5772-b8aa-604791b802c9"",""identity_anchor"":""C40"",""identity_basis"":""stable_curriculum_role_id"",""record_type"":""unit"",""recorded_at"":""2026-08-24T00:00:00Z"",""resource_id"":""urn:uuid:cbcbc3e2-e8ab-5a99-96d8-043c6ee89cd2"",""rights_default_id"":""urn:uuid:9945850c-acbf-5071-9be1-ffee173f2539"",""schema_name"":""interlanguage-math-modular-backend"",""schema_version"":""1.0.0"",""source_label"":""Aljabar Abstrak II"",""source_local_id"":""C40"",""source_path"":""releases/v0.51.1/program-matematika-indonesia-catalog-v0.51.1.json"",""source_xml_path"":null,""stable_key"":""curriculum-course-role:C40"",""status"":""published"",""supersedes_id"":null,""unit_kind"":""curriculum_course_role"",""workflow_id"":""program-matematika-indonesia/backend-v1-exporter-1.0.0""}"
urn:uuid:6f150492-76d3-584d-a265-355033f7d375,unit,"{""first_edition_id"":""urn:uuid:90dd6738-3d84-51a8-9712-070a392b7a10"",""id"":""urn:uuid:6f150492-76d3-584d-a265-355033f7d375"",""identity_anchor"":""C50"",""identity_basis"":""stable_curriculum_role_id"",""record_type"":""unit"",""recorded_at"":""2026-08-24T00:00:00Z"",""resource_id"":""urn:uuid:cbcbc3e2-e8ab-5a99-96d8-043c6ee89cd2"",""rights_default_id"":""urn:uuid:9945850c-acbf-5071-9be1-ffee173f2539"",""schema_name"":""interlanguage-math-modular-backend"",""schema_version"":""1.0.0"",""source_label"":""Analisis Kompleks"",""source_local_id"":""C50"",""source_path"":""releases/v0.51.1/program-matematika-indonesia-catalog-v0.51.1.json"",""source_xml_path"":null,""stable_key"":""curriculum-course-role:C50"",""status"":""production"",""supersedes_id"":null,""unit_kind"":""curriculum_course_role"",""workflow_id"":""program-matematika-indonesia/backend-v1-exporter-1.0.0""}"
urn:uuid:7025ed6f-76a1-505a-a564-62aa619e624b,unit,"{""first_edition_id"":""urn:uuid:90dd6738-3d84-51a8-9712-070a392b7a10"",""id"":""urn:uuid:7025ed6f-76a1-505a-a564-62aa619e624b"",""identity_anchor"":""B70"",""identity_basis"":""stable_curriculum_role_id"",""record_type"":""unit"",""recorded_at"":""2026-08-24T00:00:00Z"",""resource_id"":""urn:uuid:cbcbc3e2-e8ab-5a99-96d8-043c6ee89cd2"",""rights_default_id"":""urn:uuid:9945850c-acbf-5071-9be1-ffee173f2539"",""schema_name"":""interlanguage-math-modular-backend"",""schema_version"":""1.0.0"",""source_label"":""Persamaan Diferensial Biasa dan Sistem Dinamika Pengantar"",""source_local_id"":""B70"",""source_path"":""releases/v0.51.1/program-matematika-indonesia-catalog-v0.51.1.json"",""source_xml_path"":null,""stable_key"":""curriculum-course-role:B70"",""status"":""production"",""supersedes_id"":null,""unit_kind"":""curriculum_course_role"",""workflow_id"":""program-matematika-indonesia/backend-v1-exporter-1.0.0""}"
urn:uuid:71247eca-ea90-5573-8ac9-81ffc00d74bb,unit,"{""first_edition_id"":""urn:uuid:90dd6738-3d84-51a8-9712-070a392b7a10"",""id"":""urn:uuid:71247eca-ea90-5573-8ac9-81ffc00d74bb"",""identity_anchor"":""D50"",""identity_basis"":""stable_curriculum_role_id"",""record_type"":""unit"",""recorded_at"":""2026-08-24T00:00:00Z"",""resource_id"":""urn:uuid:cbcbc3e2-e8ab-5a99-96d8-043c6ee89cd2"",""rights_default_id"":""urn:uuid:9945850c-acbf-5071-9be1-ffee173f2539"",""schema_name"":""interlanguage-math-modular-backend"",""schema_version"":""1.0.0"",""source_label"":""Lipatan Mulus dan Geometri Diferensial"",""source_local_id"":""D50"",""source_path"":""releases/v0.51.1/program-matematika-indonesia-catalog-v0.51.1.json"",""source_xml_path"":null,""stable_key"":""curriculum-course-role:D50"",""status"":""production"",""supersedes_id"":null,""unit_kind"":""curriculum_course_role"",""workflow_id"":""program-matematika-indonesia/backend-v1-exporter-1.0.0""}"
urn:uuid:75638625-3603-5399-93be-eb7aed29eb94,unit,"{""first_edition_id"":""urn:uuid:90dd6738-3d84-51a8-9712-070a392b7a10"",""id"":""urn:uuid:75638625-3603-5399-93be-eb7aed29eb94"",""identity_anchor"":""C80"",""identity_basis"":""stable_curriculum_role_id"",""record_type"":""unit"",""recorded_at"":""2026-08-24T00:00:00Z"",""resource_id"":""urn:uuid:cbcbc3e2-e8ab-5a99-96d8-043c6ee89cd2"",""rights_default_id"":""urn:uuid:9945850c-acbf-5071-9be1-ffee173f2539"",""schema_name"":""interlanguage-math-modular-backend"",""schema_version"":""1.0.0"",""source_label"":""Logika Matematis, Teori Himpunan, dan Komputabilitas"",""source_local_id"":""C80"",""source_path"":""releases/v0.51.1/program-matematika-indonesia-catalog-v0.51.1.json"",""source_xml_path"":null,""stable_key"":""curriculum-course-role:C80"",""status"":""published"",""supersedes_id"":null,""unit_kind"":""curriculum_course_role"",""workflow_id"":""program-matematika-indonesia/backend-v1-exporter-1.0.0""}"
urn:uuid:88f56298-5a19-5715-9304-1aaff57b3db5,unit,"{""first_edition_id"":""urn:uuid:90dd6738-3d84-51a8-9712-070a392b7a10"",""id"":""urn:uuid:88f56298-5a19-5715-9304-1aaff57b3db5"",""identity_anchor"":""D20"",""identity_basis"":""stable_curriculum_role_id"",""record_type"":""unit"",""recorded_at"":""2026-08-24T00:00:00Z"",""resource_id"":""urn:uuid:cbcbc3e2-e8ab-5a99-96d8-043c6ee89cd2"",""rights_default_id"":""urn:uuid:9945850c-acbf-5071-9be1-ffee173f2539"",""schema_name"":""interlanguage-math-modular-backend"",""schema_version"":""1.0.0"",""source_label"":""Analisis Fungsional"",""source_local_id"":""D20"",""source_path"":""releases/v0.51.1/program-matematika-indonesia-catalog-v0.51.1.json"",""source_xml_path"":null,""stable_key"":""curriculum-course-role:D20"",""status"":""production"",""supersedes_id"":null,""unit_kind"":""curriculum_course_role"",""workflow_id"":""program-matematika-indonesia/backend-v1-exporter-1.0.0""}"
urn:uuid:92b86070-76a6-59c4-9907-ffd531f2e99c,unit,"{""first_edition_id"":""urn:uuid:90dd6738-3d84-51a8-9712-070a392b7a10"",""id"":""urn:uuid:92b86070-76a6-59c4-9907-ffd531f2e99c"",""identity_anchor"":""B10"",""identity_basis"":""stable_curriculum_role_id"",""record_type"":""unit"",""recorded_at"":""2026-08-24T00:00:00Z"",""resource_id"":""urn:uuid:cbcbc3e2-e8ab-5a99-96d8-043c6ee89cd2"",""rights_default_id"":""urn:uuid:9945850c-acbf-5071-9be1-ffee173f2539"",""schema_name"":""interlanguage-math-modular-backend"",""schema_version"":""1.0.0"",""source_label"":""Pembuktian, Logika, dan Struktur Diskrit"",""source_local_id"":""B10"",""source_path"":""releases/v0.51.1/program-matematika-indonesia-catalog-v0.51.1.json"",""source_xml_path"":null,""stable_key"":""curriculum-course-role:B10"",""status"":""published"",""supersedes_id"":null,""unit_kind"":""curriculum_course_role"",""workflow_id"":""program-matematika-indonesia/backend-v1-exporter-1.0.0""}"
urn:uuid:9ef47d3e-958c-5d59-9e2d-d87e6d57d009,unit,"{""first_edition_id"":""urn:uuid:90dd6738-3d84-51a8-9712-070a392b7a10"",""id"":""urn:uuid:9ef47d3e-958c-5d59-9e2d-d87e6d57d009"",""identity_anchor"":""D110"",""identity_basis"":""stable_curriculum_role_id"",""record_type"":""unit"",""recorded_at"":""2026-08-24T00:00:00Z"",""resource_id"":""urn:uuid:cbcbc3e2-e8ab-5a99-96d8-043c6ee89cd2"",""rights_default_id"":""urn:uuid:9945850c-acbf-5071-9be1-ffee173f2539"",""schema_name"":""interlanguage-math-modular-backend"",""schema_version"":""1.0.0"",""source_label"":""Matematika Terformalisasi dalam Lean"",""source_local_id"":""D110"",""source_path"":""releases/v0.51.1/program-matematika-indonesia-catalog-v0.51.1.json"",""source_xml_path"":null,""stable_key"":""curriculum-course-role:D110"",""status"":""published"",""supersedes_id"":null,""unit_kind"":""curriculum_course_role"",""workflow_id"":""program-matematika-indonesia/backend-v1-exporter-1.0.0""}"
urn:uuid:a2481aa2-d31c-5749-b682-9e454625214d,unit,"{""first_edition_id"":""urn:uuid:90dd6738-3d84-51a8-9712-070a392b7a10"",""id"":""urn:uuid:a2481aa2-d31c-5749-b682-9e454625214d"",""identity_anchor"":""D60"",""identity_basis"":""stable_curriculum_role_id"",""record_type"":""unit"",""recorded_at"":""2026-08-24T00:00:00Z"",""resource_id"":""urn:uuid:cbcbc3e2-e8ab-5a99-96d8-043c6ee89cd2"",""rights_default_id"":""urn:uuid:9945850c-acbf-5071-9be1-ffee173f2539"",""schema_name"":""interlanguage-math-modular-backend"",""schema_version"":""1.0.0"",""source_label"":""Topologi Aljabar"",""source_local_id"":""D60"",""source_path"":""releases/v0.51.1/program-matematika-indonesia-catalog-v0.51.1.json"",""source_xml_path"":null,""stable_key"":""curriculum-course-role:D60"",""status"":""production"",""supersedes_id"":null,""unit_kind"":""curriculum_course_role"",""workflow_id"":""program-matematika-indonesia/backend-v1-exporter-1.0.0""}"
urn:uuid:a647fab5-8eb3-56ac-86b2-94521603e730,unit,"{""first_edition_id"":""urn:uuid:90dd6738-3d84-51a8-9712-070a392b7a10"",""id"":""urn:uuid:a647fab5-8eb3-56ac-86b2-94521603e730"",""identity_anchor"":""B60"",""identity_basis"":""stable_curriculum_role_id"",""record_type"":""unit"",""recorded_at"":""2026-08-24T00:00:00Z"",""resource_id"":""urn:uuid:cbcbc3e2-e8ab-5a99-96d8-043c6ee89cd2"",""rights_default_id"":""urn:uuid:9945850c-acbf-5071-9be1-ffee173f2539"",""schema_name"":""interlanguage-math-modular-backend"",""schema_version"":""1.0.0"",""source_label"":""Kalkulus Vektor"",""source_local_id"":""B60"",""source_path"":""releases/v0.51.1/program-matematika-indonesia-catalog-v0.51.1.json"",""source_xml_path"":null,""stable_key"":""curriculum-course-role:B60"",""status"":""production"",""supersedes_id"":null,""unit_kind"":""curriculum_course_role"",""workflow_id"":""program-matematika-indonesia/backend-v1-exporter-1.0.0""}"
urn:uuid:ab177f2c-9533-54ee-b8fa-303cc723609c,unit,"{""first_edition_id"":""urn:uuid:90dd6738-3d84-51a8-9712-070a392b7a10"",""id"":""urn:uuid:ab177f2c-9533-54ee-b8fa-303cc723609c"",""identity_anchor"":""D100"",""identity_basis"":""stable_curriculum_role_id"",""record_type"":""unit"",""recorded_at"":""2026-08-24T00:00:00Z"",""resource_id"":""urn:uuid:cbcbc3e2-e8ab-5a99-96d8-043c6ee89cd2"",""rights_default_id"":""urn:uuid:9945850c-acbf-5071-9be1-ffee173f2539"",""schema_name"":""interlanguage-math-modular-backend"",""schema_version"":""1.0.0"",""source_label"":""Jembatan Geometri Aljabar"",""source_local_id"":""D100"",""source_path"":""releases/v0.51.1/program-matematika-indonesia-catalog-v0.51.1.json"",""source_xml_path"":null,""stable_key"":""curriculum-course-role:D100"",""status"":""production"",""supersedes_id"":null,""unit_kind"":""curriculum_course_role"",""workflow_id"":""program-matematika-indonesia/backend-v1-exporter-1.0.0""}"
urn:uuid:b43e2e8c-4be3-5837-94d9-8950d0d469fe,unit,"{""first_edition_id"":""urn:uuid:90dd6738-3d84-51a8-9712-070a392b7a10"",""id"":""urn:uuid:b43e2e8c-4be3-5837-94d9-8950d0d469fe"",""identity_anchor"":""D40"",""identity_basis"":""stable_curriculum_role_id"",""record_type"":""unit"",""recorded_at"":""2026-08-24T00:00:00Z"",""resource_id"":""urn:uuid:cbcbc3e2-e8ab-5a99-96d8-043c6ee89cd2"",""rights_default_id"":""urn:uuid:9945850c-acbf-5071-9be1-ffee173f2539"",""schema_name"":""interlanguage-math-modular-backend"",""schema_version"":""1.0.0"",""source_label"":""Persamaan Diferensial Parsial"",""source_local_id"":""D40"",""source_path"":""releases/v0.51.1/program-matematika-indonesia-catalog-v0.51.1.json"",""source_xml_path"":null,""stable_key"":""curriculum-course-role:D40"",""status"":""production"",""supersedes_id"":null,""unit_kind"":""curriculum_course_role"",""workflow_id"":""program-matematika-indonesia/backend-v1-exporter-1.0.0""}"
urn:uuid:b97d97c8-c0b6-5db4-978d-8795a97c73c4,unit,"{""first_edition_id"":""urn:uuid:90dd6738-3d84-51a8-9712-070a392b7a10"",""id"":""urn:uuid:b97d97c8-c0b6-5db4-978d-8795a97c73c4"",""identity_anchor"":""B95"",""identity_basis"":""stable_curriculum_role_id"",""record_type"":""unit"",""recorded_at"":""2026-08-24T00:00:00Z"",""resource_id"":""urn:uuid:cbcbc3e2-e8ab-5a99-96d8-043c6ee89cd2"",""rights_default_id"":""urn:uuid:9945850c-acbf-5071-9be1-ffee173f2539"",""schema_name"":""interlanguage-math-modular-backend"",""schema_version"":""1.0.0"",""source_label"":""Statistika Terapan dan Analisis Data"",""source_local_id"":""B95"",""source_path"":""releases/v0.51.1/program-matematika-indonesia-catalog-v0.51.1.json"",""source_xml_path"":null,""stable_key"":""curriculum-course-role:B95"",""status"":""production"",""supersedes_id"":null,""unit_kind"":""curriculum_course_role"",""workflow_id"":""program-matematika-indonesia/backend-v1-exporter-1.0.0""}"
urn:uuid:bb615dfd-c4bc-542f-99a1-0b74cb08e3be,unit,"{""first_edition_id"":""urn:uuid:90dd6738-3d84-51a8-9712-070a392b7a10"",""id"":""urn:uuid:bb615dfd-c4bc-542f-99a1-0b74cb08e3be"",""identity_anchor"":""C20"",""identity_basis"":""stable_curriculum_role_id"",""record_type"":""unit"",""recorded_at"":""2026-08-24T00:00:00Z"",""resource_id"":""urn:uuid:cbcbc3e2-e8ab-5a99-96d8-043c6ee89cd2"",""rights_default_id"":""urn:uuid:9945850c-acbf-5071-9be1-ffee173f2539"",""schema_name"":""interlanguage-math-modular-backend"",""schema_version"":""1.0.0"",""source_label"":""Analisis Real II"",""source_local_id"":""C20"",""source_path"":""releases/v0.51.1/program-matematika-indonesia-catalog-v0.51.1.json"",""source_xml_path"":null,""stable_key"":""curriculum-course-role:C20"",""status"":""production"",""supersedes_id"":null,""unit_kind"":""curriculum_course_role"",""workflow_id"":""program-matematika-indonesia/backend-v1-exporter-1.0.0""}"
urn:uuid:c4c9dbbb-cd63-5b2d-8d05-50a4946c400d,unit,"{""first_edition_id"":""urn:uuid:90dd6738-3d84-51a8-9712-070a392b7a10"",""id"":""urn:uuid:c4c9dbbb-cd63-5b2d-8d05-50a4946c400d"",""identity_anchor"":""D70"",""identity_basis"":""stable_curriculum_role_id"",""record_type"":""unit"",""recorded_at"":""2026-08-24T00:00:00Z"",""resource_id"":""urn:uuid:cbcbc3e2-e8ab-5a99-96d8-043c6ee89cd2"",""rights_default_id"":""urn:uuid:9945850c-acbf-5071-9be1-ffee173f2539"",""schema_name"":""interlanguage-math-modular-backend"",""schema_version"":""1.0.0"",""source_label"":""Aljabar Pascasarjana"",""source_local_id"":""D70"",""source_path"":""releases/v0.51.1/program-matematika-indonesia-catalog-v0.51.1.json"",""source_xml_path"":null,""stable_key"":""curriculum-course-role:D70"",""status"":""production"",""supersedes_id"":null,""unit_kind"":""curriculum_course_role"",""workflow_id"":""program-matematika-indonesia/backend-v1-exporter-1.0.0""}"
urn:uuid:c8c3ffca-8ab6-55c6-8b1c-83b8471a2078,unit,"{""first_edition_id"":""urn:uuid:90dd6738-3d84-51a8-9712-070a392b7a10"",""id"":""urn:uuid:c8c3ffca-8ab6-55c6-8b1c-83b8471a2078"",""identity_anchor"":""C120"",""identity_basis"":""stable_curriculum_role_id"",""record_type"":""unit"",""recorded_at"":""2026-08-24T00:00:00Z"",""resource_id"":""urn:uuid:cbcbc3e2-e8ab-5a99-96d8-043c6ee89cd2"",""rights_default_id"":""urn:uuid:9945850c-acbf-5071-9be1-ffee173f2539"",""schema_name"":""interlanguage-math-modular-backend"",""schema_version"":""1.0.0"",""source_label"":""Pemodelan Matematis dan Dinamika Nonlinear"",""source_local_id"":""C120"",""source_path"":""releases/v0.51.1/program-matematika-indonesia-catalog-v0.51.1.json"",""source_xml_path"":null,""stable_key"":""curriculum-course-role:C120"",""status"":""published"",""supersedes_id"":null,""unit_kind"":""curriculum_course_role"",""workflow_id"":""program-matematika-indonesia/backend-v1-exporter-1.0.0""}"
urn:uuid:ca825556-341a-594a-9cd6-1781f1e72e0b,unit,"{""first_edition_id"":""urn:uuid:90dd6738-3d84-51a8-9712-070a392b7a10"",""id"":""urn:uuid:ca825556-341a-594a-9cd6-1781f1e72e0b"",""identity_anchor"":""C130"",""identity_basis"":""stable_curriculum_role_id"",""record_type"":""unit"",""recorded_at"":""2026-08-24T00:00:00Z"",""resource_id"":""urn:uuid:cbcbc3e2-e8ab-5a99-96d8-043c6ee89cd2"",""rights_default_id"":""urn:uuid:9945850c-acbf-5071-9be1-ffee173f2539"",""schema_name"":""interlanguage-math-modular-backend"",""schema_version"":""1.0.0"",""source_label"":""Optimisasi Linear dan Integer / Riset Operasi"",""source_local_id"":""C130"",""source_path"":""releases/v0.51.1/program-matematika-indonesia-catalog-v0.51.1.json"",""source_xml_path"":null,""stable_key"":""curriculum-course-role:C130"",""status"":""published"",""supersedes_id"":null,""unit_kind"":""curriculum_course_role"",""workflow_id"":""program-matematika-indonesia/backend-v1-exporter-1.0.0""}"
urn:uuid:ceb3d42f-1796-5a58-afd3-b9cee279a749,unit,"{""first_edition_id"":""urn:uuid:90dd6738-3d84-51a8-9712-070a392b7a10"",""id"":""urn:uuid:ceb3d42f-1796-5a58-afd3-b9cee279a749"",""identity_anchor"":""B90"",""identity_basis"":""stable_curriculum_role_id"",""record_type"":""unit"",""recorded_at"":""2026-08-24T00:00:00Z"",""resource_id"":""urn:uuid:cbcbc3e2-e8ab-5a99-96d8-043c6ee89cd2"",""rights_default_id"":""urn:uuid:9945850c-acbf-5071-9be1-ffee173f2539"",""schema_name"":""interlanguage-math-modular-backend"",""schema_version"":""1.0.0"",""source_label"":""Probabilitas Berbasis Kalkulus"",""source_local_id"":""B90"",""source_path"":""releases/v0.51.1/program-matematika-indonesia-catalog-v0.51.1.json"",""source_xml_path"":null,""stable_key"":""curriculum-course-role:B90"",""status"":""published"",""supersedes_id"":null,""unit_kind"":""curriculum_course_role"",""workflow_id"":""program-matematika-indonesia/backend-v1-exporter-1.0.0""}"
urn:uuid:d5157a50-28a6-5997-9a60-d0cf3cc44fdc,unit,"{""first_edition_id"":""urn:uuid:90dd6738-3d84-51a8-9712-070a392b7a10"",""id"":""urn:uuid:d5157a50-28a6-5997-9a60-d0cf3cc44fdc"",""identity_anchor"":""A10"",""identity_basis"":""stable_curriculum_role_id"",""record_type"":""unit"",""recorded_at"":""2026-08-24T00:00:00Z"",""resource_id"":""urn:uuid:cbcbc3e2-e8ab-5a99-96d8-043c6ee89cd2"",""rights_default_id"":""urn:uuid:9945850c-acbf-5071-9be1-ffee173f2539"",""schema_name"":""interlanguage-math-modular-backend"",""schema_version"":""1.0.0"",""source_label"":""Aljabar Dasar"",""source_local_id"":""A10"",""source_path"":""releases/v0.51.1/program-matematika-indonesia-catalog-v0.51.1.json"",""source_xml_path"":null,""stable_key"":""curriculum-course-role:A10"",""status"":""production"",""supersedes_id"":null,""unit_kind"":""curriculum_course_role"",""workflow_id"":""program-matematika-indonesia/backend-v1-exporter-1.0.0""}"
urn:uuid:da601900-05b1-5eee-aea2-49d57f3932bf,unit,"{""first_edition_id"":""urn:uuid:90dd6738-3d84-51a8-9712-070a392b7a10"",""id"":""urn:uuid:da601900-05b1-5eee-aea2-49d57f3932bf"",""identity_anchor"":""C70"",""identity_basis"":""stable_curriculum_role_id"",""record_type"":""unit"",""recorded_at"":""2026-08-24T00:00:00Z"",""resource_id"":""urn:uuid:cbcbc3e2-e8ab-5a99-96d8-043c6ee89cd2"",""rights_default_id"":""urn:uuid:9945850c-acbf-5071-9be1-ffee173f2539"",""schema_name"":""interlanguage-math-modular-backend"",""schema_version"":""1.0.0"",""source_label"":""Kombinatorika Terapan"",""source_local_id"":""C70"",""source_path"":""releases/v0.51.1/program-matematika-indonesia-catalog-v0.51.1.json"",""source_xml_path"":null,""stable_key"":""curriculum-course-role:C70"",""status"":""published"",""supersedes_id"":null,""unit_kind"":""curriculum_course_role"",""workflow_id"":""program-matematika-indonesia/backend-v1-exporter-1.0.0""}"
urn:uuid:e016a716-d304-5916-a034-472c584d859c,unit,"{""first_edition_id"":""urn:uuid:90dd6738-3d84-51a8-9712-070a392b7a10"",""id"":""urn:uuid:e016a716-d304-5916-a034-472c584d859c"",""identity_anchor"":""B20"",""identity_basis"":""stable_curriculum_role_id"",""record_type"":""unit"",""recorded_at"":""2026-08-24T00:00:00Z"",""resource_id"":""urn:uuid:cbcbc3e2-e8ab-5a99-96d8-043c6ee89cd2"",""rights_default_id"":""urn:uuid:9945850c-acbf-5071-9be1-ffee173f2539"",""schema_name"":""interlanguage-math-modular-backend"",""schema_version"":""1.0.0"",""source_label"":""Kalkulus Diferensial"",""source_local_id"":""B20"",""source_path"":""releases/v0.51.1/program-matematika-indonesia-catalog-v0.51.1.json"",""source_xml_path"":null,""stable_key"":""curriculum-course-role:B20"",""status"":""production"",""supersedes_id"":null,""unit_kind"":""curriculum_course_role"",""workflow_id"":""program-matematika-indonesia/backend-v1-exporter-1.0.0""}"
urn:uuid:e205f89c-d28c-516a-83c0-56a1fc310828,unit,"{""first_edition_id"":""urn:uuid:90dd6738-3d84-51a8-9712-070a392b7a10"",""id"":""urn:uuid:e205f89c-d28c-516a-83c0-56a1fc310828"",""identity_anchor"":""A20"",""identity_basis"":""stable_curriculum_role_id"",""record_type"":""unit"",""recorded_at"":""2026-08-24T00:00:00Z"",""resource_id"":""urn:uuid:cbcbc3e2-e8ab-5a99-96d8-043c6ee89cd2"",""rights_default_id"":""urn:uuid:9945850c-acbf-5071-9be1-ffee173f2539"",""schema_name"":""interlanguage-math-modular-backend"",""schema_version"":""1.0.0"",""source_label"":""Aljabar Menengah"",""source_local_id"":""A20"",""source_path"":""releases/v0.51.1/program-matematika-indonesia-catalog-v0.51.1.json"",""source_xml_path"":null,""stable_key"":""curriculum-course-role:A20"",""status"":""production"",""supersedes_id"":null,""unit_kind"":""curriculum_course_role"",""workflow_id"":""program-matematika-indonesia/backend-v1-exporter-1.0.0""}"
urn:uuid:e2b85c3f-daac-50f7-ab0e-a764c90e26ae,unit,"{""first_edition_id"":""urn:uuid:90dd6738-3d84-51a8-9712-070a392b7a10"",""id"":""urn:uuid:e2b85c3f-daac-50f7-ab0e-a764c90e26ae"",""identity_anchor"":""D10"",""identity_basis"":""stable_curriculum_role_id"",""record_type"":""unit"",""recorded_at"":""2026-08-24T00:00:00Z"",""resource_id"":""urn:uuid:cbcbc3e2-e8ab-5a99-96d8-043c6ee89cd2"",""rights_default_id"":""urn:uuid:9945850c-acbf-5071-9be1-ffee173f2539"",""schema_name"":""interlanguage-math-modular-backend"",""schema_version"":""1.0.0"",""source_label"":""Ukuran dan Integrasi"",""source_local_id"":""D10"",""source_path"":""releases/v0.51.1/program-matematika-indonesia-catalog-v0.51.1.json"",""source_xml_path"":null,""stable_key"":""curriculum-course-role:D10"",""status"":""production"",""supersedes_id"":null,""unit_kind"":""curriculum_course_role"",""workflow_id"":""program-matematika-indonesia/backend-v1-exporter-1.0.0""}"
urn:uuid:ea711a5a-8013-557e-bf5c-bf82369f6189,unit,"{""first_edition_id"":""urn:uuid:90dd6738-3d84-51a8-9712-070a392b7a10"",""id"":""urn:uuid:ea711a5a-8013-557e-bf5c-bf82369f6189"",""identity_anchor"":""B50"",""identity_basis"":""stable_curriculum_role_id"",""record_type"":""unit"",""recorded_at"":""2026-08-24T00:00:00Z"",""resource_id"":""urn:uuid:cbcbc3e2-e8ab-5a99-96d8-043c6ee89cd2"",""rights_default_id"":""urn:uuid:9945850c-acbf-5071-9be1-ffee173f2539"",""schema_name"":""interlanguage-math-modular-backend"",""schema_version"":""1.0.0"",""source_label"":""Kalkulus Multivariabel"",""source_local_id"":""B50"",""source_path"":""releases/v0.51.1/program-matematika-indonesia-catalog-v0.51.1.json"",""source_xml_path"":null,""stable_key"":""curriculum-course-role:B50"",""status"":""production"",""supersedes_id"":null,""unit_kind"":""curriculum_course_role"",""workflow_id"":""program-matematika-indonesia/backend-v1-exporter-1.0.0""}"
urn:uuid:ecd9a523-e2a5-58b8-a3b8-adf4d07eccfc,unit,"{""first_edition_id"":""urn:uuid:90dd6738-3d84-51a8-9712-070a392b7a10"",""id"":""urn:uuid:ecd9a523-e2a5-58b8-a3b8-adf4d07eccfc"",""identity_anchor"":""D80"",""identity_basis"":""stable_curriculum_role_id"",""record_type"":""unit"",""recorded_at"":""2026-08-24T00:00:00Z"",""resource_id"":""urn:uuid:cbcbc3e2-e8ab-5a99-96d8-043c6ee89cd2"",""rights_default_id"":""urn:uuid:9945850c-acbf-5071-9be1-ffee173f2539"",""schema_name"":""interlanguage-math-modular-backend"",""schema_version"":""1.0.0"",""source_label"":""Teori Kategori dan Metode Homologis"",""source_local_id"":""D80"",""source_path"":""releases/v0.51.1/program-matematika-indonesia-catalog-v0.51.1.json"",""source_xml_path"":null,""stable_key"":""curriculum-course-role:D80"",""status"":""production"",""supersedes_id"":null,""unit_kind"":""curriculum_course_role"",""workflow_id"":""program-matematika-indonesia/backend-v1-exporter-1.0.0""}"
urn:uuid:fd66025f-042f-5e08-af66-f782e6ca4846,unit,"{""first_edition_id"":""urn:uuid:90dd6738-3d84-51a8-9712-070a392b7a10"",""id"":""urn:uuid:fd66025f-042f-5e08-af66-f782e6ca4846"",""identity_anchor"":""C60"",""identity_basis"":""stable_curriculum_role_id"",""record_type"":""unit"",""recorded_at"":""2026-08-24T00:00:00Z"",""resource_id"":""urn:uuid:cbcbc3e2-e8ab-5a99-96d8-043c6ee89cd2"",""rights_default_id"":""urn:uuid:9945850c-acbf-5071-9be1-ffee173f2539"",""schema_name"":""interlanguage-math-modular-backend"",""schema_version"":""1.0.0"",""source_label"":""Teori Bilangan dan Kriptologi"",""source_local_id"":""C60"",""source_path"":""releases/v0.51.1/program-matematika-indonesia-catalog-v0.51.1.json"",""source_xml_path"":null,""stable_key"":""curriculum-course-role:C60"",""status"":""published"",""supersedes_id"":null,""unit_kind"":""curriculum_course_role"",""workflow_id"":""program-matematika-indonesia/backend-v1-exporter-1.0.0""}"
