concept_id,preferred_id,locale,source_course_ids,status
math.algebra.ring,gelanggang,id-ID,O013|O014,active
math.algebra.module,modul,id-ID,O013|O014,active
math.algebra.field,lapangan,id-ID,O013|O014,active
math.algebra.abelian_group,grup abelian,id-ID,O013|O014,active
math.category.category,kategori,id-ID,O013|O014,active
math.category.functor,funktor,id-ID,O013|O014,active
math.category.natural_transformation,transformasi alami,id-ID,O013|O014,active
math.category.monoidal_category,kategori monoidal,id-ID,O013|O014,active
math.category.limit,limit,id-ID,O013|O014,active
math.category.representability,keterwakilan,id-ID,O013|O014,active
math.category.enrichment,pengayaan kategori,id-ID,O013|O014,active
math.algebra.tensor_product,hasil kali tensor,id-ID,O013|O014,active
math.analysis.completion,pelengkapan,id-ID,O013|O014,active
math.algebra.submodule,submodul,id-ID,O013|O014,active
math.algebra.quotient_module,modul kuosien,id-ID,O013|O014,active
math.algebra.module_homomorphism,homomorfisme modul,id-ID,O013|O014,active
math.category.morphism,morfisme,id-ID,O013|O014,active
math.category.kernel,kernel,id-ID,O013|O014,active
math.category.cokernel,kokernel,id-ID,O013|O014,active
math.category.image,citra,id-ID,O013|O014,active
math.algebra.vector_space,ruang vektor,id-ID,O013|O014,active
math.homological.cochain_complex,kompleks kokrantai,id-ID,O014,active
math.homological.chain_complex,kompleks rantai,id-ID,O014,active
math.homological.differential,diferensial,id-ID,O014,active
math.homological.cohomology,kohomologi,id-ID,O013|O014,active
math.homological.homology,homologi,id-ID,O013|O014,active
math.homological.exact_sequence,barisan eksak,id-ID,O013|O014,active
math.homological.acyclic_complex,kompleks asiklik,id-ID,O014,active
math.homological.abelian_category,kategori abelian,id-ID,O014,active
math.homological.homological_algebra,aljabar homologis,id-ID,O014,active
math.topology.genus,genus,id-ID,O014,active
math.topology.betti_number,bilangan Betti,id-ID,O014,active
math.algebra.torsion,torsi,id-ID,O014,active
math.topology.topological_invariant,invarian topologis,id-ID,O014,active
math.homological.universal_coefficient_theorem,teorema koefisien universal,id-ID,O014,active
math.homological.cup_product,hasil kali cawan,id-ID,O014,active
math.homotopy.aspherical_space,ruang asferis,id-ID,O014,active
math.homotopy.homotopy_group,grup homotopi,id-ID,O014,active
math.homological.group_cohomology,kohomologi grup,id-ID,O014,active
math.algebra.syzygy,sizigi,id-ID,O014,active
math.homological.free_resolution,resolusi bebas,id-ID,O014,active
math.homological.group_extension,ekstensi grup,id-ID,O014,active
math.algebra.derivation,derivasi,id-ID,O014,active
math.algebra.inner_derivation,derivasi dalam,id-ID,O014,active
math.homological.hochschild_homology,homologi Hochschild,id-ID,O014,active
math.homological.hochschild_cohomology,kohomologi Hochschild,id-ID,O014,active
math.algebra.bimodule,bimodul,id-ID,O014,active
math.geometry.sheaf,berkas,id-ID,O014,active
math.homological.spectral_sequence,barisan spektral,id-ID,O014,active
math.homological.sheaf_cohomology,kohomologi berkas,id-ID,O014,active
math.homological.injective_module,modul injektif,id-ID,O014,active
math.homological.projective_module,modul projektif,id-ID,O014,active
math.homological.injective_resolution,resolusi injektif,id-ID,O014,active
math.homological.projective_resolution,resolusi projektif,id-ID,O014,active
math.homological.derived_functor,funktor turunan,id-ID,O014,active
math.category.additive_category,kategori aditif,id-ID,O014,active
math.category.strict_morphism,morfisme ketat,id-ID,O014,active
math.homological.delta_functor,funktor-δ,id-ID,O014,active
math.category.grothendieck_category,kategori Grothendieck,id-ID,O014,active
math.homological.derived_category,kategori turunan,id-ID,O014,active
math.homological.quasi_isomorphism,kuasi-isomorfisme,id-ID,O014,active
math.category.localization,lokalisasi kategoris,id-ID,O014,active
math.homological.distinguished_triangle,segitiga terbedakan,id-ID,O014,provisional
math.homological.shift,pergeseran,id-ID,O014,active
math.homological.triangulated_category,kategori bertriangulasi,id-ID,O014,provisional
math.homotopy.cofiber_sequence,barisan kofiber,id-ID,O014,provisional
math.homological.octahedral_axiom,aksioma oktahedral,id-ID,O014,active
math.homological.derived_equivalence,ekuivalensi turunan,id-ID,O014,active
math.simplicial.simplicial_set,himpunan simplisial,id-ID,O014,active
math.simplicial.simplicial_object,objek simplisial,id-ID,O014,active
math.simplicial.nerve,saraf,id-ID,O014,provisional
math.simplicial.dold_kan_correspondence,korespondensi Dold-Kan,id-ID,O014,active
math.category.adjoint_equivalence,ekuivalensi adjoin,id-ID,O014,active
math.homological.bar_construction,konstruksi bar,id-ID,O014,active
math.homotopy.homotopical_algebra,aljabar homotopik,id-ID,O014,provisional
math.ktheory.higher_k_theory,teori K tingkat tinggi,id-ID,O014,active
math.category.infinity_category,kategori-∞,id-ID,O014,provisional
math.homological.complex,kompleks,id-ID,O014,active
math.homological.t_structure,struktur-t,id-ID,O014,provisional
math.representation.tilting_theory,teori tilting,id-ID,O014,provisional
math.category.dg_category,kategori-dg,id-ID,O014,provisional
math.category.monad_theory,teori monad,id-ID,O014,active
math.higher.higher_algebra,aljabar tingkat tinggi,id-ID,O014,provisional
math.category.functor_category,kategori funktor,id-ID,O014,active
math.category.serre_quotient,kuosien Serre,id-ID,O014,active
math.category.diagram_chase,pengejaran diagram,id-ID,O014,provisional
math.category.small_category,kategori kecil,id-ID,O014,active
math.category.fully_faithful,penuh dan setia,id-ID,O014,provisional
math.category.exact_embedding,pembenaman eksak,id-ID,O014,active
math.category.freyd_mitchell_theorem,teorema pembenaman Freyd-Mitchell,id-ID,O014,active
pedagogy.exercise,latihan,id-ID,O014,active
pedagogy.hint,petunjuk,id-ID,O014,active
publishing.cross_reference,rujuk silang,id-ID,O014,active
publishing.modular_writing,penulisan modular,id-ID,O014,active
pedagogy.optional_reading,bacaan pilihan,id-ID,O014,active
pedagogy.reading_guidance,Petunjuk Bacaan,id-ID,O014,active
math.category.category_theory,teori kategori,id-ID,O014,active
math.category.object,objek,id-ID,O014,active
math.set_theory.set,himpunan,id-ID,O014,active
math.set_theory.class,kelas,id-ID,O014,active
math.set_theory.proper_class,kelas sejati,id-ID,O014,provisional
math.set_theory.grothendieck_universe,semesta Grothendieck,id-ID,O014,provisional
math.set_theory.strongly_inaccessible_cardinal,kardinal tak terjangkau kuat,id-ID,O014,provisional
math.probability.probability_theory,teori probabilitas,id-ID,O014,active
math.measure.measure_theory,teori ukuran,id-ID,O014,active
math.category.kan_extension,ekstensi Kan,id-ID,O014,provisional
math.category.gabriel_zisman_localization,lokalisasi Gabriel-Zisman,id-ID,O014,active
math.homological.bicomplex,bikompleks,id-ID,O014,active
math.homological.mapping_cone,kerucut pemetaan,id-ID,O014,active
math.homological.k_injective_resolution,resolusi K-injektif,id-ID,O014,active
math.homological.k_projective_resolution,resolusi K-projektif,id-ID,O014,active
math.category.triangulated_functor,funktor bertriangulasi,id-ID,O014,provisional
math.homological.exact_couple,pasangan eksak,id-ID,O014,active
math.homological.filtered_complex,kompleks terfilter,id-ID,O014,provisional
math.group.group_homology,homologi grup,id-ID,O014,active
math.group.tate_cohomology,kohomologi Tate,id-ID,O014,active
math.group.profinite_group,grup profinit,id-ID,O014,active
math.group.profinite_group_cohomology,kohomologi grup profinit,id-ID,O014,active
math.group.nonabelian_cohomology,kohomologi nonabelian,id-ID,O014,provisional
math.algebra.differential_graded_structure,struktur diferensial bergradasi,id-ID,O014,provisional
math.algebra.coalgebra,koaljabar,id-ID,O014,active
math.algebra.bialgebra,bialjabar,id-ID,O014,active
math.algebra.hopf_algebra,aljabar Hopf,id-ID,O014,active
math.category.beck_monadicity_theorem,teorema monadisitas Beck,id-ID,O014,active
math.algebra.morita_theory,teori Morita,id-ID,O014,active
math.descent.flat_descent_modules,penurunan datar bagi modul,id-ID,O014,provisional
math.descent.galois_descent,penurunan Galois,id-ID,O014,provisional
math.category.duality,dualitas,id-ID,O014,active
math.category.reconstruction_theorem,teorema rekonstruksi,id-ID,O014,active
math.category.tannakian_category,kategori Tannakian,id-ID,O014,provisional
math.algebra.representation_theory,teori representasi,id-ID,O014,active
math.category.ind_object,objek-ind,id-ID,O014,provisional
math.category.pro_object,objek-pro,id-ID,O014,provisional
math.category.ind_construction,konstruksi Ind,id-ID,O014,provisional
publishing.errata,ralat,id-ID,O014,active
math.foundations.well_defined,terdefinisi dengan baik,id-ID,O014,active
math.order.partially_ordered_set,himpunan terurut parsial,id-ID,O014,active
math.order.preordered_set,himpunan praterurut,id-ID,O014,provisional
math.order.maximal_element,unsur maksimal,id-ID,O014,active
math.order.minimal_element,unsur minimal,id-ID,O014,active
math.order.upper_bound,batas atas,id-ID,O014,active
math.order.lower_bound,batas bawah,id-ID,O014,active
math.order.supremum,supremum,id-ID,O014,active
math.order.infimum,infimum,id-ID,O014,active
math.order.order_preserving_map,pemetaan yang mempertahankan urutan,id-ID,O014,active
math.order.order_isomorphism,isomorfisme antarhimpunan terurut parsial,id-ID,O014,active
math.order.totally_ordered_set,himpunan terurut total,id-ID,O014,active
math.order.well_ordered_set,himpunan terurut baik,id-ID,O014,active
math.set_theory.ordinal,ordinal,id-ID,O014,active
math.set_theory.cardinal,kardinal,id-ID,O014,active
math.set_theory.small_set,himpunan kecil,id-ID,O014,active
math.set_theory.small_cardinal,kardinal kecil,id-ID,O014,active
math.category.monomorphism,monomorfisme,id-ID,O014,active
math.category.epimorphism,epimorfisme,id-ID,O014,active
math.category.full_subcategory,subkategori penuh,id-ID,O014,active
math.category.product_category,kategori produk,id-ID,O014,active
math.category.discrete_category,kategori diskret,id-ID,O014,active
math.category.u_category,kategori-U,id-ID,O014,provisional
math.category.large_category,kategori besar,id-ID,O014,active
math.category.size_issues,masalah ukuran,id-ID,O014,active
math.category.faithful_functor,setia,id-ID,O014,active
math.category.essentially_surjective_functor,pada hakikatnya surjektif,id-ID,O014,provisional
math.category.two_cell,2-sel,id-ID,O014,active
math.category.opposite_category,kategori lawan,id-ID,O014,active
math.category.quasi_inverse,kuasi-invers,id-ID,O014,active
math.category.equivalence,ekuivalensi antarkategori,id-ID,O014,active
math.category.category_isomorphism,isomorfisme antarkategori,id-ID,O014,active
math.algebra.zero_divisor,pembagi nol,id-ID,O014,active
math.category.adjunction,adjungsi,id-ID,O014,provisional
math.category.adjunction_unit,unit,id-ID,O014,active
math.category.adjunction_counit,kounit,id-ID,O014,active
math.category.triangle_identities,identitas segitiga,id-ID,O014,active
math.category.colimit,limit induktif,id-ID,O014,provisional
math.category.small_limit,limit kecil,id-ID,O014,active
math.category.complete_category,kategori lengkap,id-ID,O014,active
math.category.cocomplete_category,kategori kolengkap,id-ID,O014,active
math.category.universal_property,sifat universal,id-ID,O014,active
math.category.equalizer,penyama,id-ID,O014,provisional
math.category.coequalizer,kopenyama,id-ID,O014,provisional
math.category.product,produk,id-ID,O014,active
math.category.coproduct,koproduk,id-ID,O014,active
math.algebra.direct_sum,jumlah langsung,id-ID,O014,active
math.category.yoneda_embedding,pembenaman Yoneda,id-ID,O014,active
math.category.terminal_object,objek terminal,id-ID,O014,active
math.category.initial_object,objek awal,id-ID,O014,active
math.category.zero_object,objek nol,id-ID,O014,active
math.category.zero_morphism,morfisme nol,id-ID,O014,active
math.category.fiber_product,produk serat,id-ID,O014,active
math.category.fiber_coproduct,koproduk serat,id-ID,O014,active
math.category.pullback,tarik balik,id-ID,O014,provisional
math.category.pushout,dorong keluar,id-ID,O014,provisional
math.category.subobject,subobjek,id-ID,O014,active
math.category.quotient_object,objek kuosien,id-ID,O014,provisional
math.category.coimage,kocitra,id-ID,O014,active
math.category.ab_category,kategori-Ab,id-ID,O014,provisional
math.category.additive_functor,funktor aditif,id-ID,O014,active
math.category.k_linear_category,kategori k-linear,id-ID,O014,provisional
math.category.preserves_limit,mempertahankan limit,id-ID,O014,provisional
math.category.creates_limit,menciptakan limit,id-ID,O014,provisional
math.category.cofinal_functor,funktor kofinal,id-ID,O014,active
math.category.filtered_inductive_limit,limit induktif terfilter,id-ID,O014,provisional
math.category.absolute_kan_extension,ekstensi Kan absolut,id-ID,O014,active
math.category.multiplicative_system,sistem multiplikatif,id-ID,O014,provisional
math.category.adjoint_functor_theorem,teorema funktor adjoin,id-ID,O014,active
math.category.generator,generator,id-ID,O014,provisional
math.category.cogenerator,kogenerator,id-ID,O014,provisional
math.category.left_cancellation_law,hukum kanselasi kiri,id-ID,O014,provisional
math.category.right_cancellation_law,hukum kanselasi kanan,id-ID,O014,provisional
math.category.subquotient,subkuosien,id-ID,O014,provisional
math.category.canonical_morphism,morfisme kanonik,id-ID,O014,active
math.set_theory.equivalence_class,kelas ekuivalensi,id-ID,O014,active
math.order.partial_order_relation,relasi urutan parsial,id-ID,O014,provisional
math.set_theory.injective_map,pemetaan injektif,id-ID,O014,active
math.set_theory.surjective_map,pemetaan surjektif,id-ID,O014,active
math.category.isomorphism,isomorfisme,id-ID,O014,active
math.category.projection_morphism,morfisme proyeksi,id-ID,O014,provisional
math.category.coimage_image_comparison,morfisme pembanding kocitra–citra,id-ID,O014,provisional
math.category.epi_mono_factorization,faktorisasi epi–mono,id-ID,O014,provisional
math.category.epi_mono_factorization_category,kategori faktorisasi epi–mono,id-ID,O014,provisional
math.category.ab_subcategory,subkategori-Ab,id-ID,O014,provisional
math.category.biproduct,biproduk,id-ID,O014,active
math.category.diagonal_morphism,morfisme diagonal,id-ID,O014,active
math.category.codiagonal_morphism,morfisme kodiagonal,id-ID,O014,active
math.category.additive_subcategory,subkategori aditif,id-ID,O014,active
math.category.direct_sum_summand,suku jumlah langsung,id-ID,O014,provisional
math.category.finite_product,produk hingga,id-ID,O014,active
math.category.finite_coproduct,koproduk hingga,id-ID,O014,active
math.category.addition_of_morphisms,penjumlahan morfisme,id-ID,O014,active
math.category.functoriality,funktorialitas,id-ID,O014,active
math.algebra.bilinear_map,pemetaan bilinear,id-ID,O014,provisional
math.algebra.pointwise_addition,penjumlahan titik demi titik,id-ID,O014,active
math.category.forgetful_functor,funktor pelupa,id-ID,O014,active
math.functional_analysis.banach_space,ruang Banach,id-ID,O014,active
math.functional_analysis.quotient_norm,norma kuosien,id-ID,O014,provisional
math.topology.quotient_topology,topologi kuosien,id-ID,O014,provisional
math.topology.induced_topology,topologi terinduksi,id-ID,O014,provisional
math.topology.dense_image,citra padat,id-ID,O014,provisional
math.topology.closure,penutupan,id-ID,O014,active
math.algebra.commutative_ring,gelanggang komutatif,id-ID,O014,active
math.algebra.scalar_multiplication,perkalian skalar,id-ID,O014,active
math.category.k_mod_enriched_category,kategori-k-Mod,id-ID,O014,provisional
math.category.k_linear_functor,funktor k-linear,id-ID,O014,active
math.algebra.k_algebra,aljabar-k,id-ID,O014,active
math.category.identity_functor,funktor identitas,id-ID,O014,active
math.category.category_center,pusat kategori,id-ID,O014,active
math.algebra.commutative_monoid,monoid komutatif,id-ID,O014,active
math.algebra.ring_homomorphism,homomorfisme gelanggang,id-ID,O014,active
math.category.cocone,kokonus,id-ID,O014,provisional
math.category.categorical_cone,konus,id-ID,O014,provisional
math.category.cone_base,alas,id-ID,O014,active
math.category.cone_apex,puncak,id-ID,O014,provisional
math.category.diagonal_functor,funktor diagonal,id-ID,O014,active
math.category.projective_limit,limit projektif,id-ID,O014,provisional
math.category.reflects_limit,merefleksikan limit,id-ID,O014,active
math.category.conservative_functor,funktor konservatif,id-ID,O014,active
math.group.group_homomorphism,homomorfisme grup,id-ID,O014,active
math.algebra.direct_product,hasil kali langsung,id-ID,O014,provisional
math.group.subgroup,subgrup,id-ID,O014,active
math.topology.compact_hausdorff_space,ruang Hausdorff kompak,id-ID,O014,active
math.category.projection_functor,funktor proyeksi,id-ID,O014,active
math.category.evaluation_functor,funktor evaluasi,id-ID,O014,active
math.category.pointwise_limit,limit titik demi titik,id-ID,O014,provisional
math.category.connected_category,kategori terhubung,id-ID,O014,active
math.category.comma_category,kategori koma,id-ID,O014,active
math.category.constant_functor,funktor konstan,id-ID,O014,active
math.category.inclusion_functor,funktor inklusi,id-ID,O014,active
math.category.filtered_category,kategori terfilter,id-ID,O014,provisional
math.order.filtered_poset,himpunan terurut parsial terfilter,id-ID,O014,provisional
math.category.functor_restriction,pembatasan funktor,id-ID,O014,active
math.category.iterated_limit,limit rangkap,id-ID,O014,provisional
math.set_theory.binary_relation,relasi biner,id-ID,O014,active
math.set_theory.equivalence_relation,relasi ekuivalensi,id-ID,O014,active
math.set_theory.disjoint_union,gabungan saling lepas,id-ID,O014,provisional
math.category.finite_category,kategori berhingga,id-ID,O014,active
math.category.natural_isomorphism,isomorfisme alami,id-ID,O014,active
math.category.left_kan_extension,ekstensi Kan kiri,id-ID,O014,active
math.category.right_kan_extension,ekstensi Kan kanan,id-ID,O014,active
math.category.precomposition_functor,funktor tarik balik,id-ID,O014,provisional
math.category.two_category,2-kategori,id-ID,O014,active
math.category.vertical_composition,komposisi vertikal,id-ID,O014,active
math.category.horizontal_composition,komposisi horizontal,id-ID,O014,active
math.category.pointwise_kan_extension,ekstensi Kan titik demi titik,id-ID,O014,provisional
math.category.preserves_kan_extension,mempertahankan ekstensi Kan,id-ID,O014,provisional
math.sheaf.presheaf,praberkas,id-ID,O014,provisional
math.sheaf.direct_image,citra langsung,id-ID,O014,provisional
math.sheaf.inverse_image,citra invers,id-ID,O014,provisional
math.category.localization_functor,funktor lokalisasi,id-ID,O014,active
math.category.essential_image,citra esensial,id-ID,O014,active
math.category.left_multiplicative_system,sistem multiplikatif kiri,id-ID,O014,active
math.category.right_multiplicative_system,sistem multiplikatif kanan,id-ID,O014,active
math.category.calculus_of_fractions,kalkulus pecahan,id-ID,O014,provisional
math.algebra.multiplicative_subset,himpunan multiplikatif,id-ID,O014,active
math.algebra.ring_localization,lokalisasi gelanggang,id-ID,O014,active
math.algebra.noncommutative_localization,lokalisasi nonkomutatif,id-ID,O014,provisional
math.category.central_localization,lokalisasi sentral,id-ID,O014,provisional
math.category.reflective_localization,lokalisasi reflektif,id-ID,O014,active
math.category.kan_extension_along_localization,ekstensi Kan sepanjang lokalisasi,id-ID,O014,active
math.category.resolution_condition,syarat resolusi,id-ID,O014,provisional
math.category.weakly_initial_family,keluarga awal lemah,id-ID,O014,active
math.category.weakly_initial_object,objek awal lemah,id-ID,O014,active
math.category.weakly_terminal_family,keluarga terminal lemah,id-ID,O014,active
math.category.weakly_terminal_object,objek terminal lemah,id-ID,O014,active
math.category.solution_set_condition,syarat himpunan solusi,id-ID,O014,active
math.category.cosolution_set_condition,syarat himpunan kosolusi,id-ID,O014,active
math.category.general_adjoint_functor_theorem,teorema funktor adjoin umum,id-ID,O014,active
math.category.special_adjoint_functor_theorem,teorema funktor adjoin khusus,id-ID,O014,active
math.category.generating_family,keluarga generator,id-ID,O014,active
math.category.cogenerating_family,keluarga kogenerator,id-ID,O014,active
math.category.well_powered_category,kategori well-powered,id-ID,O014,provisional
math.category.well_copowered_category,kategori co-well-powered,id-ID,O014,active
math.category.representable_functor,funktor terwakili,id-ID,O014,active
math.topology.stone_cech_compactification,kompaktifikasi Stone--Čech,id-ID,O014,active
math.group.free_group,grup bebas,id-ID,O014,active
math.group.free_product,produk bebas,id-ID,O014,active
math.group.amalgamated_free_product,produk bebas teramalgamasi,id-ID,O014,active
math.category.injective_object,objek injektif,id-ID,O014,active
math.category.projective_object,objek projektif,id-ID,O014,active
math.homological.snake_lemma,lema ular,id-ID,O014,provisional
math.homological.five_lemma,lema lima,id-ID,O014,active
math.category.abelian_subcategory,subkategori abelian,id-ID,O014,active
math.category.serre_subcategory,subkategori Serre,id-ID,O014,active
math.category.indecomposable_object,objek tak terurai,id-ID,O014,provisional
math.category.simple_object,objek sederhana,id-ID,O014,active
math.algebra.composition_series,deret komposisi,id-ID,O014,provisional
math.order.lattice_theory,teori kisi,id-ID,O014,active
math.ktheory.k0_group,grup K_0,id-ID,O014,active
math.ktheory.euler_poincare_principle,prinsip Euler--Poincaré,id-ID,O014,active
math.category.exact_category,kategori eksak,id-ID,O014,active
math.category.krull_remak_schmidt_theorem,teorema Krull--Remak--Schmidt,id-ID,O014,active
math.homological.short_exact_sequence,barisan eksak pendek,id-ID,O014,active
math.category.exactness_criterion,kriteria keeksakan,id-ID,O014,active
math.homological.connecting_morphism,morfisme penghubung,id-ID,O014,active
math.category.canonicality,sifat kanonik,id-ID,O014,active
math.category.self_dual,swa-dual,id-ID,O014,active
math.homological.salamander_lemma,lema Salamander,id-ID,O014,active
math.order.lattice,kisi,id-ID,O014,active
math.order.bounded_lattice,kisi terbatas,id-ID,O014,active
math.order.modular_lattice,kisi modular,id-ID,O014,active
math.order.complement,komplemen,id-ID,O014,active
math.order.standard_isomorphism,isomorfisme standar,id-ID,O014,active
math.order.refinement,penghalusan,id-ID,O014,active
math.order.proper_refinement,penghalusan sejati,id-ID,O014,active
math.order.ascending_chain,rantai naik,id-ID,O014,active
math.order.descending_chain,rantai menurun,id-ID,O014,active
math.order.noetherian,Noetherian,id-ID,O014,active
math.order.artinian,Artinian,id-ID,O014,active
math.order.finite_length,berpanjang hingga,id-ID,O014,active
math.algebra.idempotent,idempoten,id-ID,O014,active
math.category.karoubian_category,kategori Karoubi,id-ID,O014,active
math.category.pseudoabelian_category,kategori pseudoabelian,id-ID,O014,active
math.homological.split_short_exact_sequence,barisan eksak pendek terbelah,id-ID,O014,active
math.category.section,penampang,id-ID,O014,active
math.category.retraction,retraksi,id-ID,O014,active
math.category.double_chain,rantai ganda,id-ID,O014,active
math.category.double_chain_condition,syarat rantai ganda,id-ID,O014,active
math.algebra.nilpotent,nilpoten,id-ID,O014,active
math.algebra.local_ring,gelanggang lokal,id-ID,O014,active
math.category.fitting_lemma,Lema Fitting,id-ID,O014,active
math.category.subobject_intersection,irisan subobjek,id-ID,O014,active
math.category.subobject_sum,jumlah subobjek,id-ID,O014,active
math.category.increasing_union,gabungan naik,id-ID,O014,active
math.category.subobject_preimage,prabayang subobjek,id-ID,O014,active
math.category.canonical_isomorphism,isomorfisme kanonik,id-ID,O014,active
math.category.antidiagonal_morphism,morfisme antidiagonal,id-ID,O014,active
math.order.order_reversing_bijection,bijeksi pembalik urutan,id-ID,O014,active
math.algebra.isomorphism_theorem,teorema isomorfisme,id-ID,O014,active
math.category.semisimple_object,objek semisederhana,id-ID,O014,active
math.category.split_object,objek terbelah,id-ID,O014,active
math.category.semisimple_abelian_category,kategori abelian semisederhana,id-ID,O014,active
math.category.split_abelian_category,kategori abelian terbelah,id-ID,O014,active
math.algebra.composition_factor,faktor komposisi,id-ID,O014,active
math.algebra.multiplicity,multiplicitas,id-ID,O014,active
math.algebra.division_ring,gelanggang pembagian,id-ID,O014,active
math.algebra.schur_lemma,Lema Schur,id-ID,O014,active
math.category.exact_functor,funktor eksak,id-ID,O014,active
math.category.left_exact_functor,funktor eksak kiri,id-ID,O014,active
math.category.right_exact_functor,funktor eksak kanan,id-ID,O014,active
math.category.faithfully_exact_functor,funktor eksak setia,id-ID,O014,active
math.category.enough_injective_objects,cukup banyak objek injektif,id-ID,O014,active
math.category.enough_projective_objects,cukup banyak objek projektif,id-ID,O014,active
math.category.arrow_category,kategori panah,id-ID,O014,active
math.category.localization_exactness,keeksakan lokalisasi,id-ID,O014,active
math.category.weak_serre_subcategory,subkategori Serre lemah,id-ID,O014,active
math.category.small_skeleton,kerangka kecil,id-ID,O014,active
math.algebra.s_torsion_module,modul torsi-S,id-ID,O014,active
math.category.strong_generator,generator kuat,id-ID,O014,active
math.category.injective_cogenerator,kogenerator injektif,id-ID,O014,active
math.category.small_object_argument,argumen objek kecil,id-ID,O014,active
math.category.alpha_small_object_relative_to_i,objek alpha-kecil relatif terhadap I,id-ID,O014,active
math.set_theory.regular_small_cardinal,kardinal kecil reguler,id-ID,O014,active
math.set_theory.transfinite_recursion,rekursi transfinit,id-ID,O014,active
math.set_theory.successor_ordinal,ordinal penerus,id-ID,O014,active
math.set_theory.limit_ordinal,ordinal limit,id-ID,O014,active
math.category.karoubi_envelope,selubung Karoubi,id-ID,O014,active
math.homological.schanuel_lemma,Lema Schanuel,id-ID,O014,active
math.homological.complex_homotopy,homotopi kompleks,id-ID,O014,active
math.homological.hom_complex,kompleks Hom,id-ID,O014,active
math.homological.total_complex,kompleks total,id-ID,O014,active
math.homological.long_exact_sequence,barisan eksak panjang,id-ID,O014,active
math.homological.resolution,resolusi,id-ID,O014,active
math.homological.truncation_functor,funktor pemenggalan,id-ID,O014,active
math.homological.cartan_eilenberg_resolution,resolusi Cartan-Eilenberg,id-ID,O014,active
math.homological.hyperderived_functor,funktor hiperturunan,id-ID,O014,provisional
math.homological.effaceable_functor,funktor yang dapat dihapus,id-ID,O014,active
math.homological.coeffaceable_functor,funktor yang dapat dihapus secara dual,id-ID,O014,active
math.category.bifunctor,bifunktor,id-ID,O014,active
math.homological.balanced_bifunctor,bifunktor seimbang,id-ID,O014,active
math.homological.mittag_leffler_condition,syarat Mittag-Leffler,id-ID,O014,active
math.homological.k_injective_complex,kompleks K-injektif,id-ID,O014,active
math.homological.k_projective_complex,kompleks K-projektif,id-ID,O014,active
math.homological.mapping_cylinder,silinder pemetaan,id-ID,O014,active
math.algebra.graded_object,objek bergradasi,id-ID,O014,active
math.algebra.differential_graded_object,objek diferensial bergradasi,id-ID,O014,active
math.algebra.bigraded_object,objek bergradasi ganda,id-ID,O014,active
math.homological.complex_category,kategori kompleks,id-ID,O014,active
math.homological.concentrated_complex,kompleks terkonsentrasi,id-ID,O014,active
math.algebra.leibniz_rule,aturan Leibniz,id-ID,O014,active
math.homological.homotopic_morphism,morfisme homotopik,id-ID,O014,active
math.homological.null_homotopic_morphism,morfisme homotopik nol,id-ID,O014,active
math.homological.homotopy_category,kategori homotopi,id-ID,O014,active
math.homological.homotopy_cokernel,kokernel homotopi,id-ID,O014,active
math.homological.homotopy_kernel,kernel homotopi,id-ID,O014,active
math.homological.homotopy_coimage,kocitra homotopi,id-ID,O014,active
math.homological.koszul_sign_rule,aturan tanda Koszul,id-ID,O014,active
math.homological.k_fold_complex,kompleks lipat-k,id-ID,O014,active
math.homological.hom_bicomplex,bikompleks Hom,id-ID,O014,active
math.homological.bicomplex_homotopy,homotopi bikompleks,id-ID,O014,active
math.homological.rotation_axiom,aksioma rotasi,id-ID,O014,active
math.algebra.tensor_power,pangkat tensor,id-ID,O014,active
math.homological.bar_complex,kompleks bar,id-ID,O014,active
math.homological.augmented_bar_complex,kompleks bar teraugmentasi,id-ID,O014,active
math.homological.augmentation_morphism,homomorfisme augmentasi,id-ID,O014,active
math.category.comonad,komonad,id-ID,O014,active
math.homological.hochschild_complex,kompleks Hochschild,id-ID,O014,active
math.homological.relative_tor,Tor relatif,id-ID,O014,active
math.homological.relative_ext,Ext relatif,id-ID,O014,active
math.algebra.center,pusat,id-ID,O014,active
math.algebra.cocenter,kopusat,id-ID,O014,active
math.algebra.kahler_differentials,diferensial Kähler,id-ID,O014,active
math.algebra.universal_derivation,derivasi universal,id-ID,O014,active
math.homological.cyclic_bicomplex,bikompleks siklik,id-ID,O014,active
math.homological.brutal_truncation,pemenggalan kasar,id-ID,O014,provisional
math.homological.cyclic_homology,homologi siklik,id-ID,O014,active
math.homological.periodic_cyclic_homology,homologi siklik periodik,id-ID,O014,active
math.homological.connes_periodicity_operator,operator periodisitas Connes,id-ID,O014,active
math.homological.cyclic_cohomology,kohomologi siklik,id-ID,O014,active
math.homological.periodic_cyclic_cohomology,kohomologi siklik periodik,id-ID,O014,active
math.algebra.linear_dual,dual linear,id-ID,O014,active
math.homological.bounded_complex,kompleks terbatas,id-ID,O014,active
math.homological.bounded_below_complex,kompleks terbatas bawah,id-ID,O014,active
math.homological.bounded_above_complex,kompleks terbatas atas,id-ID,O014,active
math.homological.diagonally_finite_bicomplex,bikompleks berhingga pada setiap diagonal,id-ID,O014,active
math.homological.row_exact_bicomplex,bikompleks eksak pada baris,id-ID,O014,active
math.homological.column_exact_bicomplex,bikompleks eksak pada kolom,id-ID,O014,active
math.homological.complex_of_injective_objects,kompleks yang terdiri atas objek-objek injektif,id-ID,O014,active
math.homological.complex_of_projective_objects,kompleks yang terdiri atas objek-objek projektif,id-ID,O014,active
math.homological.horseshoe_lemma,Lema Tapal Kuda,id-ID,O014,active
math.homological.classical_derived_functor,funktor turunan klasik,id-ID,O014,active
math.homological.right_derived_functor,funktor turunan kanan,id-ID,O014,active
math.homological.left_derived_functor,funktor turunan kiri,id-ID,O014,active
math.homological.higher_derived_functor,funktor turunan tingkat tinggi,id-ID,O014,active
math.homological.cohomological_delta_functor,funktor-δ kohomologis,id-ID,O014,active
math.homological.homological_delta_functor,funktor-δ homologis,id-ID,O014,active
math.homological.f_acyclic_object,objek F-asiklik,id-ID,O014,active
math.homological.dimension_shifting,pergeseran dimensi,id-ID,O014,active
math.homological.universal_cohomological_delta_functor,funktor-δ kohomologis universal,id-ID,O014,active
math.homological.universal_homological_delta_functor,funktor-δ homologis universal,id-ID,O014,active
math.homological.inverse_system,sistem invers,id-ID,O014,active
math.category.countable_product,produk terhitung,id-ID,O014,active
math.category.countable_coproduct,koproduk terhitung,id-ID,O014,active
math.homological.exact_countable_product,produk terhitung eksak,id-ID,O014,active
math.category.shift_morphism,morfisme pergeseran,id-ID,O014,active
math.category.stable_image,citra stabil,id-ID,O014,active
math.homological.ext_functor,funktor Ext,id-ID,O014,active
math.homological.tor_functor,funktor Tor,id-ID,O014,active
math.homological.flat_resolution,resolusi datar,id-ID,O014,active
math.homological.kunneth_theorem,Teorema Künneth,id-ID,O014,active
math.homological.enough_k_injective_complexes,cukup banyak kompleks K-injektif,id-ID,O014,active
math.homological.enough_k_projective_complexes,cukup banyak kompleks K-projektif,id-ID,O014,active
math.homological.split_exact_complex,kompleks eksak terbelah,id-ID,O014,active
math.homological.reduced_bar_complex,kompleks bar tereduksi,id-ID,O014,active
math.algebra.square_zero_extension,perluasan kuadrat-nol,id-ID,O014,active
math.category.autoequivalence,autoekuivalensi,id-ID,O014,active
math.homological.cohomological_functor,funktor kohomologis,id-ID,O014,active
math.category.verdier_localization,lokalisasi Verdier,id-ID,O014,active
math.homological.triangulated_subcategory,subkategori bertriangulasi,id-ID,O014,active
math.homological.bounded_below_derived_category,kategori turunan terbatas bawah,id-ID,O014,active
math.homological.bounded_above_derived_category,kategori turunan terbatas atas,id-ID,O014,active
math.homological.bounded_derived_category,kategori turunan terbatas,id-ID,O014,active
math.homological.unbounded_derived_category,kategori turunan tak terbatas,id-ID,O014,active
math.homological.derived_functor_amplitude,amplitudo funktor turunan,id-ID,O014,active
math.homological.derived_functor_dimension,dimensi funktor turunan,id-ID,O014,active
math.homological.grothendieck_spectral_sequence,barisan spektral Grothendieck,id-ID,O014,active
math.homological.derived_hom_functor,funktor RHom,id-ID,O014,active
math.homological.derived_bifunctor_theory,teori bifunktor turunan,id-ID,O014,active
math.homological.derived_inverse_limit_functor,funktor Rlim,id-ID,O014,active
math.homotopy.homotopy_limit,limit homotopi,id-ID,O014,active
math.homological.derived_tensor_product,hasil kali tensor turunan,id-ID,O014,active
math.homological.triangulated_bifunctor,bifunktor bertriangulasi,id-ID,O014,active
math.category.associativity_constraint,kendala asosiativitas,id-ID,O014,active
math.homological.derived_tensor_hom_adjunction,adjungsi hasil kali tensor turunan-RHom,id-ID,O014,active
math.homological.k_flat_resolution,resolusi K-datar,id-ID,O014,active
math.homological.effaceability,keterhapusan,id-ID,O014,active
math.homological.n_extension,ekstensi-n,id-ID,O014,active
math.homological.yoneda_ext_theorem,Teorema Yoneda,id-ID,O014,active
math.homological.unbounded_derived_functor,funktor turunan tak terbatas,id-ID,O014,active
math.category.category_with_translation,kategori dengan pergeseran,id-ID,O014,provisional
math.category.translation_functor,funktor pergeseran,id-ID,O014,active
math.category.morphism_with_degree,morfisme berderajat,id-ID,O014,active
math.homological.triangle,segitiga,id-ID,O014,active
math.homological.pretriangulated_category,kategori prabertriangulasi,id-ID,O014,provisional
