id,stable_key,status,recorded_at,source_file,source_sha256,source_row,record_json
urn:uuid:0bef72d5-bae7-5a9b-99d6-29a060e4c5c8,A00,published,2026-08-25T00:40:00+02:00,04_mirrors/id/program-matematika-indonesia/backend/v1/program-matematika-indonesia-v0.51.2/backend.json,5e6a207b19421ca985b0f0a1210c621e4c13f9a2f67e913f658298702c1181e9,1,"{""id"":""urn:uuid:0bef72d5-bae7-5a9b-99d6-29a060e4c5c8"",""payload"":{""archive_url"":""https://doi.org/10.5281/zenodo.22070683"",""baseline_family"":""openstax"",""course_key"":""A00"",""course_state"":""published"",""learner_start_url"":""https://kokunoyumeto.github.io/openstax-prealgebra-2e-id-ID/"",""outcome"":""Mengolah representasi numerik dengan andal dan mengenali apakah kesalahan berikutnya bersifat aritmetis atau konseptual."",""owner_lane"":""R001"",""prerequisite_course_keys"":[],""repository_url"":""https://github.com/KokunoYumeto/openstax-prealgebra-2e-id-ID"",""scope"":""Bilangan bulat, pecahan, desimal, persen, rasio, pengukuran, dan persamaan dasar dengan jalur diagnosis yang dapat dilewati."",""selected_resource_title"":""OpenStax Prealgebra 2e — edisi Bahasa Indonesia lengkap"",""stage"":""A"",""title"":""Praaljabar dan Fondasi Kuantitatif"",""unit_mapping_state"":""active_research_unmaterialized"",""zenodo_url"":""https://doi.org/10.5281/zenodo.22070683""},""record_type"":""curriculum_resource"",""recorded_at"":""2026-08-25T00:40:00+02:00"",""source_file"":""04_mirrors/id/program-matematika-indonesia/backend/v1/program-matematika-indonesia-v0.51.2/backend.json"",""source_row"":1,""source_sha256"":""5e6a207b19421ca985b0f0a1210c621e4c13f9a2f67e913f658298702c1181e9"",""stable_key"":""A00"",""status"":""published""}"
urn:uuid:673ec395-85d6-56ac-b668-2b1970312778,A10,production,2026-08-25T00:40:00+02:00,04_mirrors/id/program-matematika-indonesia/backend/v1/program-matematika-indonesia-v0.51.2/backend.json,5e6a207b19421ca985b0f0a1210c621e4c13f9a2f67e913f658298702c1181e9,2,"{""id"":""urn:uuid:673ec395-85d6-56ac-b668-2b1970312778"",""payload"":{""archive_url"":null,""baseline_family"":""openstax"",""course_key"":""A10"",""course_state"":""production"",""learner_start_url"":null,""outcome"":""Menerjemahkan hubungan kuantitatif ke bentuk aljabar dan menyelesaikannya dengan langkah yang dapat dijelaskan."",""owner_lane"":""OPENSTAX-ELEMENTARY"",""prerequisite_course_keys"":[""A00""],""repository_url"":null,""scope"":""Persamaan dan pertidaksamaan linear, grafik, sistem, eksponen, polinom, faktorisasi, bentuk rasional, dan akar."",""selected_resource_title"":""OpenStax Elementary Algebra 2e — 82 modul"",""stage"":""A"",""title"":""Aljabar Dasar"",""unit_mapping_state"":""active_research_unmaterialized"",""zenodo_url"":null},""record_type"":""curriculum_resource"",""recorded_at"":""2026-08-25T00:40:00+02:00"",""source_file"":""04_mirrors/id/program-matematika-indonesia/backend/v1/program-matematika-indonesia-v0.51.2/backend.json"",""source_row"":2,""source_sha256"":""5e6a207b19421ca985b0f0a1210c621e4c13f9a2f67e913f658298702c1181e9"",""stable_key"":""A10"",""status"":""production""}"
urn:uuid:aa61c9cd-de73-5f72-9665-2c840c066cda,A20,production,2026-08-25T00:40:00+02:00,04_mirrors/id/program-matematika-indonesia/backend/v1/program-matematika-indonesia-v0.51.2/backend.json,5e6a207b19421ca985b0f0a1210c621e4c13f9a2f67e913f658298702c1181e9,3,"{""id"":""urn:uuid:aa61c9cd-de73-5f72-9665-2c840c066cda"",""payload"":{""archive_url"":null,""baseline_family"":""openstax"",""course_key"":""A20"",""course_state"":""production"",""learner_start_url"":null,""outcome"":""Memasuki prakalkulus dengan kefasihan simbolik dan pemahaman fungsi yang stabil."",""owner_lane"":""OPENSTAX-INTERMEDIATE"",""prerequisite_course_keys"":[""A10""],""repository_url"":null,""scope"":""Fungsi, model kuadrat dan rasional, akar, bilangan kompleks, eksponensial, logaritma, irisan kerucut, dan barisan."",""selected_resource_title"":""OpenStax Intermediate Algebra 2e — 83 modul"",""stage"":""A"",""title"":""Aljabar Menengah"",""unit_mapping_state"":""active_research_unmaterialized"",""zenodo_url"":null},""record_type"":""curriculum_resource"",""recorded_at"":""2026-08-25T00:40:00+02:00"",""source_file"":""04_mirrors/id/program-matematika-indonesia/backend/v1/program-matematika-indonesia-v0.51.2/backend.json"",""source_row"":3,""source_sha256"":""5e6a207b19421ca985b0f0a1210c621e4c13f9a2f67e913f658298702c1181e9"",""stable_key"":""A20"",""status"":""production""}"
urn:uuid:21d4198e-e953-5427-8a71-d1c2afd43668,A30,production,2026-08-25T00:40:00+02:00,04_mirrors/id/program-matematika-indonesia/backend/v1/program-matematika-indonesia-v0.51.2/backend.json,5e6a207b19421ca985b0f0a1210c621e4c13f9a2f67e913f658298702c1181e9,4,"{""id"":""urn:uuid:21d4198e-e953-5427-8a71-d1c2afd43668"",""payload"":{""archive_url"":null,""baseline_family"":""openstax"",""course_key"":""A30"",""course_state"":""production"",""learner_start_url"":null,""outcome"":""Memodelkan dengan fungsi elementer dan memulai kalkulus tanpa menyembunyikan kebutuhan perbaikan aljabar."",""owner_lane"":""R002"",""prerequisite_course_keys"":[""A20""],""repository_url"":null,""scope"":""Transformasi fungsi, model polinom, rasional, eksponensial dan logaritmik, trigonometri, geometri analitik, sistem, barisan, dan limit awal."",""selected_resource_title"":""OpenStax Precalculus 2e"",""stage"":""A"",""title"":""Prakalkulus dan Trigonometri"",""unit_mapping_state"":""active_research_unmaterialized"",""zenodo_url"":null},""record_type"":""curriculum_resource"",""recorded_at"":""2026-08-25T00:40:00+02:00"",""source_file"":""04_mirrors/id/program-matematika-indonesia/backend/v1/program-matematika-indonesia-v0.51.2/backend.json"",""source_row"":4,""source_sha256"":""5e6a207b19421ca985b0f0a1210c621e4c13f9a2f67e913f658298702c1181e9"",""stable_key"":""A30"",""status"":""production""}"
urn:uuid:885b778e-3697-51cb-8473-ea9d7c19c2ef,B10,published,2026-08-25T00:40:00+02:00,04_mirrors/id/program-matematika-indonesia/backend/v1/program-matematika-indonesia-v0.51.2/backend.json,5e6a207b19421ca985b0f0a1210c621e4c13f9a2f67e913f658298702c1181e9,5,"{""id"":""urn:uuid:885b778e-3697-51cb-8473-ea9d7c19c2ef"",""payload"":{""archive_url"":""https://doi.org/10.5281/zenodo.22060439"",""baseline_family"":""other_open_mathematics"",""course_key"":""B10"",""course_state"":""published"",""learner_start_url"":""https://kokunoyumeto.github.io/discrete-mathematics-open-introduction-id/"",""outcome"":""Membaca, menyusun, dan mengkritik bukti elementer sebelum memasuki teori tingkat lanjut."",""owner_lane"":""R004"",""prerequisite_course_keys"":[""A30""],""repository_url"":""https://github.com/KokunoYumeto/discrete-mathematics-open-introduction-id"",""scope"":""Logika proposisional dan predikat, himpunan, fungsi, relasi, teknik bukti, teori graf, pencacahan, dan barisan."",""selected_resource_title"":""Discrete Mathematics: An Open Introduction 4"",""stage"":""B"",""title"":""Pembuktian, Logika, dan Struktur Diskrit"",""unit_mapping_state"":""out_of_current_unit_mapping_baseline"",""zenodo_url"":""https://doi.org/10.5281/zenodo.22060439""},""record_type"":""curriculum_resource"",""recorded_at"":""2026-08-25T00:40:00+02:00"",""source_file"":""04_mirrors/id/program-matematika-indonesia/backend/v1/program-matematika-indonesia-v0.51.2/backend.json"",""source_row"":5,""source_sha256"":""5e6a207b19421ca985b0f0a1210c621e4c13f9a2f67e913f658298702c1181e9"",""stable_key"":""B10"",""status"":""published""}"
urn:uuid:f6f4380a-f82c-5fb4-a1ab-dbbbaf4a69be,B20,production,2026-08-25T00:40:00+02:00,04_mirrors/id/program-matematika-indonesia/backend/v1/program-matematika-indonesia-v0.51.2/backend.json,5e6a207b19421ca985b0f0a1210c621e4c13f9a2f67e913f658298702c1181e9,6,"{""id"":""urn:uuid:f6f4380a-f82c-5fb4-a1ab-dbbbaf4a69be"",""payload"":{""archive_url"":null,""baseline_family"":""other_open_mathematics"",""course_key"":""B20"",""course_state"":""production"",""learner_start_url"":null,""outcome"":""Menggunakan turunan secara komputasional dan konseptual serta menjelaskan hipotesis yang dipakai."",""owner_lane"":""R003"",""prerequisite_course_keys"":[""A30""],""repository_url"":""https://github.com/KokunoYumeto/clp1-differential-calculus-id"",""scope"":""Limit, kontinuitas, turunan, pendekatan, optimisasi, dan pemodelan dengan masalah terpecahkan yang terintegrasi."",""selected_resource_title"":""CLP Calculus — kalkulus diferensial"",""stage"":""B"",""title"":""Kalkulus Diferensial"",""unit_mapping_state"":""out_of_current_unit_mapping_baseline"",""zenodo_url"":null},""record_type"":""curriculum_resource"",""recorded_at"":""2026-08-25T00:40:00+02:00"",""source_file"":""04_mirrors/id/program-matematika-indonesia/backend/v1/program-matematika-indonesia-v0.51.2/backend.json"",""source_row"":6,""source_sha256"":""5e6a207b19421ca985b0f0a1210c621e4c13f9a2f67e913f658298702c1181e9"",""stable_key"":""B20"",""status"":""production""}"
urn:uuid:55a03c62-954e-5a4b-9664-112047239453,B30,production,2026-08-25T00:40:00+02:00,04_mirrors/id/program-matematika-indonesia/backend/v1/program-matematika-indonesia-v0.51.2/backend.json,5e6a207b19421ca985b0f0a1210c621e4c13f9a2f67e913f658298702c1181e9,7,"{""id"":""urn:uuid:55a03c62-954e-5a4b-9664-112047239453"",""payload"":{""archive_url"":""https://doi.org/10.5281/zenodo.22077325"",""baseline_family"":""other_open_mathematics"",""course_key"":""B30"",""course_state"":""production"",""learner_start_url"":""https://zenodo.org/records/22077325/files/CLP-2_Kalkulus_Integral_Bahasa_Indonesia_checkpoint_2026-08-24_s2.1.pdf?download=1"",""outcome"":""Memilih dan membenarkan metode integral atau deret serta menghubungkan akumulasi dengan laju lokal."",""owner_lane"":""R003"",""prerequisite_course_keys"":[""B20""],""repository_url"":null,""scope"":""Integral, teorema dasar kalkulus, teknik integrasi, penerapan, barisan, deret, dan persamaan diferensial awal."",""selected_resource_title"":""CLP Calculus — kalkulus integral"",""stage"":""B"",""title"":""Kalkulus Integral"",""unit_mapping_state"":""out_of_current_unit_mapping_baseline"",""zenodo_url"":""https://doi.org/10.5281/zenodo.22077325""},""record_type"":""curriculum_resource"",""recorded_at"":""2026-08-25T00:40:00+02:00"",""source_file"":""04_mirrors/id/program-matematika-indonesia/backend/v1/program-matematika-indonesia-v0.51.2/backend.json"",""source_row"":7,""source_sha256"":""5e6a207b19421ca985b0f0a1210c621e4c13f9a2f67e913f658298702c1181e9"",""stable_key"":""B30"",""status"":""production""}"
urn:uuid:6cf220cc-da8c-55ba-afd4-af81d97a2ba1,B40,published,2026-08-25T00:40:00+02:00,04_mirrors/id/program-matematika-indonesia/backend/v1/program-matematika-indonesia-v0.51.2/backend.json,5e6a207b19421ca985b0f0a1210c621e4c13f9a2f67e913f658298702c1181e9,8,"{""id"":""urn:uuid:6cf220cc-da8c-55ba-afd4-af81d97a2ba1"",""payload"":{""archive_url"":""https://doi.org/10.5281/zenodo.22070458"",""baseline_family"":""other_open_mathematics"",""course_key"":""B40"",""course_state"":""published"",""learner_start_url"":""https://kokunoyumeto.github.io/hefferon-linear-algebra-id/"",""outcome"":""Berpindah dengan lancar antara perhitungan, struktur, dan pembuktian dalam matematika berdimensi hingga."",""owner_lane"":""R005"",""prerequisite_course_keys"":[""A30"",""B10""],""repository_url"":""https://github.com/KokunoYumeto/hefferon-linear-algebra-id"",""scope"":""Sistem linear, ruang vektor, pemetaan linear, matriks, determinan, nilai dan vektor eigen, serta penerapan."",""selected_resource_title"":""Hefferon — Linear Algebra lengkap"",""stage"":""B"",""title"":""Aljabar Linear"",""unit_mapping_state"":""out_of_current_unit_mapping_baseline"",""zenodo_url"":""https://doi.org/10.5281/zenodo.22070458""},""record_type"":""curriculum_resource"",""recorded_at"":""2026-08-25T00:40:00+02:00"",""source_file"":""04_mirrors/id/program-matematika-indonesia/backend/v1/program-matematika-indonesia-v0.51.2/backend.json"",""source_row"":8,""source_sha256"":""5e6a207b19421ca985b0f0a1210c621e4c13f9a2f67e913f658298702c1181e9"",""stable_key"":""B40"",""status"":""published""}"
urn:uuid:e0269c06-da4b-5ca3-9d35-01cee3bf6dd9,B50,production,2026-08-25T00:40:00+02:00,04_mirrors/id/program-matematika-indonesia/backend/v1/program-matematika-indonesia-v0.51.2/backend.json,5e6a207b19421ca985b0f0a1210c621e4c13f9a2f67e913f658298702c1181e9,9,"{""id"":""urn:uuid:e0269c06-da4b-5ca3-9d35-01cee3bf6dd9"",""payload"":{""archive_url"":null,""baseline_family"":""other_open_mathematics"",""course_key"":""B50"",""course_state"":""production"",""learner_start_url"":null,""outcome"":""Menganalisis fungsi skalar multivariabel dan menghubungkan linearisasi lokal dengan geometri."",""owner_lane"":""R003"",""prerequisite_course_keys"":[""B30"",""B40""],""repository_url"":null,""scope"":""Geometri beberapa variabel, turunan parsial, integral lipat, optimisasi berkendala, dan sistem koordinat."",""selected_resource_title"":""CLP Calculus — kalkulus multivariabel"",""stage"":""B"",""title"":""Kalkulus Multivariabel"",""unit_mapping_state"":""out_of_current_unit_mapping_baseline"",""zenodo_url"":null},""record_type"":""curriculum_resource"",""recorded_at"":""2026-08-25T00:40:00+02:00"",""source_file"":""04_mirrors/id/program-matematika-indonesia/backend/v1/program-matematika-indonesia-v0.51.2/backend.json"",""source_row"":9,""source_sha256"":""5e6a207b19421ca985b0f0a1210c621e4c13f9a2f67e913f658298702c1181e9"",""stable_key"":""B50"",""status"":""production""}"
urn:uuid:6b12006b-f812-558e-bcdf-8e1fdf814741,B60,production,2026-08-25T00:40:00+02:00,04_mirrors/id/program-matematika-indonesia/backend/v1/program-matematika-indonesia-v0.51.2/backend.json,5e6a207b19421ca985b0f0a1210c621e4c13f9a2f67e913f658298702c1181e9,10,"{""id"":""urn:uuid:6b12006b-f812-558e-bcdf-8e1fdf814741"",""payload"":{""archive_url"":null,""baseline_family"":""other_open_mathematics"",""course_key"":""B60"",""course_state"":""production"",""learner_start_url"":null,""outcome"":""Menafsirkan teorema integral utama yang menghubungkan struktur diferensial lokal dengan besaran global."",""owner_lane"":""R003"",""prerequisite_course_keys"":[""B50""],""repository_url"":null,""scope"":""Medan vektor, integral garis dan permukaan, serta teorema Green, Stokes, dan divergensi."",""selected_resource_title"":""CLP Calculus — kalkulus vektor"",""stage"":""B"",""title"":""Kalkulus Vektor"",""unit_mapping_state"":""out_of_current_unit_mapping_baseline"",""zenodo_url"":null},""record_type"":""curriculum_resource"",""recorded_at"":""2026-08-25T00:40:00+02:00"",""source_file"":""04_mirrors/id/program-matematika-indonesia/backend/v1/program-matematika-indonesia-v0.51.2/backend.json"",""source_row"":10,""source_sha256"":""5e6a207b19421ca985b0f0a1210c621e4c13f9a2f67e913f658298702c1181e9"",""stable_key"":""B60"",""status"":""production""}"
urn:uuid:d2d64cee-3a2e-5cc3-a94d-3e43d3fa3db4,B70,production,2026-08-25T00:40:00+02:00,04_mirrors/id/program-matematika-indonesia/backend/v1/program-matematika-indonesia-v0.51.2/backend.json,5e6a207b19421ca985b0f0a1210c621e4c13f9a2f67e913f658298702c1181e9,11,"{""id"":""urn:uuid:d2d64cee-3a2e-5cc3-a94d-3e43d3fa3db4"",""payload"":{""archive_url"":""https://doi.org/10.5281/zenodo.22082567"",""baseline_family"":""other_open_mathematics"",""course_key"":""B70"",""course_state"":""production"",""learner_start_url"":""https://github.com/KokunoYumeto/lebl-mathematics-family-id/releases/tag/lebl-family-id-wip.2026.08.24.u336"",""outcome"":""Merumuskan, menganalisis, mendekati, dan mengomunikasikan solusi model PDB standar."",""owner_lane"":""R006-R008"",""prerequisite_course_keys"":[""B30"",""B40""],""repository_url"":""https://github.com/KokunoYumeto/lebl-mathematics-family-id"",""scope"":""Persamaan orde satu, persamaan linear orde tinggi, sistem, transformasi, deret, bidang fase nonlinear, dan pengantar Fourier/PDP."",""selected_resource_title"":""Korpus keluarga Lebl"",""stage"":""B"",""title"":""Persamaan Diferensial Biasa dan Sistem Dinamika Pengantar"",""unit_mapping_state"":""out_of_current_unit_mapping_baseline"",""zenodo_url"":""https://doi.org/10.5281/zenodo.22082567""},""record_type"":""curriculum_resource"",""recorded_at"":""2026-08-25T00:40:00+02:00"",""source_file"":""04_mirrors/id/program-matematika-indonesia/backend/v1/program-matematika-indonesia-v0.51.2/backend.json"",""source_row"":11,""source_sha256"":""5e6a207b19421ca985b0f0a1210c621e4c13f9a2f67e913f658298702c1181e9"",""stable_key"":""B70"",""status"":""production""}"
urn:uuid:70fd9f09-7954-552a-8d12-ab0f466a5f98,B80,published,2026-08-25T00:40:00+02:00,04_mirrors/id/program-matematika-indonesia/backend/v1/program-matematika-indonesia-v0.51.2/backend.json,5e6a207b19421ca985b0f0a1210c621e4c13f9a2f67e913f658298702c1181e9,12,"{""id"":""urn:uuid:70fd9f09-7954-552a-8d12-ab0f466a5f98"",""payload"":{""archive_url"":""https://doi.org/10.5281/zenodo.22053905"",""baseline_family"":""other_open_mathematics"",""course_key"":""B80"",""course_state"":""published"",""learner_start_url"":""https://kokunoyumeto.github.io/mathematical-computing-reproducible-experiments-id/"",""outcome"":""Menerapkan objek dan eksperimen matematis sambil membedakan komputasi, bukti pendukung, dan pembuktian."",""owner_lane"":""O002"",""prerequisite_course_keys"":[""A30""],""repository_url"":""https://github.com/KokunoYumeto/mathematical-computing-reproducible-experiments-id"",""scope"":""Python, SageMath, SymPy, NumPy/SciPy, komputasi eksak dan floating, visualisasi, pengujian, notebook literat, serta eksperimen reprodusibel."",""selected_resource_title"":""Rangka asli lengkap: P01/P02 + 12 unit, SciPy, SageMath, visualisasi, lingkungan, dan penguasaan"",""stage"":""B"",""title"":""Komputasi Matematis dan Eksperimen Reprodusibel"",""unit_mapping_state"":""out_of_current_unit_mapping_baseline"",""zenodo_url"":""https://doi.org/10.5281/zenodo.22053905""},""record_type"":""curriculum_resource"",""recorded_at"":""2026-08-25T00:40:00+02:00"",""source_file"":""04_mirrors/id/program-matematika-indonesia/backend/v1/program-matematika-indonesia-v0.51.2/backend.json"",""source_row"":12,""source_sha256"":""5e6a207b19421ca985b0f0a1210c621e4c13f9a2f67e913f658298702c1181e9"",""stable_key"":""B80"",""status"":""published""}"
urn:uuid:841932fe-24cc-5844-bc43-eaadded316f7,B90,published,2026-08-25T00:40:00+02:00,04_mirrors/id/program-matematika-indonesia/backend/v1/program-matematika-indonesia-v0.51.2/backend.json,5e6a207b19421ca985b0f0a1210c621e4c13f9a2f67e913f658298702c1181e9,13,"{""id"":""urn:uuid:841932fe-24cc-5844-bc43-eaadded316f7"",""payload"":{""archive_url"":""https://doi.org/10.5281/zenodo.22062144"",""baseline_family"":""other_open_mathematics"",""course_key"":""B90"",""course_state"":""published"",""learner_start_url"":""https://kokunoyumeto.github.io/introduction-to-probability-id/"",""outcome"":""Membangun dan menganalisis model peluang serta menghubungkan hasil analitik dengan simulasi."",""owner_lane"":""R010"",""prerequisite_course_keys"":[""B30""],""repository_url"":""https://github.com/KokunoYumeto/introduction-to-probability-id"",""scope"":""Probabilitas diskrit dan kontinu, probabilitas bersyarat, peubah acak, harapan, limit, simulasi, jalan acak, dan rantai Markov."",""selected_resource_title"":""Grinstead–Snell"",""stage"":""B"",""title"":""Probabilitas Berbasis Kalkulus"",""unit_mapping_state"":""out_of_current_unit_mapping_baseline"",""zenodo_url"":""https://doi.org/10.5281/zenodo.22062144""},""record_type"":""curriculum_resource"",""recorded_at"":""2026-08-25T00:40:00+02:00"",""source_file"":""04_mirrors/id/program-matematika-indonesia/backend/v1/program-matematika-indonesia-v0.51.2/backend.json"",""source_row"":13,""source_sha256"":""5e6a207b19421ca985b0f0a1210c621e4c13f9a2f67e913f658298702c1181e9"",""stable_key"":""B90"",""status"":""published""}"
urn:uuid:fcdada80-a391-5e6f-8882-1e6c0ab0bcdd,B95,production,2026-08-25T00:40:00+02:00,04_mirrors/id/program-matematika-indonesia/backend/v1/program-matematika-indonesia-v0.51.2/backend.json,5e6a207b19421ca985b0f0a1210c621e4c13f9a2f67e913f658298702c1181e9,14,"{""id"":""urn:uuid:fcdada80-a391-5e6f-8882-1e6c0ab0bcdd"",""payload"":{""archive_url"":null,""baseline_family"":""other_open_mathematics"",""course_key"":""B95"",""course_state"":""production"",""learner_start_url"":null,""outcome"":""Mengkritik proses pembentukan data dan melakukan analisis statistik awal secara transparan."",""owner_lane"":""R011"",""prerequisite_course_keys"":[""A30"",""B90""],""repository_url"":null,""scope"":""Pengumpulan data, deskripsi, ketidakpastian, inferensi, eksperimen, regresi, dan analisis reprodusibel dengan perangkat lunak terbuka."",""selected_resource_title"":""OpenIntro Statistics"",""stage"":""B"",""title"":""Statistika Terapan dan Analisis Data"",""unit_mapping_state"":""out_of_current_unit_mapping_baseline"",""zenodo_url"":null},""record_type"":""curriculum_resource"",""recorded_at"":""2026-08-25T00:40:00+02:00"",""source_file"":""04_mirrors/id/program-matematika-indonesia/backend/v1/program-matematika-indonesia-v0.51.2/backend.json"",""source_row"":14,""source_sha256"":""5e6a207b19421ca985b0f0a1210c621e4c13f9a2f67e913f658298702c1181e9"",""stable_key"":""B95"",""status"":""production""}"
urn:uuid:3a3d2f69-6a31-5da6-8b64-a0804d0c9d0c,C10,published,2026-08-25T00:40:00+02:00,04_mirrors/id/program-matematika-indonesia/backend/v1/program-matematika-indonesia-v0.51.2/backend.json,5e6a207b19421ca985b0f0a1210c621e4c13f9a2f67e913f658298702c1181e9,15,"{""id"":""urn:uuid:3a3d2f69-6a31-5da6-8b64-a0804d0c9d0c"",""payload"":{""archive_url"":""https://doi.org/10.5281/zenodo.22082567"",""baseline_family"":""other_open_mathematics"",""course_key"":""C10"",""course_state"":""published"",""learner_start_url"":""https://github.com/KokunoYumeto/lebl-mathematics-family-id/releases/tag/lebl-family-id-wip.2026.08.24.u336"",""outcome"":""Mengendalikan kuantor dan menyusun argumen rigor tentang limit, kontinuitas, turunan, dan integral."",""owner_lane"":""R006-R008"",""prerequisite_course_keys"":[""B10"",""B30""],""repository_url"":""https://github.com/KokunoYumeto/lebl-mathematics-family-id"",""scope"":""Bilangan real, barisan, deret, kontinuitas, diferensiasi, dan integrasi Riemann dengan penekanan pada bukti."",""selected_resource_title"":""Lebl — Basic Analysis, Volume I"",""stage"":""C"",""title"":""Analisis Real I"",""unit_mapping_state"":""out_of_current_unit_mapping_baseline"",""zenodo_url"":""https://doi.org/10.5281/zenodo.22082567""},""record_type"":""curriculum_resource"",""recorded_at"":""2026-08-25T00:40:00+02:00"",""source_file"":""04_mirrors/id/program-matematika-indonesia/backend/v1/program-matematika-indonesia-v0.51.2/backend.json"",""source_row"":15,""source_sha256"":""5e6a207b19421ca985b0f0a1210c621e4c13f9a2f67e913f658298702c1181e9"",""stable_key"":""C10"",""status"":""published""}"
urn:uuid:e3078367-a86a-53ef-9eb9-7d71cac4e47b,C100,production,2026-08-25T00:40:00+02:00,04_mirrors/id/program-matematika-indonesia/backend/v1/program-matematika-indonesia-v0.51.2/backend.json,5e6a207b19421ca985b0f0a1210c621e4c13f9a2f67e913f658298702c1181e9,16,"{""id"":""urn:uuid:e3078367-a86a-53ef-9eb9-7d71cac4e47b"",""payload"":{""archive_url"":null,""baseline_family"":""other_open_mathematics"",""course_key"":""C100"",""course_state"":""production"",""learner_start_url"":null,""outcome"":""Membandingkan geometri melalui aksioma, transformasi, dan invarian, bukan sebagai satu konvensi tunggal."",""owner_lane"":""O004"",""prerequisite_course_keys"":[""B10"",""B40"",""B60""],""repository_url"":null,""scope"":""Geometri aksiomatik dan transformasional, metode afin dan projektif, geometri hiperbolik dan sferis, permukaan, dan konstruksi."",""selected_resource_title"":""Petrunin sebagai donor utama yang sah untuk buku kursus asli CC BY-SA + Clemens/Snapp sebagai pendamping terpisah berlisensi CC BY-NC-SA/GPL"",""stage"":""C"",""title"":""Geometri: Euklides, Afin, Projektif, dan Non-Euklides"",""unit_mapping_state"":""out_of_current_unit_mapping_baseline"",""zenodo_url"":null},""record_type"":""curriculum_resource"",""recorded_at"":""2026-08-25T00:40:00+02:00"",""source_file"":""04_mirrors/id/program-matematika-indonesia/backend/v1/program-matematika-indonesia-v0.51.2/backend.json"",""source_row"":16,""source_sha256"":""5e6a207b19421ca985b0f0a1210c621e4c13f9a2f67e913f658298702c1181e9"",""stable_key"":""C100"",""status"":""production""}"
urn:uuid:24a9c09f-2e94-5de1-9a2b-e03d5841ff22,C110,published,2026-08-25T00:40:00+02:00,04_mirrors/id/program-matematika-indonesia/backend/v1/program-matematika-indonesia-v0.51.2/backend.json,5e6a207b19421ca985b0f0a1210c621e4c13f9a2f67e913f658298702c1181e9,17,"{""id"":""urn:uuid:24a9c09f-2e94-5de1-9a2b-e03d5841ff22"",""payload"":{""archive_url"":""https://doi.org/10.5281/zenodo.22054086"",""baseline_family"":""other_open_mathematics"",""course_key"":""C110"",""course_state"":""published"",""learner_start_url"":""https://zenodo.org/records/22054086/files/Tea-Time-Numerical-Analysis-id-ID.pdf?download=1"",""outcome"":""Menurunkan, menerapkan, dan menilai algoritma numerik dengan alasan stabilitas dan galat yang eksplisit."",""owner_lane"":""R015"",""prerequisite_course_keys"":[""B30"",""B40"",""B80"",""C10""],""repository_url"":""https://github.com/KokunoYumeto/tea-time-numerical-analysis-id"",""scope"":""Galat floating-point, pencarian akar, interpolasi, pendekatan, diferensiasi dan integrasi numerik, serta aljabar linear numerik."",""selected_resource_title"":""Tea Time Numerical Analysis — edisi Bahasa Indonesia lengkap"",""stage"":""C"",""title"":""Analisis Numerik"",""unit_mapping_state"":""out_of_current_unit_mapping_baseline"",""zenodo_url"":""https://doi.org/10.5281/zenodo.22054086""},""record_type"":""curriculum_resource"",""recorded_at"":""2026-08-25T00:40:00+02:00"",""source_file"":""04_mirrors/id/program-matematika-indonesia/backend/v1/program-matematika-indonesia-v0.51.2/backend.json"",""source_row"":17,""source_sha256"":""5e6a207b19421ca985b0f0a1210c621e4c13f9a2f67e913f658298702c1181e9"",""stable_key"":""C110"",""status"":""published""}"
urn:uuid:0d4e02df-1cae-545c-aee3-c9a17fb5a150,C120,published,2026-08-25T00:40:00+02:00,04_mirrors/id/program-matematika-indonesia/backend/v1/program-matematika-indonesia-v0.51.2/backend.json,5e6a207b19421ca985b0f0a1210c621e4c13f9a2f67e913f658298702c1181e9,18,"{""id"":""urn:uuid:0d4e02df-1cae-545c-aee3-c9a17fb5a150"",""payload"":{""archive_url"":""https://doi.org/10.5281/zenodo.22070943"",""baseline_family"":""other_open_mathematics"",""course_key"":""C120"",""course_state"":""published"",""learner_start_url"":""https://kokunoyumeto.github.io/mathematical-modeling-nonlinear-dynamics-id/"",""outcome"":""Bergerak iteratif antara asumsi, struktur matematika, komputasi, data, dan kritik model."",""owner_lane"":""O005"",""prerequisite_course_keys"":[""B70"",""B80"",""C10""],""repository_url"":""https://github.com/KokunoYumeto/mathematical-modeling-nonlinear-dynamics-id"",""scope"":""Analisis dimensi, konstruksi dan validasi model, sistem dinamis diskrit/kontinu, bifurkasi, chaos, dan studi kasus."",""selected_resource_title"":""Lega v1.01 plus jembatan komputasi dan penguasaan — edisi Bahasa Indonesia lengkap"",""stage"":""C"",""title"":""Pemodelan Matematis dan Dinamika Nonlinear"",""unit_mapping_state"":""out_of_current_unit_mapping_baseline"",""zenodo_url"":""https://doi.org/10.5281/zenodo.22070943""},""record_type"":""curriculum_resource"",""recorded_at"":""2026-08-25T00:40:00+02:00"",""source_file"":""04_mirrors/id/program-matematika-indonesia/backend/v1/program-matematika-indonesia-v0.51.2/backend.json"",""source_row"":18,""source_sha256"":""5e6a207b19421ca985b0f0a1210c621e4c13f9a2f67e913f658298702c1181e9"",""stable_key"":""C120"",""status"":""published""}"
urn:uuid:1ee14e6c-8d88-51b9-af6c-62b08e389794,C130,published,2026-08-25T00:40:00+02:00,04_mirrors/id/program-matematika-indonesia/backend/v1/program-matematika-indonesia-v0.51.2/backend.json,5e6a207b19421ca985b0f0a1210c621e4c13f9a2f67e913f658298702c1181e9,19,"{""id"":""urn:uuid:1ee14e6c-8d88-51b9-af6c-62b08e389794"",""payload"":{""archive_url"":""https://doi.org/10.5281/zenodo.22070653"",""baseline_family"":""other_open_mathematics"",""course_key"":""C130"",""course_state"":""published"",""learner_start_url"":""https://kokunoyumeto.github.io/open-optimization-or-book-id/"",""outcome"":""Merumuskan, menyelesaikan, dan mengkritik model optimisasi tanpa bergantung pada solver proprieter."",""owner_lane"":""O018"",""prerequisite_course_keys"":[""B40"",""B80"",""C70""],""repository_url"":""https://github.com/KokunoYumeto/open-optimization-or-book-id"",""scope"":""Program linear, dualitas, konsep simpleks/interior, jaringan, program integer, kompleksitas, pemodelan, dan implementasi dengan solver bebas."",""selected_resource_title"":""Open Optimization Book 1 plus laboratorium Pyomo/HiGHS O018 — edisi Bahasa Indonesia lengkap"",""stage"":""C"",""title"":""Optimisasi Linear dan Integer / Riset Operasi"",""unit_mapping_state"":""out_of_current_unit_mapping_baseline"",""zenodo_url"":""https://doi.org/10.5281/zenodo.22070653""},""record_type"":""curriculum_resource"",""recorded_at"":""2026-08-25T00:40:00+02:00"",""source_file"":""04_mirrors/id/program-matematika-indonesia/backend/v1/program-matematika-indonesia-v0.51.2/backend.json"",""source_row"":19,""source_sha256"":""5e6a207b19421ca985b0f0a1210c621e4c13f9a2f67e913f658298702c1181e9"",""stable_key"":""C130"",""status"":""published""}"
urn:uuid:d66b5dac-fdc7-5c5a-aa74-5889ecf4b880,C140,production,2026-08-25T00:40:00+02:00,04_mirrors/id/program-matematika-indonesia/backend/v1/program-matematika-indonesia-v0.51.2/backend.json,5e6a207b19421ca985b0f0a1210c621e4c13f9a2f67e913f658298702c1181e9,20,"{""id"":""urn:uuid:d66b5dac-fdc7-5c5a-aa74-5889ecf4b880"",""payload"":{""archive_url"":""https://doi.org/10.5281/zenodo.22071140"",""baseline_family"":""other_open_mathematics"",""course_key"":""C140"",""course_state"":""production"",""learner_start_url"":""https://zenodo.org/records/22071140/files/00_statistika-matematis-id-reader-2026.08.23.16.pdf?download=1"",""outcome"":""Menurunkan dan menilai prosedur statistik, bukan sekadar menerapkannya sebagai kotak hitam."",""owner_lane"":""O006"",""prerequisite_course_keys"":[""B90"",""B95"",""B40"",""C10""],""repository_url"":""https://github.com/KokunoYumeto/mathematical-statistics-id"",""scope"":""Distribusi sampling, kecukupan, estimasi, likelihood, interval kepercayaan, uji hipotesis, perbandingan Bayes, regresi, dan asimtotik."",""selected_resource_title"":""Penn State STAT 415 lengkap + satu unit Random tentang kecukupan/kelengkapan + pendamping rigor dan penguasaan asli"",""stage"":""C"",""title"":""Statistika Matematis"",""unit_mapping_state"":""out_of_current_unit_mapping_baseline"",""zenodo_url"":""https://doi.org/10.5281/zenodo.22071140""},""record_type"":""curriculum_resource"",""recorded_at"":""2026-08-25T00:40:00+02:00"",""source_file"":""04_mirrors/id/program-matematika-indonesia/backend/v1/program-matematika-indonesia-v0.51.2/backend.json"",""source_row"":20,""source_sha256"":""5e6a207b19421ca985b0f0a1210c621e4c13f9a2f67e913f658298702c1181e9"",""stable_key"":""C140"",""status"":""production""}"
urn:uuid:1c4c6dd4-9c14-5af4-aee1-c4a702b5231a,C20,production,2026-08-25T00:40:00+02:00,04_mirrors/id/program-matematika-indonesia/backend/v1/program-matematika-indonesia-v0.51.2/backend.json,5e6a207b19421ca985b0f0a1210c621e4c13f9a2f67e913f658298702c1181e9,21,"{""id"":""urn:uuid:1c4c6dd4-9c14-5af4-aee1-c4a702b5231a"",""payload"":{""archive_url"":""https://doi.org/10.5281/zenodo.22082567"",""baseline_family"":""other_open_mathematics"",""course_key"":""C20"",""course_state"":""production"",""learner_start_url"":""https://github.com/KokunoYumeto/lebl-mathematics-family-id/releases/tag/lebl-family-id-wip.2026.08.24.u336"",""outcome"":""Bekerja fasih dengan abstraksi ruang metrik dan bukti analitik multivariabel."",""owner_lane"":""R006-R008"",""prerequisite_course_keys"":[""C10"",""B50""],""repository_url"":""https://github.com/KokunoYumeto/lebl-mathematics-family-id"",""scope"":""Barisan fungsi, ruang metrik, diferensiasi dan integrasi multivariabel, serta konstruksi limit."",""selected_resource_title"":""Lebl — Basic Analysis, Volume II"",""stage"":""C"",""title"":""Analisis Real II"",""unit_mapping_state"":""out_of_current_unit_mapping_baseline"",""zenodo_url"":""https://doi.org/10.5281/zenodo.22082567""},""record_type"":""curriculum_resource"",""recorded_at"":""2026-08-25T00:40:00+02:00"",""source_file"":""04_mirrors/id/program-matematika-indonesia/backend/v1/program-matematika-indonesia-v0.51.2/backend.json"",""source_row"":21,""source_sha256"":""5e6a207b19421ca985b0f0a1210c621e4c13f9a2f67e913f658298702c1181e9"",""stable_key"":""C20"",""status"":""production""}"
urn:uuid:ae0be3a3-7f32-51c2-b615-20bce3f0f6db,C30,published,2026-08-25T00:40:00+02:00,04_mirrors/id/program-matematika-indonesia/backend/v1/program-matematika-indonesia-v0.51.2/backend.json,5e6a207b19421ca985b0f0a1210c621e4c13f9a2f67e913f658298702c1181e9,22,"{""id"":""urn:uuid:ae0be3a3-7f32-51c2-b615-20bce3f0f6db"",""payload"":{""archive_url"":""https://doi.org/10.5281/zenodo.22062449"",""baseline_family"":""other_open_mathematics"",""course_key"":""C30"",""course_state"":""published"",""learner_start_url"":""https://kokunoyumeto.github.io/abstract-algebra-theory-and-applications-id/"",""outcome"":""Bernalar secara struktural dengan objek aljabar dan membuktikan hasil dari aksioma."",""owner_lane"":""R009"",""prerequisite_course_keys"":[""B10"",""B40""],""repository_url"":""https://github.com/KokunoYumeto/abstract-algebra-theory-and-applications-id"",""scope"":""Grup, subgrup, homomorfisme, struktur hasil bagi, aksi grup, dan penerapan simetri."",""selected_resource_title"":""Judson — Abstract Algebra: Theory and Applications"",""stage"":""C"",""title"":""Aljabar Abstrak I"",""unit_mapping_state"":""out_of_current_unit_mapping_baseline"",""zenodo_url"":""https://doi.org/10.5281/zenodo.22062449""},""record_type"":""curriculum_resource"",""recorded_at"":""2026-08-25T00:40:00+02:00"",""source_file"":""04_mirrors/id/program-matematika-indonesia/backend/v1/program-matematika-indonesia-v0.51.2/backend.json"",""source_row"":22,""source_sha256"":""5e6a207b19421ca985b0f0a1210c621e4c13f9a2f67e913f658298702c1181e9"",""stable_key"":""C30"",""status"":""published""}"
urn:uuid:babee290-de2d-5c96-928d-e462c4fd3829,C40,published,2026-08-25T00:40:00+02:00,04_mirrors/id/program-matematika-indonesia/backend/v1/program-matematika-indonesia-v0.51.2/backend.json,5e6a207b19421ca985b0f0a1210c621e4c13f9a2f67e913f658298702c1181e9,23,"{""id"":""urn:uuid:babee290-de2d-5c96-928d-e462c4fd3829"",""payload"":{""archive_url"":""https://doi.org/10.5281/zenodo.22062449"",""baseline_family"":""other_open_mathematics"",""course_key"":""C40"",""course_state"":""published"",""learner_start_url"":""https://kokunoyumeto.github.io/abstract-algebra-theory-and-applications-id/"",""outcome"":""Menggunakan struktur aljabar untuk menganalisis persamaan, faktorisasi, dan perluasan medan."",""owner_lane"":""R009"",""prerequisite_course_keys"":[""C30""],""repository_url"":""https://github.com/KokunoYumeto/abstract-algebra-theory-and-applications-id"",""scope"":""Gelanggang, ideal, gelanggang hasil bagi, domain integral, polinom, medan, perluasan, dan teori Galois awal."",""selected_resource_title"":""Judson — Abstract Algebra: Theory and Applications"",""stage"":""C"",""title"":""Aljabar Abstrak II"",""unit_mapping_state"":""out_of_current_unit_mapping_baseline"",""zenodo_url"":""https://doi.org/10.5281/zenodo.22062449""},""record_type"":""curriculum_resource"",""recorded_at"":""2026-08-25T00:40:00+02:00"",""source_file"":""04_mirrors/id/program-matematika-indonesia/backend/v1/program-matematika-indonesia-v0.51.2/backend.json"",""source_row"":23,""source_sha256"":""5e6a207b19421ca985b0f0a1210c621e4c13f9a2f67e913f658298702c1181e9"",""stable_key"":""C40"",""status"":""published""}"
urn:uuid:bb2a588d-936d-5ec8-9e0f-84e84474a92a,C50,production,2026-08-25T00:40:00+02:00,04_mirrors/id/program-matematika-indonesia/backend/v1/program-matematika-indonesia-v0.51.2/backend.json,5e6a207b19421ca985b0f0a1210c621e4c13f9a2f67e913f658298702c1181e9,24,"{""id"":""urn:uuid:bb2a588d-936d-5ec8-9e0f-84e84474a92a"",""payload"":{""archive_url"":""https://doi.org/10.5281/zenodo.22082567"",""baseline_family"":""other_open_mathematics"",""course_key"":""C50"",""course_state"":""production"",""learner_start_url"":""https://github.com/KokunoYumeto/lebl-mathematics-family-id/releases/tag/lebl-family-id-wip.2026.08.24.u336"",""outcome"":""Membaca dan menghasilkan pembuktian analisis kompleks pada tingkat masuk pascasarjana."",""owner_lane"":""R006-R008"",""prerequisite_course_keys"":[""C20""],""repository_url"":""https://github.com/KokunoYumeto/lebl-mathematics-family-id"",""scope"":""Fungsi holomorf, integrasi kontur, teori Cauchy, residu, keluarga normal, pemetaan konformal, fungsi harmonik, dan kelanjutan analitik."",""selected_resource_title"":""Korpus analisis kompleks Lebl"",""stage"":""C"",""title"":""Analisis Kompleks"",""unit_mapping_state"":""out_of_current_unit_mapping_baseline"",""zenodo_url"":""https://doi.org/10.5281/zenodo.22082567""},""record_type"":""curriculum_resource"",""recorded_at"":""2026-08-25T00:40:00+02:00"",""source_file"":""04_mirrors/id/program-matematika-indonesia/backend/v1/program-matematika-indonesia-v0.51.2/backend.json"",""source_row"":24,""source_sha256"":""5e6a207b19421ca985b0f0a1210c621e4c13f9a2f67e913f658298702c1181e9"",""stable_key"":""C50"",""status"":""production""}"
urn:uuid:b1979f8e-a53a-5a70-8e20-ff2785571ee9,C60,published,2026-08-25T00:40:00+02:00,04_mirrors/id/program-matematika-indonesia/backend/v1/program-matematika-indonesia-v0.51.2/backend.json,5e6a207b19421ca985b0f0a1210c621e4c13f9a2f67e913f658298702c1181e9,25,"{""id"":""urn:uuid:b1979f8e-a53a-5a70-8e20-ff2785571ee9"",""payload"":{""archive_url"":""https://doi.org/10.5281/zenodo.22052196"",""baseline_family"":""other_open_mathematics"",""course_key"":""C60"",""course_state"":""published"",""learner_start_url"":""https://kokunoyumeto.github.io/yet-another-introductory-number-theory-textbook-id/"",""outcome"":""Membuktikan hasil teori bilangan elementer dan menganalisis asumsi matematika di balik kriptosistem dasar."",""owner_lane"":""R014"",""prerequisite_course_keys"":[""B10"",""C30""],""repository_url"":""https://github.com/KokunoYumeto/yet-another-introductory-number-theory-textbook-id"",""scope"":""Keterbagian, kongruensi, bilangan prima, fungsi aritmetika, masalah Diophantus, dan konstruksi kriptografi kunci publik."",""selected_resource_title"":""Jonathan Poritz — Yet Another Introductory Number Theory Textbook"",""stage"":""C"",""title"":""Teori Bilangan dan Kriptologi"",""unit_mapping_state"":""out_of_current_unit_mapping_baseline"",""zenodo_url"":""https://doi.org/10.5281/zenodo.22052196""},""record_type"":""curriculum_resource"",""recorded_at"":""2026-08-25T00:40:00+02:00"",""source_file"":""04_mirrors/id/program-matematika-indonesia/backend/v1/program-matematika-indonesia-v0.51.2/backend.json"",""source_row"":25,""source_sha256"":""5e6a207b19421ca985b0f0a1210c621e4c13f9a2f67e913f658298702c1181e9"",""stable_key"":""C60"",""status"":""published""}"
urn:uuid:c5d8d0ac-4bd2-53cf-8a6e-817af2426bb3,C70,published,2026-08-25T00:40:00+02:00,04_mirrors/id/program-matematika-indonesia/backend/v1/program-matematika-indonesia-v0.51.2/backend.json,5e6a207b19421ca985b0f0a1210c621e4c13f9a2f67e913f658298702c1181e9,26,"{""id"":""urn:uuid:c5d8d0ac-4bd2-53cf-8a6e-817af2426bb3"",""payload"":{""archive_url"":""https://doi.org/10.5281/zenodo.22062005"",""baseline_family"":""other_open_mathematics"",""course_key"":""C70"",""course_state"":""published"",""learner_start_url"":""https://kokunoyumeto.github.io/applied-combinatorics-id/"",""outcome"":""Memilih dan membenarkan model serta teknik pembuktian kombinatorial untuk berbagai masalah diskrit."",""owner_lane"":""R012"",""prerequisite_course_keys"":[""B10""],""repository_url"":""https://github.com/KokunoYumeto/applied-combinatorics-id"",""scope"":""Pencacahan lanjut, rekurensi, fungsi pembangkit, teori graf, himpunan terurut sebagian, dan metode ekstremal."",""selected_resource_title"":""Keller–Trotter — Applied Combinatorics"",""stage"":""C"",""title"":""Kombinatorika Terapan"",""unit_mapping_state"":""out_of_current_unit_mapping_baseline"",""zenodo_url"":""https://doi.org/10.5281/zenodo.22062005""},""record_type"":""curriculum_resource"",""recorded_at"":""2026-08-25T00:40:00+02:00"",""source_file"":""04_mirrors/id/program-matematika-indonesia/backend/v1/program-matematika-indonesia-v0.51.2/backend.json"",""source_row"":26,""source_sha256"":""5e6a207b19421ca985b0f0a1210c621e4c13f9a2f67e913f658298702c1181e9"",""stable_key"":""C70"",""status"":""published""}"
urn:uuid:61072a4d-fb26-539e-a26b-67fc8e664157,C80,published,2026-08-25T00:40:00+02:00,04_mirrors/id/program-matematika-indonesia/backend/v1/program-matematika-indonesia-v0.51.2/backend.json,5e6a207b19421ca985b0f0a1210c621e4c13f9a2f67e913f658298702c1181e9,27,"{""id"":""urn:uuid:61072a4d-fb26-539e-a26b-67fc8e664157"",""payload"":{""archive_url"":""https://doi.org/10.5281/zenodo.21932787"",""baseline_family"":""open_logic_project"",""course_key"":""C80"",""course_state"":""published"",""learner_start_url"":""https://zenodo.org/records/21932787/files/00_OPENLOGIC_id_COMPLETE_LINKED_READER_OLP-0722.pdf?download=1"",""outcome"":""Memahami batas formal dan kerangka fondasional dalam praktik matematika biasa."",""owner_lane"":""R013"",""prerequisite_course_keys"":[""B10""],""repository_url"":""https://github.com/KokunoYumeto/OpenLogic-id"",""scope"":""Bahasa dan semantik formal, sistem bukti, ketaklengkapan, fondasi komputabilitas, teori himpunan aksiomatik, dan teori model awal."",""selected_resource_title"":""Open Logic Project — OLP-0722, 722/722 modul"",""stage"":""C"",""title"":""Logika Matematis, Teori Himpunan, dan Komputabilitas"",""unit_mapping_state"":""active_research_unmaterialized"",""zenodo_url"":""https://doi.org/10.5281/zenodo.21932787""},""record_type"":""curriculum_resource"",""recorded_at"":""2026-08-25T00:40:00+02:00"",""source_file"":""04_mirrors/id/program-matematika-indonesia/backend/v1/program-matematika-indonesia-v0.51.2/backend.json"",""source_row"":27,""source_sha256"":""5e6a207b19421ca985b0f0a1210c621e4c13f9a2f67e913f658298702c1181e9"",""stable_key"":""C80"",""status"":""published""}"
urn:uuid:3875091c-d258-5274-8683-069930b2cfe8,C90,production,2026-08-25T00:40:00+02:00,04_mirrors/id/program-matematika-indonesia/backend/v1/program-matematika-indonesia-v0.51.2/backend.json,5e6a207b19421ca985b0f0a1210c621e4c13f9a2f67e913f658298702c1181e9,28,"{""id"":""urn:uuid:3875091c-d258-5274-8683-069930b2cfe8"",""payload"":{""archive_url"":null,""baseline_family"":""other_open_mathematics"",""course_key"":""C90"",""course_state"":""production"",""learner_start_url"":null,""outcome"":""Menggunakan invarian dan konstruksi topologis sebagai bahasa bersama analisis, geometri, dan aljabar."",""owner_lane"":""O003"",""prerequisite_course_keys"":[""B10"",""C10""],""repository_url"":""https://github.com/KokunoYumeto/topology-an-inquiry-based-approach-id"",""scope"":""Ruang topologis, basis, kontinuitas, produk dan hasil bagi, kekompakan, keterhubungan, aksioma pemisahan, keterhitungan, metrisasi, dan ruang fungsi."",""selected_resource_title"":""GVSU Topology lengkap + pendamping PreTeXt asli"",""stage"":""C"",""title"":""Topologi Himpunan-Titik"",""unit_mapping_state"":""out_of_current_unit_mapping_baseline"",""zenodo_url"":null},""record_type"":""curriculum_resource"",""recorded_at"":""2026-08-25T00:40:00+02:00"",""source_file"":""04_mirrors/id/program-matematika-indonesia/backend/v1/program-matematika-indonesia-v0.51.2/backend.json"",""source_row"":28,""source_sha256"":""5e6a207b19421ca985b0f0a1210c621e4c13f9a2f67e913f658298702c1181e9"",""stable_key"":""C90"",""status"":""production""}"
urn:uuid:f36d92b8-eca6-55cb-9117-2a40afb837c7,D10,production,2026-08-25T00:40:00+02:00,04_mirrors/id/program-matematika-indonesia/backend/v1/program-matematika-indonesia-v0.51.2/backend.json,5e6a207b19421ca985b0f0a1210c621e4c13f9a2f67e913f658298702c1181e9,29,"{""id"":""urn:uuid:f36d92b8-eca6-55cb-9117-2a40afb837c7"",""payload"":{""archive_url"":null,""baseline_family"":""other_open_mathematics"",""course_key"":""D10"",""course_state"":""production"",""learner_start_url"":null,""outcome"":""Menggunakan teori integrasi modern sebagai dasar peluang, analisis fungsional, dan PDP."",""owner_lane"":""O007"",""prerequisite_course_keys"":[""C20"",""C90""],""repository_url"":""https://github.com/KokunoYumeto/fremlin-measure-theory-id"",""scope"":""Sigma-aljabar, ukuran, fungsi terukur, integral Lebesgue, teorema konvergensi, ukuran produk, Radon–Nikodym, dan ruang Lp."",""selected_resource_title"":""Fremlin — Measure Theory Jilid 1–2"",""stage"":""D"",""title"":""Ukuran dan Integrasi"",""unit_mapping_state"":""out_of_current_unit_mapping_baseline"",""zenodo_url"":null},""record_type"":""curriculum_resource"",""recorded_at"":""2026-08-25T00:40:00+02:00"",""source_file"":""04_mirrors/id/program-matematika-indonesia/backend/v1/program-matematika-indonesia-v0.51.2/backend.json"",""source_row"":29,""source_sha256"":""5e6a207b19421ca985b0f0a1210c621e4c13f9a2f67e913f658298702c1181e9"",""stable_key"":""D10"",""status"":""production""}"
urn:uuid:8228e335-32e5-51dd-aa27-a9dee0c1c616,D100,production,2026-08-25T00:40:00+02:00,04_mirrors/id/program-matematika-indonesia/backend/v1/program-matematika-indonesia-v0.51.2/backend.json,5e6a207b19421ca985b0f0a1210c621e4c13f9a2f67e913f658298702c1181e9,30,"{""id"":""urn:uuid:8228e335-32e5-51dd-aa27-a9dee0c1c616"",""payload"":{""archive_url"":""https://doi.org/10.5281/zenodo.22077441"",""baseline_family"":""other_open_mathematics"",""course_key"":""D100"",""course_state"":""production"",""learner_start_url"":""https://zenodo.org/records/22077441/files/kurva-aljabar-id-unit-15.pdf?download=1"",""outcome"":""Berpindah dari aljabar pascasarjana ke geometri aljabar tingkat sumber dan menavigasi korpus rujukan hidup."",""owner_lane"":""O016"",""prerequisite_course_keys"":[""D70"",""D80"",""C90"",""D60""],""repository_url"":""https://github.com/KokunoYumeto/algebraic-geometry-bridge-id"",""scope"":""Varietas afin/projektif, gelanggang koordinat, skema, sheaf, morfisme, dimensi, orientasi kohomologis, dan penggunaan terpandu Stacks Project."",""selected_resource_title"":""Brenner Algebraische Kurven lengkap (337 halaman) + Bündel, Garben und Kohomologie lengkap (265 halaman) + penutupan penguasaan dan integrasi asli"",""stage"":""D"",""title"":""Jembatan Geometri Aljabar"",""unit_mapping_state"":""out_of_current_unit_mapping_baseline"",""zenodo_url"":""https://doi.org/10.5281/zenodo.22077441""},""record_type"":""curriculum_resource"",""recorded_at"":""2026-08-25T00:40:00+02:00"",""source_file"":""04_mirrors/id/program-matematika-indonesia/backend/v1/program-matematika-indonesia-v0.51.2/backend.json"",""source_row"":30,""source_sha256"":""5e6a207b19421ca985b0f0a1210c621e4c13f9a2f67e913f658298702c1181e9"",""stable_key"":""D100"",""status"":""production""}"
urn:uuid:043a149c-49fe-5432-9ca3-ef520be2f1ea,D110,published,2026-08-25T00:40:00+02:00,04_mirrors/id/program-matematika-indonesia/backend/v1/program-matematika-indonesia-v0.51.2/backend.json,5e6a207b19421ca985b0f0a1210c621e4c13f9a2f67e913f658298702c1181e9,31,"{""id"":""urn:uuid:043a149c-49fe-5432-9ca3-ef520be2f1ea"",""payload"":{""archive_url"":""https://doi.org/10.5281/zenodo.22062017"",""baseline_family"":""other_open_mathematics"",""course_key"":""D110"",""course_state"":""published"",""learner_start_url"":""https://kokunoyumeto.github.io/mathematics-in-lean-id/"",""outcome"":""Mengodekan dan memverifikasi matematika nontrivial serta menyumbangkan koreksi atau contoh berbatas."",""owner_lane"":""LEAN"",""prerequisite_course_keys"":[""B10"",""B40"",""C10"",""C30""],""repository_url"":""https://github.com/KokunoYumeto/mathematics-in-lean-id"",""scope"":""Sintaks dan taktik Lean, proposisi dan bukti, himpunan/fungsi, struktur aljabar, contoh topologi/analisis, dan navigasi pustaka."",""selected_resource_title"":""Mathematics in Lean — korpus Lean 4 lengkap"",""stage"":""D"",""title"":""Matematika Terformalisasi dalam Lean"",""unit_mapping_state"":""out_of_current_unit_mapping_baseline"",""zenodo_url"":""https://doi.org/10.5281/zenodo.22062017""},""record_type"":""curriculum_resource"",""recorded_at"":""2026-08-25T00:40:00+02:00"",""source_file"":""04_mirrors/id/program-matematika-indonesia/backend/v1/program-matematika-indonesia-v0.51.2/backend.json"",""source_row"":31,""source_sha256"":""5e6a207b19421ca985b0f0a1210c621e4c13f9a2f67e913f658298702c1181e9"",""stable_key"":""D110"",""status"":""published""}"
urn:uuid:6bbfdeb8-cc00-5ced-9d33-c1983ce90afb,D120,production,2026-08-25T00:40:00+02:00,04_mirrors/id/program-matematika-indonesia/backend/v1/program-matematika-indonesia-v0.51.2/backend.json,5e6a207b19421ca985b0f0a1210c621e4c13f9a2f67e913f658298702c1181e9,32,"{""id"":""urn:uuid:6bbfdeb8-cc00-5ced-9d33-c1983ce90afb"",""payload"":{""archive_url"":""https://doi.org/10.5281/zenodo.22051978"",""baseline_family"":""other_open_mathematics"",""course_key"":""D120"",""course_state"":""production"",""learner_start_url"":""https://zenodo.org/records/22051978/files/kerja-matematika-yang-dapat-ditelusuri-id-2026.08.22.pdf?download=1"",""outcome"":""Berpartisipasi secara konstruktif dalam komunitas matematika sambil menyatakan dependensi, bukti, dan ketidakpastian secara tepat."",""owner_lane"":""O017"",""prerequisite_course_keys"":[""C20"",""C40"",""B80""],""repository_url"":""https://github.com/KokunoYumeto/kerja-matematika-yang-dapat-ditelusuri-id"",""scope"":""Membaca artikel dan monograf, rekonstruksi sumber, sitasi, tulisan ekspositoris, catatan seminar, errata, komputasi reprodusibel, kritik sejawat, dan proyek kontribusi."",""selected_resource_title"":""Kerja Matematika yang Dapat Ditelusuri — rangka asli sembilan unit + donor metodologis Turing Way/PyRSE yang dibekukan"",""stage"":""D"",""title"":""Membaca Riset, Eksposisi, dan Kerja Matematis Reprodusibel"",""unit_mapping_state"":""out_of_current_unit_mapping_baseline"",""zenodo_url"":""https://doi.org/10.5281/zenodo.22051978""},""record_type"":""curriculum_resource"",""recorded_at"":""2026-08-25T00:40:00+02:00"",""source_file"":""04_mirrors/id/program-matematika-indonesia/backend/v1/program-matematika-indonesia-v0.51.2/backend.json"",""source_row"":32,""source_sha256"":""5e6a207b19421ca985b0f0a1210c621e4c13f9a2f67e913f658298702c1181e9"",""stable_key"":""D120"",""status"":""production""}"
urn:uuid:d2639c6f-6f1f-5a9a-9794-35795efb2af9,D20,production,2026-08-25T00:40:00+02:00,04_mirrors/id/program-matematika-indonesia/backend/v1/program-matematika-indonesia-v0.51.2/backend.json,5e6a207b19421ca985b0f0a1210c621e4c13f9a2f67e913f658298702c1181e9,33,"{""id"":""urn:uuid:d2639c6f-6f1f-5a9a-9794-35795efb2af9"",""payload"":{""archive_url"":""https://doi.org/10.5281/zenodo.22072541"",""baseline_family"":""other_open_mathematics"",""course_key"":""D20"",""course_state"":""production"",""learner_start_url"":""https://zenodo.org/records/22072541/files/analisis-fungsional-dan-aljabar-operator-id-bab-1-12.pdf?download=1"",""outcome"":""Bernalar dengan ruang dan operator berdimensi tak hingga pada tingkat pascasarjana awal."",""owner_lane"":""O008"",""prerequisite_course_keys"":[""D10"",""B40""],""repository_url"":""https://github.com/KokunoYumeto/functional-analysis-erdman-id"",""scope"":""Ruang bernorma, Banach dan Hilbert; operator terbatas; Hahn–Banach; boundedness seragam; pemetaan terbuka; dualitas; teori kompak dan spektral."",""selected_resource_title"":""Erdman — Functional Analysis"",""stage"":""D"",""title"":""Analisis Fungsional"",""unit_mapping_state"":""out_of_current_unit_mapping_baseline"",""zenodo_url"":""https://doi.org/10.5281/zenodo.22072541""},""record_type"":""curriculum_resource"",""recorded_at"":""2026-08-25T00:40:00+02:00"",""source_file"":""04_mirrors/id/program-matematika-indonesia/backend/v1/program-matematika-indonesia-v0.51.2/backend.json"",""source_row"":33,""source_sha256"":""5e6a207b19421ca985b0f0a1210c621e4c13f9a2f67e913f658298702c1181e9"",""stable_key"":""D20"",""status"":""production""}"
urn:uuid:716b1357-4acd-55d3-b525-641d85fee48d,D30,production,2026-08-25T00:40:00+02:00,04_mirrors/id/program-matematika-indonesia/backend/v1/program-matematika-indonesia-v0.51.2/backend.json,5e6a207b19421ca985b0f0a1210c621e4c13f9a2f67e913f658298702c1181e9,34,"{""id"":""urn:uuid:716b1357-4acd-55d3-b525-641d85fee48d"",""payload"":{""archive_url"":""https://doi.org/10.5281/zenodo.22074332"",""baseline_family"":""other_open_mathematics"",""course_key"":""D30"",""course_state"":""production"",""learner_start_url"":""https://zenodo.org/api/records/22074332/files/00_PROBABILITAS_TEORI_UKURAN_PROSES_STOKASTIK_ID_READER_CHECKPOINT_20.pdf/content"",""outcome"":""Membaca literatur peluang modern dan proses stokastik dengan kefasihan teori ukuran."",""owner_lane"":""O009"",""prerequisite_course_keys"":[""D10"",""B90"",""C140""],""repository_url"":""https://github.com/KokunoYumeto/measure-theoretic-probability-stochastic-processes-id"",""scope"":""Ruang peluang, modus konvergensi, hukum bilangan besar, limit pusat, harapan bersyarat, martingal, proses Markov/Poisson, dan gerak Brown."",""selected_resource_title"":""27 halaman semantik Random + QuantEcon — Continuous Time Markov Chains (100 hlm.) + 2 irisan laboratorium Žitković + penutupan asli"",""stage"":""D"",""title"":""Probabilitas Teoretis-Ukuran dan Proses Stokastik"",""unit_mapping_state"":""out_of_current_unit_mapping_baseline"",""zenodo_url"":""https://doi.org/10.5281/zenodo.22074332""},""record_type"":""curriculum_resource"",""recorded_at"":""2026-08-25T00:40:00+02:00"",""source_file"":""04_mirrors/id/program-matematika-indonesia/backend/v1/program-matematika-indonesia-v0.51.2/backend.json"",""source_row"":34,""source_sha256"":""5e6a207b19421ca985b0f0a1210c621e4c13f9a2f67e913f658298702c1181e9"",""stable_key"":""D30"",""status"":""production""}"
urn:uuid:a4812d0d-7dad-5aa1-80eb-558933595fae,D40,production,2026-08-25T00:40:00+02:00,04_mirrors/id/program-matematika-indonesia/backend/v1/program-matematika-indonesia-v0.51.2/backend.json,5e6a207b19421ca985b0f0a1210c621e4c13f9a2f67e913f658298702c1181e9,35,"{""id"":""urn:uuid:a4812d0d-7dad-5aa1-80eb-558933595fae"",""payload"":{""archive_url"":""https://doi.org/10.5281/zenodo.22086227"",""baseline_family"":""other_open_mathematics"",""course_key"":""D40"",""course_state"":""production"",""learner_start_url"":""https://zenodo.org/records/22086227/files/PERSAMAAN_DIFERENSIAL_PARSIAL_DIONNE_ID_UNIT_09.pdf?download=1"",""outcome"":""Mengenali tipe PDP, membuktikan hasil dasar, dan membedakan solusi klasik, lemah, serta numerik."",""owner_lane"":""O010"",""prerequisite_course_keys"":[""B70"",""C110"",""D10"",""D20""],""repository_url"":null,""scope"":""Persamaan orde satu dan dua klasik, distribusi, ruang Sobolev, solusi lemah, metode energi dan Fourier, serta titik kontak numerik."",""selected_resource_title"":""Dionne — Partial Differential Equations lengkap + 8 simpul FEniCSx (7 wajib + 1 pengayaan) + penutupan soal, asesmen, dan laboratorium asli"",""stage"":""D"",""title"":""Persamaan Diferensial Parsial"",""unit_mapping_state"":""out_of_current_unit_mapping_baseline"",""zenodo_url"":""https://doi.org/10.5281/zenodo.22086227""},""record_type"":""curriculum_resource"",""recorded_at"":""2026-08-25T00:40:00+02:00"",""source_file"":""04_mirrors/id/program-matematika-indonesia/backend/v1/program-matematika-indonesia-v0.51.2/backend.json"",""source_row"":35,""source_sha256"":""5e6a207b19421ca985b0f0a1210c621e4c13f9a2f67e913f658298702c1181e9"",""stable_key"":""D40"",""status"":""production""}"
urn:uuid:1d6c47ba-4f6d-55cc-95df-2cdc13168e4d,D50,production,2026-08-25T00:40:00+02:00,04_mirrors/id/program-matematika-indonesia/backend/v1/program-matematika-indonesia-v0.51.2/backend.json,5e6a207b19421ca985b0f0a1210c621e4c13f9a2f67e913f658298702c1181e9,36,"{""id"":""urn:uuid:1d6c47ba-4f6d-55cc-95df-2cdc13168e4d"",""payload"":{""archive_url"":""https://doi.org/10.5281/zenodo.22073928"",""baseline_family"":""other_open_mathematics"",""course_key"":""D50"",""course_state"":""production"",""learner_start_url"":""https://zenodo.org/api/records/22073928/files/geometri-diferensial-manifold-mulus-hingga-unit-10-id.pdf/content"",""outcome"":""Menggunakan bahasa geometri bebas koordinat dan membuktikan hasil dasar tentang lipatan serta kelengkungan."",""owner_lane"":""O011"",""prerequisite_course_keys"":[""C90"",""B60"",""C30""],""repository_url"":null,""scope"":""Lipatan, struktur tangen dan kotangen, bentuk diferensial, integrasi dan Stokes, grup Lie, metrik Riemann, koneksi, dan kelengkungan."",""selected_resource_title"":""Brenner lengkap — 29 kuliah + 29 lembar kerja; dua jembatan asli grup Lie/de Rham; bank 10 ujian resmi"",""stage"":""D"",""title"":""Lipatan Mulus dan Geometri Diferensial"",""unit_mapping_state"":""out_of_current_unit_mapping_baseline"",""zenodo_url"":""https://doi.org/10.5281/zenodo.22073928""},""record_type"":""curriculum_resource"",""recorded_at"":""2026-08-25T00:40:00+02:00"",""source_file"":""04_mirrors/id/program-matematika-indonesia/backend/v1/program-matematika-indonesia-v0.51.2/backend.json"",""source_row"":36,""source_sha256"":""5e6a207b19421ca985b0f0a1210c621e4c13f9a2f67e913f658298702c1181e9"",""stable_key"":""D50"",""status"":""production""}"
urn:uuid:f0374ad0-3881-586c-a7e9-c8745c4e46c6,D60,production,2026-08-25T00:40:00+02:00,04_mirrors/id/program-matematika-indonesia/backend/v1/program-matematika-indonesia-v0.51.2/backend.json,5e6a207b19421ca985b0f0a1210c621e4c13f9a2f67e913f658298702c1181e9,37,"{""id"":""urn:uuid:f0374ad0-3881-586c-a7e9-c8745c4e46c6"",""payload"":{""archive_url"":""https://doi.org/10.5281/zenodo.22084021"",""baseline_family"":""other_open_mathematics"",""course_key"":""D60"",""course_state"":""production"",""learner_start_url"":""https://zenodo.org/api/records/22084021/files/00_TOPOLOGI_ALJABAR_ID_ROBERTS_001_030_FOMBERG_001_READER.pdf/content"",""outcome"":""Menerjemahkan pertanyaan geometri menjadi invarian aljabar yang dapat dihitung dan merekonstruksi bukti standar."",""owner_lane"":""O012"",""prerequisite_course_keys"":[""C90"",""C30""],""repository_url"":""https://github.com/KokunoYumeto/algebraic-topology-id"",""scope"":""Grup fundamental, ruang penutup, homologi simplisial/seluler, kohomologi, barisan eksak, derajat, dan metode homotopi terpilih."",""selected_resource_title"":""Roberts lengkap (30 kuliah) + jembatan homologi Fomberg §§1.1–1.13 + penutupan bukti, solusi, dan laboratorium asli"",""stage"":""D"",""title"":""Topologi Aljabar"",""unit_mapping_state"":""out_of_current_unit_mapping_baseline"",""zenodo_url"":""https://doi.org/10.5281/zenodo.22084021""},""record_type"":""curriculum_resource"",""recorded_at"":""2026-08-25T00:40:00+02:00"",""source_file"":""04_mirrors/id/program-matematika-indonesia/backend/v1/program-matematika-indonesia-v0.51.2/backend.json"",""source_row"":37,""source_sha256"":""5e6a207b19421ca985b0f0a1210c621e4c13f9a2f67e913f658298702c1181e9"",""stable_key"":""D60"",""status"":""production""}"
urn:uuid:6c6e67b3-c31d-5ff9-b6db-53dd65b1bfc8,D70,production,2026-08-25T00:40:00+02:00,04_mirrors/id/program-matematika-indonesia/backend/v1/program-matematika-indonesia-v0.51.2/backend.json,5e6a207b19421ca985b0f0a1210c621e4c13f9a2f67e913f658298702c1181e9,38,"{""id"":""urn:uuid:6c6e67b3-c31d-5ff9-b6db-53dd65b1bfc8"",""payload"":{""archive_url"":null,""baseline_family"":""other_open_mathematics"",""course_key"":""D70"",""course_state"":""production"",""learner_start_url"":null,""outcome"":""Memasuki literatur aljabar pascasarjana dengan penguasaan konstruksi universal dan bukti struktural."",""owner_lane"":""O013"",""prerequisite_course_keys"":[""C40"",""B40""],""repository_url"":""https://github.com/KokunoYumeto/metode-aljabar-jilid-1-id"",""scope"":""Modul, hasil kali tensor, barisan eksak, teori medan/Galois lanjut, aljabar komutatif, teori representasi, dan struktur untuk geometri/topologi."",""selected_resource_title"":""Wen-Wei Li Jilid 1 lengkap + TeX teori representasi Alexander Duncan berlisensi CC BY 4.0 + enam rentang CRing/GFDL berbatas + lapisan penghubung dan solusi asli"",""stage"":""D"",""title"":""Aljabar Pascasarjana"",""unit_mapping_state"":""out_of_current_unit_mapping_baseline"",""zenodo_url"":null},""record_type"":""curriculum_resource"",""recorded_at"":""2026-08-25T00:40:00+02:00"",""source_file"":""04_mirrors/id/program-matematika-indonesia/backend/v1/program-matematika-indonesia-v0.51.2/backend.json"",""source_row"":38,""source_sha256"":""5e6a207b19421ca985b0f0a1210c621e4c13f9a2f67e913f658298702c1181e9"",""stable_key"":""D70"",""status"":""production""}"
urn:uuid:288f8a2b-6785-5216-81ce-ae211ab22eb6,D80,production,2026-08-25T00:40:00+02:00,04_mirrors/id/program-matematika-indonesia/backend/v1/program-matematika-indonesia-v0.51.2/backend.json,5e6a207b19421ca985b0f0a1210c621e4c13f9a2f67e913f658298702c1181e9,39,"{""id"":""urn:uuid:288f8a2b-6785-5216-81ce-ae211ab22eb6"",""payload"":{""archive_url"":null,""baseline_family"":""other_open_mathematics"",""course_key"":""D80"",""course_state"":""production"",""learner_start_url"":null,""outcome"":""Menggunakan bahasa kategoris sebagai matematika kerja, bukan hiasan abstrak."",""owner_lane"":""O014"",""prerequisite_course_keys"":[""C30"",""C80""],""repository_url"":null,""scope"":""Kategori, funktor, transformasi natural, limit/kolimit, adjungsi, representabilitas, kategori abelian, kompleks rantai, funktor turunan, dan orientasi barisan spektral."",""selected_resource_title"":""Li — Methods of Algebra Volume 2 lengkap"",""stage"":""D"",""title"":""Teori Kategori dan Metode Homologis"",""unit_mapping_state"":""out_of_current_unit_mapping_baseline"",""zenodo_url"":null},""record_type"":""curriculum_resource"",""recorded_at"":""2026-08-25T00:40:00+02:00"",""source_file"":""04_mirrors/id/program-matematika-indonesia/backend/v1/program-matematika-indonesia-v0.51.2/backend.json"",""source_row"":39,""source_sha256"":""5e6a207b19421ca985b0f0a1210c621e4c13f9a2f67e913f658298702c1181e9"",""stable_key"":""D80"",""status"":""production""}"
urn:uuid:84d5102a-5b5a-5c28-97de-f7fea55ec949,D90,production,2026-08-25T00:40:00+02:00,04_mirrors/id/program-matematika-indonesia/backend/v1/program-matematika-indonesia-v0.51.2/backend.json,5e6a207b19421ca985b0f0a1210c621e4c13f9a2f67e913f658298702c1181e9,40,"{""id"":""urn:uuid:84d5102a-5b5a-5c28-97de-f7fea55ec949"",""payload"":{""archive_url"":""https://doi.org/10.5281/zenodo.22077419"",""baseline_family"":""other_open_mathematics"",""course_key"":""D90"",""course_state"":""production"",""learner_start_url"":""https://zenodo.org/records/22077419/files/D90-MIT-10-kuliah-6-irisan-tertutup-dan-hiperbidang-id.pdf?download=1"",""outcome"":""Menganalisis masalah optimisasi kontinu dan algoritma modern melampaui program linear/integer."",""owner_lane"":""O015"",""prerequisite_course_keys"":[""C110"",""C130"",""D20""],""repository_url"":""https://github.com/KokunoYumeto/advanced-optimization-convex-analysis-id"",""scope"":""Himpunan dan fungsi konveks, separasi, dualitas, KKT, algoritma, metode nonsmooth, optimisasi stokastik, dan sudut pandang variasional."",""selected_resource_title"":""Habring arXiv 2607.11664v1 berlisensi CC BY 4.0 sebagai spine TeX kanonik + modul TeX Becker berlisensi MIT + penutupan KKT, stokastik, variasional, dan solusi asli"",""stage"":""D"",""title"":""Optimisasi Lanjut dan Analisis Konveks"",""unit_mapping_state"":""out_of_current_unit_mapping_baseline"",""zenodo_url"":""https://doi.org/10.5281/zenodo.22077419""},""record_type"":""curriculum_resource"",""recorded_at"":""2026-08-25T00:40:00+02:00"",""source_file"":""04_mirrors/id/program-matematika-indonesia/backend/v1/program-matematika-indonesia-v0.51.2/backend.json"",""source_row"":40,""source_sha256"":""5e6a207b19421ca985b0f0a1210c621e4c13f9a2f67e913f658298702c1181e9"",""stable_key"":""D90"",""status"":""production""}"
