order,exercise_id,source_label,exercise_kind,used_later,hint_id,exercise_source,hint_source,status
1,o004.petrunin.ex.ch01.001,ex:dist-square,exercise,false,o004.petrunin.hint.ch01.001,metric.tex,hints.tex,admitted
2,o004.petrunin.ex.ch01.002,ex:d_1+d_2+d_infty,exercise,false,o004.petrunin.hint.ch01.002,metric.tex,hints.tex,admitted
3,o004.petrunin.ex.ch01.003,ex:4-triangle,exercise,false,o004.petrunin.hint.ch01.003,metric.tex,hints.tex,admitted
4,o004.petrunin.ex.ch01.004,ex:dist-preserv=>injective,exercise,false,o004.petrunin.hint.ch01.004,metric.tex,hints.tex,admitted
5,o004.petrunin.ex.ch01.005,ex:motion-of-R,exercise,true,o004.petrunin.hint.ch01.005,metric.tex,hints.tex,admitted
6,o004.petrunin.ex.ch01.006,ex:d_1=d_infty,exercise,false,o004.petrunin.hint.ch01.006,metric.tex,hints.tex,admitted
7,o004.petrunin.ex.ch01.007,ad-ex:motions of Manhattan plane,advanced-exercise,false,o004.petrunin.hint.ch01.007,metric.tex,hints.tex,admitted
8,o004.petrunin.ex.ch01.008,ex:y=|x|,exercise,false,o004.petrunin.hint.ch01.008,metric.tex,hints.tex,admitted
9,o004.petrunin.ex.ch01.009,ex:line-motion,exercise,true,o004.petrunin.hint.ch01.009,metric.tex,hints.tex,admitted
10,o004.petrunin.ex.ch01.010,ex:trig==,exercise,true,o004.petrunin.hint.ch01.010,metric.tex,hints.tex,admitted
11,o004.petrunin.ex.ch01.011,ex:2a=0,exercise,true,o004.petrunin.hint.ch01.011,metric.tex,hints.tex,admitted
12,o004.petrunin.ex.ch01.012,ex:a+b==c,exercise,false,o004.petrunin.hint.ch01.012,metric.tex,hints.tex,admitted
13,o004.petrunin.ex.ch01.013,ex:dist-cont,exercise,true,o004.petrunin.hint.ch01.013,metric.tex,hints.tex,admitted
14,o004.petrunin.ex.ch01.014,ex:comp+cont,exercise,true,o004.petrunin.hint.ch01.014,metric.tex,hints.tex,admitted
15,o004.petrunin.ex.ch01.015,ex:isom-cont,exercise,false,o004.petrunin.hint.ch01.015,metric.tex,hints.tex,admitted
16,o004.petrunin.ex.ch01.016,ex:ncong,exercise,false,o004.petrunin.hint.ch01.016,metric.tex,hints.tex,admitted
17,o004.petrunin.ex.ch02.001,ex:infinite,classroom-exercise,false,o004.petrunin.hint.ch02.001,axioms.tex,hints.tex,admitted
18,o004.petrunin.ex.ch02.002,ex:[OA)=[OA'),exercise,false,o004.petrunin.hint.ch02.002,axioms.tex,hints.tex,admitted
19,o004.petrunin.ex.ch02.003,ex:[OA)=[OB),exercise,true,o004.petrunin.hint.ch02.003,axioms.tex,hints.tex,admitted
20,o004.petrunin.ex.ch02.004,ex:lineAOB,exercise,false,o004.petrunin.hint.ch02.004,axioms.tex,hints.tex,admitted
21,o004.petrunin.ex.ch02.005,ex:ABCO-line,exercise,true,o004.petrunin.hint.ch02.005,axioms.tex,hints.tex,admitted
22,o004.petrunin.ex.ch02.006,ex:infinite-number-of-lines,exercise,false,o004.petrunin.hint.ch02.006,axioms.tex,hints.tex,admitted
23,o004.petrunin.ex.ch02.007,ex:refelection-of-line,exercise,false,o004.petrunin.hint.ch02.007,axioms.tex,hints.tex,admitted
24,o004.petrunin.ex.ch03.001,ex:AOB+<=>BOA-,classroom-exercise,false,o004.petrunin.hint.ch03.001,half-planes.tex,hints.tex,admitted
25,o004.petrunin.ex.ch03.002,ex:PP(PN),exercise,false,o004.petrunin.hint.ch03.002,half-planes.tex,hints.tex,admitted
26,o004.petrunin.ex.ch03.003,ex:between,classroom-exercise,true,o004.petrunin.hint.ch03.003,half-planes.tex,hints.tex,admitted
27,o004.petrunin.ex.ch03.004,ex:vert-intersect,exercise,false,o004.petrunin.hint.ch03.004,half-planes.tex,hints.tex,admitted
28,o004.petrunin.ex.ch03.005,ex:signs-PXQ-PYQ,exercise,true,o004.petrunin.hint.ch03.005,half-planes.tex,hints.tex,admitted
29,o004.petrunin.ex.ch03.006,ex:chevinas,exercise,true,o004.petrunin.hint.ch03.006,half-planes.tex,hints.tex,admitted
30,o004.petrunin.ex.ch03.007,ex:Z,exercise,false,o004.petrunin.hint.ch03.007,half-planes.tex,hints.tex,admitted
31,o004.petrunin.ex.ch03.008,ex:angle-measures,advanced-exercise,false,,half-planes.tex,,admitted-no-source-hint
32,o004.petrunin.ex.ch03.009,ex:intersecting-circles-3,exercise,true,o004.petrunin.hint.ch03.009,half-planes.tex,hints.tex,admitted
33,o004.petrunin.ex.ch04.001,ex:equilateral,exercise,false,o004.petrunin.hint.ch04.001,cong.tex,hints.tex,admitted
34,o004.petrunin.ex.ch04.002,ex:SMS,advanced-exercise,false,o004.petrunin.hint.ch04.002,cong.tex,hints.tex,admitted
35,o004.petrunin.ex.ch04.003,ex:isos-sides,exercise,false,o004.petrunin.hint.ch04.003,cong.tex,hints.tex,admitted
36,o004.petrunin.ex.ch04.004,ex:ABC-motion,exercise,true,o004.petrunin.hint.ch04.004,cong.tex,hints.tex,admitted
37,o004.petrunin.ex.ch04.005,ex:motion,exercise,false,o004.petrunin.hint.ch04.005,cong.tex,hints.tex,admitted
38,o004.petrunin.ex.ch05.001,ex:acute-obtuce,exercise,false,o004.petrunin.hint.ch05.001,perp.tex,hints.tex,admitted
39,o004.petrunin.ex.ch05.002,ex:pbisec-side,advanced-exercise,true,o004.petrunin.hint.ch05.002,perp.tex,hints.tex,admitted
40,o004.petrunin.ex.ch05.003,ex:side-angle,advanced-exercise,true,o004.petrunin.hint.ch05.003,perp.tex,hints.tex,admitted
41,o004.petrunin.ex.ch05.004,ex:pbisec-motion,exercise,false,o004.petrunin.hint.ch05.004,perp.tex,hints.tex,admitted
42,o004.petrunin.ex.ch05.005,ex:construction-perpendicular,advanced-exercise,true,o004.petrunin.hint.ch05.005,perp.tex,hints.tex,admitted
43,o004.petrunin.ex.ch05.006,ex:2-reflections,exercise,false,o004.petrunin.hint.ch05.006,perp.tex,hints.tex,admitted
44,o004.petrunin.ex.ch05.007,ex:3-reflections,advanced-classroom-exercise,true,o004.petrunin.hint.ch05.007,perp.tex,hints.tex,admitted
45,o004.petrunin.ex.ch05.008,ex:right-acute,classroom-exercise,false,o004.petrunin.hint.ch05.008,perp.tex,hints.tex,admitted
46,o004.petrunin.ex.ch05.009,ex:obtuce,advanced-exercise,true,o004.petrunin.hint.ch05.009,perp.tex,hints.tex,admitted
47,o004.petrunin.ex.ch05.010,ex:PMQ,exercise,false,o004.petrunin.hint.ch05.010,perp.tex,hints.tex,admitted
48,o004.petrunin.ex.ch05.011,ex:inside-outside,advanced-exercise,true,o004.petrunin.hint.ch05.011,perp.tex,hints.tex,admitted
49,o004.petrunin.ex.ch05.012,ex:chord-perp,exercise,false,o004.petrunin.hint.ch05.012,perp.tex,hints.tex,admitted
50,o004.petrunin.ex.ch05.013,ex:center,exercise,false,o004.petrunin.hint.ch05.013,perp.tex,hints.tex,admitted
51,o004.petrunin.ex.ch05.014,ex:two-circ,advanced-exercise,true,o004.petrunin.hint.ch05.014,perp.tex,hints.tex,admitted
52,o004.petrunin.ex.ch05.015,ex:tangent-circles,exercise,false,o004.petrunin.hint.ch05.015,perp.tex,hints.tex,admitted
53,o004.petrunin.ex.ch05.016,ex:tangent-circles-3,exercise,false,o004.petrunin.hint.ch05.016,perp.tex,hints.tex,admitted
54,o004.petrunin.ex.ch05.017,ex:tangent,exercise,false,o004.petrunin.hint.ch05.017,perp.tex,hints.tex,admitted
55,o004.petrunin.ex.ch05.018,ex:tangent-circle,exercise,false,o004.petrunin.hint.ch05.017,perp.tex,hints.tex,admitted
56,o004.petrunin.ex.ch06.001,ex:mid-triangle,exercise,false,o004.petrunin.hint.ch06.001,similar.tex,hints.tex,admitted
57,o004.petrunin.ex.ch06.002,ex:k*triangle,exercise,false,o004.petrunin.hint.ch06.002,similar.tex,hints.tex,admitted
58,o004.petrunin.ex.ch06.003,ex:angle-preserving-euclid,exercise,false,o004.petrunin.hint.ch06.003,similar.tex,hints.tex,admitted
59,o004.petrunin.ex.ch06.004,ex:pyth,exercise,false,o004.petrunin.hint.ch06.004,similar.tex,hints.tex,admitted
60,o004.petrunin.ex.ch06.005,ex:pyth-conv,exercise,false,o004.petrunin.hint.ch06.005,similar.tex,hints.tex,admitted
61,o004.petrunin.ex.ch06.006,ex:two-pairs-sim,classroom-exercise,false,o004.petrunin.hint.ch06.006,similar.tex,hints.tex,admitted
62,o004.petrunin.ex.ch06.007,ex:ABC+D,exercise,false,o004.petrunin.hint.ch06.007,similar.tex,hints.tex,admitted
63,o004.petrunin.ex.ch06.008,ex:right-perp-bi,exercise,false,o004.petrunin.hint.ch06.008,similar.tex,hints.tex,admitted
64,o004.petrunin.ex.ch07.001,ex:perp-perp,advanced-exercise,true,o004.petrunin.hint.ch07.001,parallel.tex,hints.tex,translated-admitted
65,o004.petrunin.ex.ch07.002,ex:perp-perp:a,advanced-exercise-subpart,true,o004.petrunin.hint.ch07.001,parallel.tex,hints.tex,translated-admitted
66,o004.petrunin.ex.ch07.003,ex:perp-perp:b,advanced-exercise-subpart,true,o004.petrunin.hint.ch07.001,parallel.tex,hints.tex,translated-admitted
67,o004.petrunin.ex.ch07.004,ex:construction-parallel,exercise,false,o004.petrunin.hint.ch07.002,parallel.tex,hints.tex,translated-admitted
68,o004.petrunin.ex.ch07.005,ex:reflections,exercise,false,o004.petrunin.hint.ch07.003,parallel.tex,hints.tex,translated-admitted
69,o004.petrunin.ex.ch07.006,ex:parallel-angles,exercise,false,o004.petrunin.hint.ch07.004,parallel.tex,hints.tex,translated-admitted
70,o004.petrunin.ex.ch07.007,ex:smililar+parallel,advanced-exercise,true,o004.petrunin.hint.ch07.005,parallel.tex,hints.tex,translated-admitted
71,o004.petrunin.ex.ch07.008,ex:trisection,exercise,false,o004.petrunin.hint.ch07.006,parallel.tex,hints.tex,translated-admitted
72,o004.petrunin.ex.ch07.009,ex:|3sum|,advanced-classroom-exercise,true,o004.petrunin.hint.ch07.007,parallel.tex,hints.tex,translated-admitted
73,o004.petrunin.ex.ch07.010,ex:pent,exercise,false,o004.petrunin.hint.ch07.008,parallel.tex,hints.tex,translated-admitted
74,o004.petrunin.ex.ch07.011,ex:right-isos,exercise,false,o004.petrunin.hint.ch07.009,parallel.tex,hints.tex,translated-admitted
75,o004.petrunin.ex.ch07.012,ex:quadrangle,advanced-exercise,true,o004.petrunin.hint.ch07.010,parallel.tex,hints.tex,translated-admitted
76,o004.petrunin.ex.ch07.013,ex:4parallels,exercise,false,o004.petrunin.hint.ch07.011,parallel.tex,hints.tex,translated-admitted
77,o004.petrunin.ex.ch07.014,ex:romb,exercise,false,o004.petrunin.hint.ch07.012,parallel.tex,hints.tex,translated-admitted
78,o004.petrunin.ex.ch07.015,ex:rectangle,exercise,false,o004.petrunin.hint.ch07.013,parallel.tex,hints.tex,translated-admitted
79,o004.petrunin.ex.ch07.016,ex:romb2,exercise,false,o004.petrunin.hint.ch07.014,parallel.tex,hints.tex,translated-admitted
80,o004.petrunin.ex.ch07.017,ex:inscribed-rhombus,exercise,false,o004.petrunin.hint.ch07.015,parallel.tex,hints.tex,translated-admitted
81,o004.petrunin.ex.ch07.018,ex:coordinates,exercise,false,o004.petrunin.hint.ch07.016,parallel.tex,hints.tex,translated-admitted
82,o004.petrunin.ex.ch07.019,ex:abc,exercise,false,o004.petrunin.hint.ch07.017,parallel.tex,hints.tex,translated-admitted
83,o004.petrunin.ex.ch07.020,ex:line-coord,advanced-exercise,true,o004.petrunin.hint.ch07.018,parallel.tex,hints.tex,translated-admitted
84,o004.petrunin.ex.ch07.021,ex:line-coord:parameter,advanced-exercise-subpart,true,o004.petrunin.hint.ch07.018,parallel.tex,hints.tex,translated-admitted
85,o004.petrunin.ex.ch07.022,ex:circle-coord,exercise,false,o004.petrunin.hint.ch07.019,parallel.tex,hints.tex,translated-admitted
86,o004.petrunin.ex.ch07.023,ex:apolonnius,exercise,false,o004.petrunin.hint.ch07.020,parallel.tex,hints.tex,translated-admitted
87,o004.petrunin.ex.ch07.024,ex:apolonnius-construction,exercise,false,o004.petrunin.hint.ch07.021,parallel.tex,hints.tex,translated-admitted
88,o004.petrunin.ex.ch08.001,ex:unique-cline,exercise,true,o004.petrunin.hint.ch08.001,triangle.tex,hints.tex,translated-admitted
89,o004.petrunin.ex.ch08.002,ex:orthic-4,exercise,false,o004.petrunin.hint.ch08.002,triangle.tex,hints.tex,translated-admitted
90,o004.petrunin.ex.ch08.003,ex:orthic-sim,exercise,false,o004.petrunin.hint.ch08.003,triangle.tex,hints.tex,translated-admitted
91,o004.petrunin.ex.ch08.004,ex:midle,exercise,false,o004.petrunin.hint.ch08.004,triangle.tex,hints.tex,translated-admitted
92,o004.petrunin.ex.ch08.005,ex:euler-line,advanced-exercise,false,o004.petrunin.hint.ch08.005,triangle.tex,hints.tex,translated-admitted
93,o004.petrunin.ex.ch08.006,ex:perp-bisectors,classroom-exercise,false,o004.petrunin.hint.ch08.006,triangle.tex,hints.tex,translated-admitted
94,o004.petrunin.ex.ch08.007,ex:bisect=altitude,exercise,false,o004.petrunin.hint.ch08.007,triangle.tex,hints.tex,translated-admitted
95,o004.petrunin.ex.ch08.008,ex:ext-disect,exercise,false,o004.petrunin.hint.ch08.008,triangle.tex,hints.tex,translated-admitted
96,o004.petrunin.ex.ch08.009,ex:bisect=median,exercise,false,o004.petrunin.hint.ch08.009,triangle.tex,hints.tex,translated-admitted
97,o004.petrunin.ex.ch08.010,ex:bisector-parallel,exercise,false,o004.petrunin.hint.ch08.010,triangle.tex,hints.tex,translated-admitted
98,o004.petrunin.ex.ch08.011,ex:2x=b+c-a,exercise,false,o004.petrunin.hint.ch08.011,triangle.tex,hints.tex,translated-admitted
99,o004.petrunin.ex.ch08.012,ex:orthic-triangle,exercise,false,o004.petrunin.hint.ch08.012,triangle.tex,hints.tex,translated-admitted
100,o004.petrunin.ex.ch08.013,ex:bisector-incenter,exercise,false,o004.petrunin.hint.ch08.013,triangle.tex,hints.tex,translated-admitted
101,o004.petrunin.ex.ch09.001,ex:inscribed-angle,exercise,false,o004.petrunin.hint.ch09.001,inscribed-angle.tex,hints.tex,translated-admitted
102,o004.petrunin.ex.ch09.002,,exercise-subpart,false,o004.petrunin.hint.ch09.001,inscribed-angle.tex,hints.tex,translated-admitted
103,o004.petrunin.ex.ch09.003,ex:inscribed-angle:b,exercise-subpart,false,o004.petrunin.hint.ch09.001,inscribed-angle.tex,hints.tex,translated-admitted
104,o004.petrunin.ex.ch09.004,ex:inscribed-angle:power,exercise-subpart,false,o004.petrunin.hint.ch09.001,inscribed-angle.tex,hints.tex,translated-admitted
105,o004.petrunin.ex.ch09.005,ex:inscribed-hex,exercise,false,o004.petrunin.hint.ch09.002,inscribed-angle.tex,hints.tex,translated-admitted
106,o004.petrunin.ex.ch09.006,ex:altitudes-circumcircle,exercise,false,o004.petrunin.hint.ch09.003,inscribed-angle.tex,hints.tex,translated-admitted
107,o004.petrunin.ex.ch09.007,ex:two-chords,exercise,false,o004.petrunin.hint.ch09.004,inscribed-angle.tex,hints.tex,translated-admitted
108,o004.petrunin.ex.ch09.008,,exercise,false,,inscribed-angle.tex,,translated-admitted
109,o004.petrunin.ex.ch09.009,ex:tangent-construction-inscribed,exercise,false,o004.petrunin.hint.ch09.005,inscribed-angle.tex,hints.tex,translated-admitted
110,o004.petrunin.ex.ch09.010,ex:perp-construction-inscribed,exercise,false,o004.petrunin.hint.ch09.006,inscribed-angle.tex,hints.tex,translated-admitted
111,o004.petrunin.ex.ch09.011,ex:altitude+circles,exercise,false,o004.petrunin.hint.ch09.007,inscribed-angle.tex,hints.tex,translated-admitted
112,o004.petrunin.ex.ch09.012,ex:perpendicular-ruler,exercise,false,o004.petrunin.hint.ch09.008,inscribed-angle.tex,hints.tex,translated-admitted
113,o004.petrunin.ex.ch09.013,ex:tnagents+midpoint,exercise,false,o004.petrunin.hint.ch09.009,inscribed-angle.tex,hints.tex,translated-admitted
114,o004.petrunin.ex.ch09.014,ex:VVAA,exercise,false,o004.petrunin.hint.ch09.010,inscribed-angle.tex,hints.tex,translated-admitted
115,o004.petrunin.ex.ch09.015,ex:secant-circles,exercise,false,o004.petrunin.hint.ch09.011,inscribed-angle.tex,hints.tex,translated-admitted
116,o004.petrunin.ex.ch09.016,ex:perim+angle+side,advanced-exercise,false,o004.petrunin.hint.ch09.012,inscribed-angle.tex,hints.tex,translated-admitted
117,o004.petrunin.ex.ch09.017,ex:inaccuracy,exercise,false,o004.petrunin.hint.ch09.013,inscribed-angle.tex,hints.tex,translated-admitted
118,o004.petrunin.ex.ch09.018,ex:equilateral-2,exercise,false,o004.petrunin.hint.ch09.014,inscribed-angle.tex,hints.tex,translated-admitted
119,o004.petrunin.ex.ch09.019,ex:median-angle,exercise,false,o004.petrunin.hint.ch09.015,inscribed-angle.tex,hints.tex,translated-admitted
120,o004.petrunin.ex.ch09.020,ex:simson,advanced-exercise,false,o004.petrunin.hint.ch09.016,inscribed-angle.tex,hints.tex,translated-admitted
121,o004.petrunin.ex.ch09.021,ex:3x120,exercise,false,o004.petrunin.hint.ch09.017,inscribed-angle.tex,hints.tex,translated-admitted
122,o004.petrunin.ex.ch09.022,ex:a+b=c,exercise,false,o004.petrunin.hint.ch09.018,inscribed-angle.tex,hints.tex,translated-admitted
123,o004.petrunin.ex.ch09.023,ex:tangent-arc,exercise,false,o004.petrunin.hint.ch09.019,inscribed-angle.tex,hints.tex,translated-admitted
124,o004.petrunin.ex.ch09.024,ex:tangent-lim,exercise,false,o004.petrunin.hint.ch09.020,inscribed-angle.tex,hints.tex,translated-admitted
125,o004.petrunin.ex.ch09.025,ex:two-arcs,advanced-exercise,true,o004.petrunin.hint.ch09.021,inscribed-angle.tex,hints.tex,translated-admitted
126,o004.petrunin.ex.ch10.001,ex:constr-inversion,exercise,false,o004.petrunin.hint.ch10.001,inversion.tex,hints.tex,translated-admitted
127,o004.petrunin.ex.ch10.002,ex:appolo-circ,exercise,false,o004.petrunin.hint.ch10.002,inversion.tex,hints.tex,translated-admitted
128,o004.petrunin.ex.ch10.003,ex:incenter+inversion=orthocenter,exercise,false,o004.petrunin.hint.ch10.003,inversion.tex,hints.tex,translated-admitted
129,o004.petrunin.ex.ch10.004,ex:consturuction-of-inversion,exercise,true,o004.petrunin.hint.ch10.004,inversion.tex,hints.tex,translated-admitted
130,o004.petrunin.ex.ch10.005,ex:inv-center not=center-inv,exercise,true,o004.petrunin.hint.ch10.005,inversion.tex,hints.tex,translated-admitted
131,o004.petrunin.ex.ch10.006,ex:circumtool,exercise,true,o004.petrunin.hint.ch10.006,inversion.tex,hints.tex,translated-admitted
132,o004.petrunin.ex.ch10.007,ex:tangent-circ->parallels,exercise,false,o004.petrunin.hint.ch10.007,inversion.tex,hints.tex,translated-admitted
133,o004.petrunin.ex.ch10.008,ex:4-circles,exercise,false,o004.petrunin.hint.ch10.008,inversion.tex,hints.tex,translated-admitted
134,o004.petrunin.ex.ch10.009,ex:inverse,advanced-exercise,false,o004.petrunin.hint.ch10.009,inversion.tex,hints.tex,translated-admitted
135,o004.petrunin.ex.ch10.010,ex:inscribed+inv,exercise,false,o004.petrunin.hint.ch10.010,inversion.tex,hints.tex,translated-admitted
136,o004.petrunin.ex.ch10.011,ex:centers-of-perp-circles,exercise,false,o004.petrunin.hint.ch10.011,inversion.tex,hints.tex,translated-admitted
137,o004.petrunin.ex.ch10.012,ex:4-th-perp-circ,exercise,false,o004.petrunin.hint.ch10.012,inversion.tex,hints.tex,translated-admitted
138,o004.petrunin.ex.ch10.013,ex:construction-perp-clines,exercise,true,o004.petrunin.hint.ch10.013,inversion.tex,hints.tex,translated-admitted
139,o004.petrunin.ex.ch10.014,ex:3-construction-perp-clines,advanced-exercise,false,o004.petrunin.hint.ch10.014,inversion.tex,hints.tex,translated-admitted
140,o004.petrunin.ex.ch11.001,ex:tangent-angle-neutral,exercise,false,o004.petrunin.hint.ch11.001,absolute.tex,hints.tex,translated-admitted
141,o004.petrunin.ex.ch11.002,ex:abs-bisect=median,exercise,false,o004.petrunin.hint.ch11.002,absolute.tex,hints.tex,translated-admitted
142,o004.petrunin.ex.ch11.003,ex:abs-inscibed,exercise,false,o004.petrunin.hint.ch11.003,absolute.tex,hints.tex,translated-admitted
143,o004.petrunin.ex.ch11.004,ex:parallel-abs,exercise,true,o004.petrunin.hint.ch11.004,absolute.tex,hints.tex,translated-admitted
144,o004.petrunin.ex.ch11.005,ex:SAA,exercise,false,o004.petrunin.hint.ch11.005,absolute.tex,hints.tex,translated-admitted
145,o004.petrunin.ex.ch11.006,ex:chev<side,exercise,false,o004.petrunin.hint.ch11.006,absolute.tex,hints.tex,translated-admitted
146,o004.petrunin.ex.ch11.007,ex:neutral-quadrangle,exercise,false,o004.petrunin.hint.ch11.007,absolute.tex,hints.tex,translated-admitted
147,o004.petrunin.ex.ch11.008,ex:defect,classroom-exercise,true,o004.petrunin.hint.ch11.008,absolute.tex,hints.tex,translated-admitted
148,o004.petrunin.ex.ch11.009,ex:defect=,exercise,false,o004.petrunin.hint.ch11.009,absolute.tex,hints.tex,translated-admitted
149,o004.petrunin.ex.ch11.010,ex:neutral-rectangle,exercise,false,o004.petrunin.hint.ch11.010,absolute.tex,hints.tex,translated-admitted
150,o004.petrunin.ex.ch11.011,ex:neutral-rectangle+,advanced-exercise,false,o004.petrunin.hint.ch11.011,absolute.tex,hints.tex,translated-admitted
151,o004.petrunin.ex.ch12.001,ex:ideal-line-unique,exercise,true,o004.petrunin.hint.ch12.001,poincare.tex,hints.tex,translated-admitted
152,o004.petrunin.ex.ch12.002,ex:1ideal-line-unique,exercise,false,o004.petrunin.hint.ch12.002,poincare.tex,hints.tex,translated-admitted
153,o004.petrunin.ex.ch12.003,ex:line/h-line,classroom-exercise,true,o004.petrunin.hint.ch12.003,poincare.tex,hints.tex,translated-admitted
154,o004.petrunin.ex.ch12.004,ex:h-dist-eq,exercise,false,o004.petrunin.hint.ch12.004,poincare.tex,hints.tex,translated-admitted
155,o004.petrunin.ex.ch12.005,ex:h-perp-unique,exercise,false,o004.petrunin.hint.ch12.005,poincare.tex,hints.tex,translated-admitted
156,o004.petrunin.ex.ch12.006,ex:h-circle=circle,exercise,false,o004.petrunin.hint.ch12.006,poincare.tex,hints.tex,translated-admitted
157,o004.petrunin.ex.ch12.007,ex:3-h-lines,classroom-exercise,false,o004.petrunin.hint.ch12.007,poincare.tex,hints.tex,translated-admitted
158,o004.petrunin.ex.ch12.008,,classroom-exercise-subpart,false,o004.petrunin.hint.ch12.007,poincare.tex,hints.tex,translated-admitted
159,o004.petrunin.ex.ch12.009,,classroom-exercise-subpart,false,o004.petrunin.hint.ch12.007,poincare.tex,hints.tex,translated-admitted
160,o004.petrunin.ex.ch12.010,,classroom-exercise-subpart,false,o004.petrunin.hint.ch12.007,poincare.tex,hints.tex,translated-admitted
161,o004.petrunin.ex.ch12.011,ex:hyp-fun,exercise,false,,poincare.tex,,translated-admitted
162,o004.petrunin.ex.ch12.012,ex:O-h-dist,exercise,false,o004.petrunin.hint.ch12.008,poincare.tex,hints.tex,translated-admitted
163,o004.petrunin.ex.ch12.013,ex:cosh,advanced-exercise,true,o004.petrunin.hint.ch12.009,poincare.tex,hints.tex,translated-admitted
164,o004.petrunin.ex.ch12.014,ex:cosh/2,advanced-exercise-subpart,true,o004.petrunin.hint.ch12.009,poincare.tex,hints.tex,translated-admitted
165,o004.petrunin.ex.ch12.015,ex:coshsinh,advanced-exercise-subpart,true,o004.petrunin.hint.ch12.009,poincare.tex,hints.tex,translated-admitted
166,o004.petrunin.ex.ch12.016,ex:coshtanh,advanced-exercise-subpart,true,o004.petrunin.hint.ch12.009,poincare.tex,hints.tex,translated-admitted
167,o004.petrunin.ex.ch12.017,ex:coshcosh,advanced-exercise-subpart,true,o004.petrunin.hint.ch12.009,poincare.tex,hints.tex,translated-admitted
168,o004.petrunin.ex.ch13.001,ex:lambert-parallelism,exercise,false,o004.petrunin.hint.ch13.001,h-plane.tex,hints.tex,translated-admitted
169,o004.petrunin.ex.ch13.002,ex:ultra-parallel,exercise,false,o004.petrunin.hint.ch13.002,h-plane.tex,hints.tex,translated-admitted
170,o004.petrunin.ex.ch13.003,ex:right-angle-parallelism,exercise,false,o004.petrunin.hint.ch13.003,h-plane.tex,hints.tex,translated-admitted
171,o004.petrunin.ex.ch13.004,ex:small-angle,exercise,false,o004.petrunin.hint.ch13.004,h-plane.tex,hints.tex,translated-admitted
172,o004.petrunin.ex.ch13.005,ex:side-sup,exercise,false,o004.petrunin.hint.ch13.005,h-plane.tex,hints.tex,translated-admitted
173,o004.petrunin.ex.ch13.006,ex:equidistant-reflection,exercise,false,o004.petrunin.hint.ch13.006,h-plane.tex,hints.tex,translated-admitted
174,o004.petrunin.ex.ch13.007,ex:right-trig-horocycle,exercise,false,o004.petrunin.hint.ch13.007,h-plane.tex,hints.tex,translated-admitted
175,o004.petrunin.ex.ch13.008,ex:angle-preserving-hyp,exercise,false,o004.petrunin.hint.ch13.008,h-plane.tex,hints.tex,translated-admitted
176,o004.petrunin.ex.ch13.009,ex:circum,exercise,false,o004.petrunin.hint.ch13.009,h-plane.tex,hints.tex,translated-admitted
177,o004.petrunin.ex.ch13.010,ex:c+1>a+b,exercise,false,o004.petrunin.hint.ch13.010,h-plane.tex,hints.tex,translated-admitted
178,o004.petrunin.ex.ch14.001,ex:affine-par,classroom-exercise,true,o004.petrunin.hint.ch14.001,affine.tex,hints.tex,admitted
179,o004.petrunin.ex.ch14.002,ex:afine-linear,exercise,true,o004.petrunin.hint.ch14.002,affine.tex,hints.tex,admitted
180,o004.petrunin.ex.ch14.003,ex:collinear=affine,exercise,false,o004.petrunin.hint.ch14.003,affine.tex,hints.tex,admitted
181,o004.petrunin.ex.ch14.004,ex:circle=affine,exercise,false,o004.petrunin.hint.ch14.004,affine.tex,hints.tex,admitted
182,o004.petrunin.ex.ch14.005,ex:midpoint-affine,exercise,false,o004.petrunin.hint.ch14.005,affine.tex,hints.tex,admitted
183,o004.petrunin.ex.ch14.006,ex:R-hom,exercise,true,o004.petrunin.hint.ch14.006,affine.tex,hints.tex,admitted
184,o004.petrunin.ex.ch14.007,ex:center-circ-affine,exercise,false,o004.petrunin.hint.ch14.007,affine.tex,hints.tex,admitted
185,o004.petrunin.ex.ch14.008,ex:affine-perp,exercise,false,o004.petrunin.hint.ch14.008,affine.tex,hints.tex,admitted
186,o004.petrunin.ex.ch14.009,ex:parallelogram-rule,exercise,true,o004.petrunin.hint.ch14.009,affine.tex,hints.tex,admitted
187,o004.petrunin.ex.ch14.010,ex:affine-continuous,exercise,false,o004.petrunin.hint.ch14.010,affine.tex,hints.tex,admitted
188,o004.petrunin.ex.ch14.011,ex:affine-coordinates,exercise,false,o004.petrunin.hint.ch14.010,affine.tex,hints.tex,admitted
189,o004.petrunin.ex.ch14.012,ex:preserved-circle,exercise,false,o004.petrunin.hint.ch14.011,affine.tex,hints.tex,admitted
190,o004.petrunin.ex.ch14.013,ex:inversions-inversive,advanced-exercise,false,o004.petrunin.hint.ch14.012,affine.tex,hints.tex,admitted
191,o004.petrunin.ex.ch14.014,ex:f(1)=1,exercise,false,o004.petrunin.hint.ch14.013,affine.tex,hints.tex,admitted
192,o004.petrunin.ex.ch14.015,ex:ceva-affine,exercise,false,o004.petrunin.hint.ch14.014,affine.tex,hints.tex,admitted
193,o004.petrunin.ex.ch15.001,ex:proj-cross-ratio,exercise,false,o004.petrunin.hint.ch15.001,proj.tex,hints.tex,admitted
194,o004.petrunin.ex.ch15.002,ex:proj-cross-ratio=1,advanced-exercise,false,o004.petrunin.hint.ch15.002,proj.tex,hints.tex,admitted
195,o004.petrunin.ex.ch15.003,ex:pappus,exercise,false,o004.petrunin.hint.ch15.003,proj.tex,hints.tex,admitted
196,o004.petrunin.ex.ch15.004,ex:pappus-converse,exercise,false,o004.petrunin.hint.ch15.004,proj.tex,hints.tex,admitted
197,o004.petrunin.ex.ch15.005,ex:desargues-construction,exercise,false,o004.petrunin.hint.ch15.005,proj.tex,hints.tex,admitted
198,o004.petrunin.ex.ch15.006,ex:dual-configurations,exercise,false,o004.petrunin.hint.ch15.006,proj.tex,hints.tex,admitted
199,o004.petrunin.ex.ch15.007,ex:dual-euclid,exercise,false,o004.petrunin.hint.ch15.007,proj.tex,hints.tex,admitted
200,o004.petrunin.ex.ch15.008,ex:dula-coordinates,exercise,false,o004.petrunin.hint.ch15.008,proj.tex,hints.tex,admitted
201,o004.petrunin.ex.ch15.009,ex:dual-pappus,exercise,false,o004.petrunin.hint.ch15.009,proj.tex,hints.tex,admitted
202,o004.petrunin.ex.ch15.010,ex:dual-desargues-construction,exercise,false,o004.petrunin.hint.ch15.010,proj.tex,hints.tex,admitted
203,o004.petrunin.ex.ch15.011,ex:revert,exercise,false,o004.petrunin.hint.ch15.011,proj.tex,hints.tex,admitted
204,o004.petrunin.ex.ch15.012,ex:tangent ruler,exercise,false,o004.petrunin.hint.ch15.012,proj.tex,hints.tex,admitted
205,o004.petrunin.ex.ch15.013,ex:concentric-circ,exercise,false,o004.petrunin.hint.ch15.013,proj.tex,hints.tex,admitted
206,o004.petrunin.ex.ch15.014,ex:proj-perp,exercise,false,o004.petrunin.hint.ch15.014,proj.tex,hints.tex,admitted
207,o004.petrunin.ex.ch16.001,ex:defect-sphere,exercise,false,o004.petrunin.hint.ch16.001,sphere.tex,hints.tex,admitted
208,o004.petrunin.ex.ch16.002,ex:s-medians,exercise,false,o004.petrunin.hint.ch16.002,sphere.tex,hints.tex,admitted
209,o004.petrunin.ex.ch16.003,ex:s-altitudes,exercise,false,o004.petrunin.hint.ch16.003,sphere.tex,hints.tex,admitted
210,o004.petrunin.ex.ch16.004,ex:stereographic-inversion,exercise,false,o004.petrunin.hint.ch16.004,sphere.tex,hints.tex,admitted
211,o004.petrunin.ex.ch16.005,ex:great-circ,exercise,false,o004.petrunin.hint.ch16.005,sphere.tex,hints.tex,admitted
212,o004.petrunin.ex.ch16.006,ex:conform-sphere,exercise,false,o004.petrunin.hint.ch16.006,sphere.tex,hints.tex,admitted
213,o004.petrunin.ex.ch16.007,ex:cone,classroom-exercise,true,o004.petrunin.hint.ch16.007,sphere.tex,hints.tex,admitted
214,o004.petrunin.ex.ch16.008,ex:2(pi/4)=pi/3,exercise,false,o004.petrunin.hint.ch16.008,sphere.tex,hints.tex,admitted
215,o004.petrunin.ex.ch16.009,ex:taurinus,advanced-exercise,false,o004.petrunin.hint.ch16.009,sphere.tex,hints.tex,admitted
216,o004.petrunin.ex.ch17.001,ex:hex,exercise,false,o004.petrunin.hint.ch17.001,klein.tex,hints.tex,admitted
217,o004.petrunin.ex.ch17.002,ex:P<->hatP,exercise,false,o004.petrunin.hint.ch17.002,klein.tex,hints.tex,admitted
218,o004.petrunin.ex.ch17.003,ex:h-median,exercise,true,o004.petrunin.hint.ch17.003,klein.tex,hints.tex,admitted
219,o004.petrunin.ex.ch17.004,ex:h-altitudes,exercise,false,o004.petrunin.hint.ch17.004,klein.tex,hints.tex,admitted
220,o004.petrunin.ex.ch17.005,ex:klein-perp,exercise,true,o004.petrunin.hint.ch17.005,klein.tex,hints.tex,admitted
221,o004.petrunin.ex.ch17.006,ex:klein-for-angle-parallelism,exercise,true,o004.petrunin.hint.ch17.006,klein.tex,hints.tex,admitted
222,o004.petrunin.ex.ch17.007,ex:klein-inradius,exercise,false,o004.petrunin.hint.ch17.007,klein.tex,hints.tex,admitted
223,o004.petrunin.ex.ch17.008,ex:pyth-h-proj,advanced-exercise,false,o004.petrunin.hint.ch17.008,klein.tex,hints.tex,admitted
224,o004.petrunin.ex.ch17.009,ex:Boyai-in-Euclid,exercise,false,o004.petrunin.hint.ch17.009,klein.tex,hints.tex,admitted
225,o004.petrunin.ex.ch17.010,ex:common-perp,advanced-exercise,false,o004.petrunin.hint.ch17.010,klein.tex,hints.tex,admitted
226,o004.petrunin.ex.ch18.001,ex:|zw|,exercise,false,o004.petrunin.hint.ch18.001,complex.tex,hints.tex,admitted
227,o004.petrunin.ex.ch18.002,ex:ptolemy,exercise,false,o004.petrunin.hint.ch18.002,complex.tex,hints.tex,admitted
228,o004.petrunin.ex.ch18.003,ex:3-sum-C,exercise,false,o004.petrunin.hint.ch18.003,complex.tex,hints.tex,admitted
229,o004.petrunin.ex.ch18.004,ex:C-sim,exercise,false,o004.petrunin.hint.ch18.004,complex.tex,hints.tex,admitted
230,o004.petrunin.ex.ch18.005,ex:real-cross-ratio,exercise,false,o004.petrunin.hint.ch18.005,complex.tex,hints.tex,admitted
231,o004.petrunin.ex.ch18.006,ex:3-squares,exercise,false,o004.petrunin.hint.ch18.006,complex.tex,hints.tex,admitted
232,o004.petrunin.ex.ch18.007,ex:6-circles,exercise,false,o004.petrunin.hint.ch18.007,complex.tex,hints.tex,admitted
233,o004.petrunin.ex.ch18.008,ex:4-sim,exercise,false,o004.petrunin.hint.ch18.008,complex.tex,hints.tex,admitted
234,o004.petrunin.ex.ch18.009,ex:movie,exercise,false,,complex.tex,,admitted-no-source-hint
235,o004.petrunin.ex.ch18.010,ex:inverse-Mob,exercise,false,o004.petrunin.hint.ch18.010,complex.tex,hints.tex,admitted
236,o004.petrunin.ex.ch18.011,ex:3-point-Mob,exercise,false,o004.petrunin.hint.ch18.011,complex.tex,hints.tex,admitted
237,o004.petrunin.ex.ch18.012,ex:inversion-Mob,exercise,false,o004.petrunin.hint.ch18.012,complex.tex,hints.tex,admitted
238,o004.petrunin.ex.ch18.013,ex:C-cross-ratio,exercise,false,o004.petrunin.hint.ch18.013,complex.tex,hints.tex,admitted
239,o004.petrunin.ex.ch18.014,ex:schwarz-moebius,exercise,false,o004.petrunin.hint.ch18.014,complex.tex,hints.tex,admitted
240,o004.petrunin.ex.ch18.015,ex:schwarz-tanh,exercise,false,o004.petrunin.hint.ch18.015,complex.tex,hints.tex,admitted
241,o004.petrunin.ex.ch18.016,ex:schwarz,exercise,false,o004.petrunin.hint.ch18.016,complex.tex,hints.tex,admitted
242,o004.petrunin.ex.ch19.001,ex:a2/b,exercise,false,o004.petrunin.hint.ch19.001,car.tex,hints.tex,admitted
243,o004.petrunin.ex.ch19.002,ex:5-gon,exercise,false,o004.petrunin.hint.ch19.002,car.tex,hints.tex,admitted
244,o004.petrunin.ex.ch19.003,ex:trisect-set-square,exercise,false,o004.petrunin.hint.ch19.003,car.tex,hints.tex,admitted
245,o004.petrunin.ex.ch19.004,ex:equilateral triangle,exercise,false,o004.petrunin.hint.ch19.004,car.tex,hints.tex,admitted
246,o004.petrunin.ex.ch19.005,ex:set-square-bisect,exercise,false,o004.petrunin.hint.ch19.005,car.tex,hints.tex,admitted
247,o004.petrunin.ex.ch19.006,ex:90-60-30,advanced-exercise,false,o004.petrunin.hint.ch19.006,car.tex,hints.tex,admitted
248,o004.petrunin.ex.ch19.007,ex:equilateral triangle-verify,exercise,false,o004.petrunin.hint.ch19.007,car.tex,hints.tex,admitted
249,o004.petrunin.ex.ch19.008,ex:midpoint-proj,exercise,false,o004.petrunin.hint.ch19.008,car.tex,hints.tex,admitted
250,o004.petrunin.ex.ch19.009,ex:comparison,exercise,false,o004.petrunin.hint.ch19.009,car.tex,hints.tex,admitted
251,o004.petrunin.ex.ch20.001,ex:triangle-convex,exercise,false,o004.petrunin.hint.ch20.001,area.tex,hints.tex,admitted
252,o004.petrunin.ex.ch20.002,ex:vertex,exercise,false,o004.petrunin.hint.ch20.002,area.tex,hints.tex,admitted
253,o004.petrunin.ex.ch20.003,ex:solid-square,exercise,false,o004.petrunin.hint.ch20.003,area.tex,hints.tex,admitted
254,o004.petrunin.ex.ch20.004,ex:poly-circ,classroom-exercise,false,o004.petrunin.hint.ch20.004,area.tex,hints.tex,admitted
255,o004.petrunin.ex.ch20.005,ex:two-parallelograms,exercise,false,o004.petrunin.hint.ch20.005,area.tex,hints.tex,admitted
256,o004.petrunin.ex.ch20.006,ex:three-trig,exercise,false,o004.petrunin.hint.ch20.006,area.tex,hints.tex,admitted
257,o004.petrunin.ex.ch20.007,ex:half-parallelogram,exercise,false,o004.petrunin.hint.ch20.007,area.tex,hints.tex,admitted
258,o004.petrunin.ex.ch20.008,ex:area-diag,exercise,false,o004.petrunin.hint.ch20.008,area.tex,hints.tex,admitted
259,o004.petrunin.ex.ch20.009,ex:area-inradius,exercise,false,o004.petrunin.hint.ch20.009,area.tex,hints.tex,admitted
260,o004.petrunin.ex.ch20.010,ex:subdivision,exercise,false,o004.petrunin.hint.ch20.010,area.tex,hints.tex,admitted
261,o004.petrunin.ex.ch20.011,ex:pyth-2,exercise,false,o004.petrunin.hint.ch20.011,area.tex,hints.tex,admitted
262,o004.petrunin.ex.ch20.012,ex:sum-3-dist,exercise,false,o004.petrunin.hint.ch20.012,area.tex,hints.tex,admitted
263,o004.petrunin.ex.ch20.013,ex:area-medians,exercise,false,o004.petrunin.hint.ch20.013,area.tex,hints.tex,admitted
264,o004.petrunin.ex.ch20.014,ex:ceva,exercise,false,o004.petrunin.hint.ch20.014,area.tex,hints.tex,admitted
265,o004.petrunin.ex.ch20.015,ex:cross-ratio-area,exercise,false,o004.petrunin.hint.ch20.015,area.tex,hints.tex,admitted
266,o004.petrunin.ex.ch20.016,ex:circle-is-quadrable,exercise,false,o004.petrunin.hint.ch20.016,area.tex,hints.tex,admitted
